merchant_id,merchant_id_raw,merchant_name,mcc,mcc_source,mcc_category_conflict,merchant_category,merchant_category_raw,business_type,city,state,city_state_mismatch,onboarding_date,onboarding_in_future,settlement_account_type,settlement_account_last4,merchant_status,declared_avg_ticket_size,ticket_size_was_negative,id_record_count
MCH1001,MCH 1001,Anand-Kothari,5411,inferred_from_category,False,Grocery,kirana,Partnership,Pune,Maharashtra,False,2026-02-17 06:54:00,False,ACCOUNT_NUMBER,6762,ACTIVE,332.55,False,1
MCH1002,mch1002,"Apte, Saha and Edwin",5812,mcc_field,False,Restaurants,Food,Private Limited,Bengaluru,Karnataka,False,2026-01-07 09:01:00,False,MASKED,8596,ACTIVE,1671.2,False,1
MCH1003,MCH1003,"Nayar, Batta and Barad",5699,mcc_field,False,Apparel,Fashion,Private Limited,Chennai,Tamil Nadu,False,,False,MISSING,,ACTIVE,792.91,False,1
MCH1004,MCH 1004,Pillai-Mohan,4131,mcc_field,False,Transportation,TRAVEL,Sole Proprietor,Lucknow,Uttar Pradesh,False,2023-04-08 00:00:00,False,ACCOUNT_NUMBER,4449,ACTIVE,342.7,False,1
MCH1005,MCH 1005,Sagar and Sons,5912,mcc_field,False,Pharmacy,MEDICAL_STORE,Partnership,Ludhiana,Punjab,False,2024-02-06 00:00:00,False,VIRTUAL_ACCOUNT,9775,ACTIVE,967.53,False,1
MCH1007,MCH1007,Jain-Wadhwa,7011,mcc_field,False,Hotels & Lodging,HOTEL_LODGING,Private Limited,Chennai,Tamil Nadu,False,2025-06-30 00:00:00,False,MISSING,,INACTIVE,927.51,True,2
MCH1009,MCH1009,Bha11a-Dave,4131,inferred_from_category,False,Transportation,Bus/Taxi,Individual,Mumbai,Maharashtra,False,2024-01-08 00:00:00,False,VIRTUAL_ACCOUNT,3178,ACTIVE,1496.0,False,1
MCH1010,MCH1010,Menon-Andra,5411,inferred_from_category,False,Grocery,Grocery,Private Limited,Delhi,Delhi,False,2024-11-17 00:00:00,False,MASKED,4837,ACTIVE,678.36,False,1
MCH1011,MCH1011,Wable and Sons,5411,mcc_field,False,Grocery,groceries,Private Limited,Ludhiana,Punjab,False,2023-11-02 00:00:00,False,MISSING,,ACTIVE,6536.07,False,2
MCH1014,MCH1014,"Raghavan, Barad and Bahl",5812,mcc_field,False,Restaurants,Food,Partnership,Pune,Maharashtra,False,2024-03-23 00:00:00,False,VIRTUAL_ACCOUNT,3357,ACTIVE,,False,2
MCH1015,MCH-1015,Mannan-Subramaniam,7011,mcc_field,False,Hotels & Lodging,Hotels,Individual,Hyderabad,Telangana,False,2024-05-19 00:00:00,False,MISSING,,ACTIVE,1116.83,True,1
MCH1016,MCH1016,"Mangat, Som and Deshmukh",5942,mcc_field,False,Books & Stationery,BOOKS_STATIONERY,Individual,Pune,Maharashtra,False,2025-02-08 00:00:00,False,VIRTUAL_ACCOUNT,0615,SUSPENDED,756.28,False,3
MCH1018,MCH1018,Kannan-Khatri,5311,mcc_field,False,Department Stores,DEPT_STORE,Individual,Jalandhar,Punjab,False,2023-03-19 00:00:00,False,MISSING,,ACTIVE,1791.0,False,1
MCH1019,MCH1019,Iyer-Thaker,5699,mcc_field,False,Apparel,Clothing,Partnership,Kolkata,West Bengal,False,2025-05-23 00:00:00,False,MASKED,9462,ACTIVE,,False,1
MCH1020,MCH1020,Garg-Kale,4131,mcc_field,False,Transportation,transprt,Sole Proprietor,Amritsar,Punjab,False,2023-05-09 00:00:00,False,MISSING,,ACTIVE,1015.68,False,1
MCH1021,MCH1021,Naik-Karpe,5411,mcc_field,False,Grocery,Grocery,Sole Proprietor,Mumbai,Maharashtra,False,2025-11-16 17:48:36,False,VIRTUAL_ACCOUNT,7444,ACTIVE,2341.57,False,2
MCH1022,MCH1022,Ramesh-Bhat,5999,inferred_from_category,False,Misc Retail,Other,Private Limited,Hyderabad,Telangana,False,,False,MISSING,,ACTIVE,3026.17,False,1
MCH1032,MCH 1032,Nori-Nigam,7011,mcc_field,False,Hotels & Lodging,Hotels,Sole Proprietor,Pune,Maharashtra,False,2025-09-21 00:00:00,False,VIRTUAL_ACCOUNT,9058,ACTIVE,652.29,False,3
MCH1033,MCH-1033,Sidhu and Sons,4814,mcc_field,False,Telecom,phone service,Individual,Jalandhar,Punjab,False,2023-09-11 00:00:00,False,VIRTUAL_ACCOUNT,9623,ACTIVE,1871.48,False,2
MCH1034,MCH1034,Devi-Chaudhari,7011,mcc_field,False,Hotels & Lodging,Hospitality,Private Limited,Delhi,Delhi,False,2024-06-17 22:15:00,False,MASKED,9097,ACTIVE,243.38,False,1
MCH1035,MCH1035,Minhas-Khatri,5812,mcc_field,False,Restaurants,Restaurants,Sole Proprietor,Mumbai,Maharashtra,False,2024-01-24 00:00:00,False,VIRTUAL_ACCOUNT,9781,ACTIVE,5777.68,False,1
MCH1039,mch1039,Lal-Barad,4814,mcc_field,False,Telecom,TELECOM,Sole Proprietor,Lucknow,Uttar Pradesh,False,2025-07-28 00:43:00,False,MISSING,,ACTIVE,3062.03,False,2
MCH1040,MCH1040,Chand Plc,5912,mcc_field,False,Pharmacy,Medical,Individual,Pune,Maharashtra,False,2024-09-08 00:00:00,False,MISSING,,ACTIVE,653.92,False,2
MCH1041,MCH1041,Patla-Som,5699,inferred_from_category,False,Apparel,Fashion,Private Limited,Kolkata,West Bengal,False,2024-04-21 00:00:00,False,MISSING,,ACTIVE,3701.53,False,1
MCH1044,MCH 1044,"Jha, Salvi and Setty",5311,mcc_field,False,Department Stores,Retail,Partnership,Hyderabad,Telangana,False,2024-10-28 00:00:00,False,VIRTUAL_ACCOUNT,6020,ACTIVE,1084.93,False,1
MCH1047,MCH1047,Rana-Aurora,4814,mcc_field,False,Telecom,Telecom,Partnership,Bengaluru,Karnataka,False,2023-08-20 01:01:00,False,VIRTUAL_ACCOUNT,8675,ACTIVE,1003.46,False,2
MCH1050,mch1050,Trivedi-Zachariah,5699,mcc_field,False,Apparel,Apparel,Sole Proprietor,Jaipur,Rajasthan,False,2025-01-30 00:00:00,False,ACCOUNT_NUMBER,9602,ACTIVE,2479.88,False,1
MCH1053,MCH1053,"Gera, Grover and Sehgal",4814,mcc_field,False,Telecom,Mobile Recharge,Individual,Amritsar,Punjab,False,2025-02-22 00:00:00,False,MISSING,,ACTIVE,708.11,True,1
MCH1054,MCH1054,Cheema Ltd,5311,mcc_field,False,Department Stores,Department Store,Private Limited,Pune,Maharashtra,False,2023-05-27 00:00:00,False,MISSING,,ACTIVE,868.09,False,1
MCH1055,MCH 1055,Dhingra-Kapoor,5311,mcc_field,False,Department Stores,Retail,Partnership,Bengaluru,Karnataka,False,2024-12-30 03:08:34,False,ACCOUNT_NUMBER,6904,ACTIVE,770.74,True,1
MCH1056,MCH1056,Mital-Jhaveri,5311,mcc_field,False,Department Stores,Department Stores,Partnership,Amritsar,Punjab,False,2023-09-10 00:09:34,False,ACCOUNT_NUMBER,8589,ACTIVE,5938.05,False,1
MCH1058,MCH 1058,"Vyas,virkand Datta",5311,mcc_field,False,Department Stores,DEPT_STORE,Partnership,Pune,Maharashtra,False,2023-01-20 00:00:00,False,MASKED,0826,ACTIVE,1504.39,False,1
MCH1059,1059,Prasad Ltd,4814,mcc_field,False,Telecom,phone service,Partnership,Hyderabad,Telangana,False,2023-03-18 00:00:00,False,MASKED,9900,ACTIVE,4187.75,False,1
MCH1060,mch1060,"Subramaniam, Rama and Contractor",4131,mcc_field,False,Transportation,Transport,Individual,Hyderabad,Telangana,False,2024-05-02 09:00:14,False,VIRTUAL_ACCOUNT,8468,ACTIVE,480.0,False,3
MCH1063,MCH1063,"Samra, Sur and Venkataraman",5999,mcc_field,False,Misc Retail,Retail Other,Private Limited,Chennai,Tamil Nadu,False,2023-06-13 00:00:00,False,ACCOUNT_NUMBER,3551,ACTIVE,1297.7,False,1
MCH1064,1064,Nanda Ltd,5812,mcc_field,False,Restaurants,eating place,Individual,Amritsar,Punjab,False,2025-09-09 22:49:04,False,MISSING,,ACTIVE,1182.15,False,2
MCH1068,MCH1068,Mall-Palan,5999,inferred_from_category,False,Misc Retail,Other,Sole Proprietor,Jaipur,Rajasthan,False,2026-02-09 09:23:00,False,VIRTUAL_ACCOUNT,8422,ACTIVE,663.04,False,1
MCH1070,MCH-1070,Pandya Plc,5999,mcc_field,False,Misc Retail,Misc Retail,Private Limited,Chennai,Tamil Nadu,False,2024-09-03 00:00:00,False,MISSING,,ACTIVE,1259.2,False,1
MCH1071,MCH1071,"Keer, Roy and Narayanan",5912,inferred_from_category,False,Pharmacy,Medical,Sole Proprietor,Jaipur,Rajasthan,False,2025-04-17 00:00:00,False,ACCOUNT_NUMBER,5007,ACTIVE,619.21,False,3
MCH1072,MCH1072,Kalla-Khalsa,5812,mcc_field,False,Restaurants,Restaurants,Private Limited,Mumbai,Maharashtra,False,2025-11-10 00:00:00,False,MISSING,,INACTIVE,422.23,False,1
MCH1073,MCH 1073,"Dasgupta,rayand Dara",5912,inferred_from_category,False,Pharmacy,MEDICAL_STORE,Partnership,Lucknow,Uttar Pradesh,False,2024-09-22 00:00:00,False,MASKED,7293,SUSPENDED,1002.63,False,1
MCH1075,MCH-1075,Pingle-Mohan,5912,mcc_field,False,Pharmacy,Medical,Sole Proprietor,Ludhiana,Punjab,False,2025-02-24 00:00:00,False,MASKED,2118,ACTIVE,1639.19,False,2
MCH1077,1077,Taneja-Nagar,5411,mcc_field,False,Grocery,kirana,Individual,Amritsar,Punjab,False,2026-02-27 00:00:00,False,VIRTUAL_ACCOUNT,3624,ACTIVE,358.21,False,3
MCH1079,MCH1079,Sharaf and Sons,4814,inferred_from_category,False,Telecom,Mobile Recharge,Sole Proprietor,Pune,Maharashtra,False,2023-10-20 00:00:00,False,MISSING,,ACTIVE,455.39,False,1
MCH1081,MCH1081,Mistry Group,5812,mcc_field,False,Restaurants,FOOD_SERVICES,Private Limited,Mumbai,Maharashtra,False,2025-05-27 00:00:00,False,MASKED,5682,ACTIVE,2299.04,False,1
MCH1082,mch1082,Oommen Inc,7011,mcc_field,False,Hotels & Lodging,Hotel,Partnership,Amritsar,Punjab,False,,False,ACCOUNT_NUMBER,3820,ACTIVE,833.19,False,1
MCH1083,1083,Chaudhry-Bhat,5812,mcc_field,False,Restaurants,Food,Sole Proprietor,Jalandhar,Punjab,False,2025-04-30 00:00:00,False,VIRTUAL_ACCOUNT,6399,INACTIVE,730.39,False,2
MCH1084,1084,Krishnamurthy Inc,5999,mcc_field,False,Misc Retail,Other,Private Limited,Jalandhar,Punjab,False,2025-04-21 00:00:00,False,ACCOUNT_NUMBER,7487,ACTIVE,4469.21,False,1
MCH1086,MCH1086,Agrawal-Sule,5699,inferred_from_category,False,Apparel,Apparel,Individual,Ludhiana,Punjab,False,2023-11-13 00:00:00,False,MISSING,,ACTIVE,1355.59,False,1
MCH1087,MCH1087,"Mitter, Sawhney and Luthra",7011,mcc_field,False,Hotels & Lodging,Hotels,Partnership,Chennai,Tamil Nadu,False,2025-04-19 00:00:00,False,MISSING,,SUSPENDED,2381.71,False,1
MCH1089,MCH-1089,Randhawa-Barad,5942,mcc_field,False,Books & Stationery,BOOKS_STATIONERY,Individual,Jalandhar,Punjab,False,2025-06-12 00:00:00,False,MISSING,,ACTIVE,8714.78,False,2
MCH1093,mch1093,"Dubey, Uppal and Bhatt",5812,mcc_field,False,Restaurants,FOOD_SERVICES,Private Limited,Pune,Maharashtra,False,2025-04-26 00:00:00,False,MISSING,,CLOSED,4005.67,False,1
MCH1095,MCH 1095,Mander Group,4814,mcc_field,False,Telecom,phone service,Partnership,Kolkata,West Bengal,False,2023-01-30 03:08:00,False,MASKED,5510,ACTIVE,1277.94,False,1
MCH1096,MCH1096,Subramanian-Prasad,5699,mcc_field,False,Apparel,Fashion,Individual,Hyderabad,Telangana,False,2025-03-07 02:41:50,False,MISSING,,ACTIVE,8373.82,False,1
MCH1097,MCH1097,"Narayan, Datta and Chowdhury",5999,mcc_field,False,Misc Retail,Other,Individual,Lucknow,Uttar Pradesh,False,2025-05-09 00:00:00,False,MISSING,,ACTIVE,343.8,False,1
MCH1098,MCH1098,"Raval, Yadav and Yogi",7011,mcc_field,False,Hotels & Lodging,Hotel,Private Limited,Jaipur,Rajasthan,False,2023-12-01 00:00:00,False,MASKED,3614,ACTIVE,181.0,False,1
MCH1100,MCH1100,Swamy Inc,5311,mcc_field,False,Department Stores,Retail,Partnership,Ludhiana,Punjab,False,2024-08-17 00:00:00,False,ACCOUNT_NUMBER,3237,INACTIVE,2008.22,False,2
MCH1101,MCH1101,Ramaswamy-Prabhakar,5912,mcc_field,False,Pharmacy,Pharmacies,Sole Proprietor,Chennai,Tamil Nadu,False,2025-06-02 00:00:00,False,MISSING,,ACTIVE,8687.0,False,5
MCH1104,MCH1104,Chander LLC,4814,mcc_field,False,Telecom,Telecom,Private Limited,Delhi,Delhi,False,2024-09-05 00:00:00,False,MISSING,,ACTIVE,778.62,False,1
MCH1106,MCH1106,"Agrawal, Ganguly and Kalla",5411,mcc_field,False,Grocery,Grocery Stores,Private Limited,Delhi,Delhi,False,2024-08-25 00:00:00,False,VIRTUAL_ACCOUNT,5020,ACTIVE,1100.28,False,2
MCH1107,1107,Sen-Das,4814,inferred_from_category,False,Telecom,Mobile Recharge,Private Limited,Chennai,Tamil Nadu,False,2024-09-16 00:00:00,False,VIRTUAL_ACCOUNT,1555,ACTIVE,,False,1
MCH1109,MCH1109,Solanki Ltd,5311,mcc_field,False,Department Stores,Department Stores,Partnership,Mumbai,Maharashtra,False,2023-07-23 00:00:00,False,MASKED,9384,ACTIVE,1262.18,False,2
MCH1115,mch1115,Nadkarni LLC,4131,mcc_field,False,Transportation,transprt,Partnership,Jalandhar,Punjab,False,,False,MISSING,,ACTIVE,6943.0,False,1
MCH1118,mch1118,"Basak, Pillai and Arora",5999,mcc_field,False,Misc Retail,Retail Other,Private Limited,Chennai,Tamil Nadu,False,2026-01-06 00:00:00,False,MISSING,,ACTIVE,3933.25,False,2
MCH1122,MCH-1122,"Rana, Choudhury and Garde",5912,mcc_field,False,Pharmacy,Medical,Partnership,Ludhiana,Punjab,False,2024-11-30 00:00:00,False,MASKED,6047,ACTIVE,4792.92,False,2
MCH1124,MCH 1124,"Hayre, Chana and Bhasin",5699,mcc_field,False,Apparel,Clothing,Sole Proprietor,Jaipur,Rajasthan,False,2024-05-10 00:00:00,False,MISSING,,ACTIVE,843.01,False,2
MCH1126,1126,"Nayak, Dhaliwal and Soman",5411,mcc_field,False,Grocery,Grocery Stores,Partnership,Jalandhar,Punjab,False,2026-02-12 00:00:00,False,MISSING,,ACTIVE,564.83,False,1
MCH1128,MCH1128,Natt-Keer,5999,mcc_field,False,Misc Retail,Retail Other,Sole Proprietor,Hyderabad,Telangana,False,2026-01-10 12:42:55,False,MASKED,1918,ACTIVE,1028.32,False,2
MCH1130,mch1130,"Kothari, Singh and Sura",5311,mcc_field,False,Department Stores,Department Stores,Sole Proprietor,Ludhiana,Punjab,False,2025-09-20 00:31:00,False,MISSING,,ACTIVE,3514.91,False,2
MCH1132,MCH1132,Cheema Inc,5999,mcc_field,False,Misc Retail,Retail Other,Sole Proprietor,Ludhiana,Punjab,False,2023-09-10 00:00:00,False,ACCOUNT_NUMBER,7122,ACTIVE,,False,1
MCH1133,MCH1133,Shere Ltd,5912,mcc_field,False,Pharmacy,Pharmacies,Partnership,Bengaluru,Karnataka,False,2025-06-10 00:00:00,False,MISSING,,ACTIVE,11501.53,False,1
MCH1134,MCH1134,"Sani, Uppal and Pillai",5912,inferred_from_category,False,Pharmacy,Pharmacies,Partnership,Kolkata,West Bengal,False,2025-04-11 00:00:00,False,MISSING,,ACTIVE,6246.52,False,2
MCH1136,MCH1136,"Bahri, Kanda and Seth",5942,mcc_field,False,Books & Stationery,Book Store,Private Limited,Chennai,Tamil Nadu,False,2023-07-17 00:00:00,False,MASKED,4885,ACTIVE,896.84,False,1
MCH1138,MCH1138,"Shan,buchand Tank",5942,mcc_field,False,Books & Stationery,BOOKS_STATIONERY,Sole Proprietor,Bengaluru,Karnataka,False,2024-07-03 21:25:00,False,MASKED,0724,ACTIVE,1369.64,False,1
MCH1142,MCH1142,"Master, Soni and Kapadia",4814,mcc_field,False,Telecom,phone service,Sole Proprietor,Chennai,Tamil Nadu,False,2024-10-06 12:07:57,False,ACCOUNT_NUMBER,1051,ACTIVE,252.13,False,2
MCH1143,MCH1143,Arya-Khanna,4131,mcc_field,False,Transportation,transprt,Sole Proprietor,Jalandhar,Punjab,False,2023-08-16 00:00:00,False,ACCOUNT_NUMBER,0102,ACTIVE,486.39,False,1
MCH1144,MCH1144,Morar-Rattan,5699,mcc_field,False,Apparel,CLOTHS,Sole Proprietor,Jaipur,Rajasthan,False,2025-01-20 00:00:00,False,MISSING,,ACTIVE,1182.28,False,1
MCH1147,MCH1147,Dayal-Sabharwal,4814,mcc_field,False,Telecom,phone service,Individual,Kolkata,West Bengal,False,2023-11-23 00:00:00,False,MASKED,2380,INACTIVE,939.97,False,1
MCH1148,MCH1148,Deep-Manda,4131,mcc_field,False,Transportation,Bus/Taxi,Individual,Amritsar,Punjab,False,2025-06-15 00:35:23,False,MISSING,,ACTIVE,3461.0,False,1
MCH1152,MCH1152,Raman-Choudhury,5411,inferred_from_category,False,Grocery,Grocery,Partnership,Chennai,Tamil Nadu,False,2025-12-19 00:00:00,False,MASKED,0685,ACTIVE,233.0,False,1
MCH1153,MCH1153,"Oommen, Sastry and Varty",5311,mcc_field,False,Department Stores,Department Store,Private Limited,Amritsar,Punjab,False,2024-06-17 00:00:00,False,MASKED,3616,ACTIVE,873.51,False,2
MCH1154,MCH1154,"Oommen, Tata and Randhawa",7011,inferred_from_category,False,Hotels & Lodging,Hotel,Partnership,Kolkata,West Bengal,False,2025-04-18 00:00:00,False,VIRTUAL_ACCOUNT,6897,ACTIVE,655.3,False,3
MCH1155,MCH1155,Sha LLC,4131,mcc_field,False,Transportation,Transportation,Sole Proprietor,Amritsar,Punjab,False,2024-03-08 00:00:00,False,MISSING,,INACTIVE,1753.08,False,1
MCH1159,MCH-1159,De Ltd,5942,mcc_field,False,Books & Stationery,BOOKS_STATIONERY,Individual,Kolkata,West Bengal,False,2025-12-05 15:35:26,False,MISSING,,ACTIVE,1672.61,False,2
MCH1161,MCH1161,"Kuruvilla, Pall and Ravel",5411,mcc_field,False,Grocery,GROCERY_STORE,Private Limited,Jalandhar,Punjab,False,2023-12-29 00:00:00,False,MISSING,,ACTIVE,549.82,False,1
MCH1162,mch1162,"Anand, Mistry and Khare",5999,mcc_field,False,Misc Retail,Miscellaneous,Private Limited,Delhi,Delhi,False,2025-12-02 00:00:00,False,MASKED,2346,ACTIVE,1311.0,False,1
MCH1163,mch1163,"Gour, Comar and Palan",4814,mcc_field,False,Telecom,Telecom,Partnership,Ludhiana,Punjab,False,2025-10-25 00:00:00,False,VIRTUAL_ACCOUNT,5002,CLOSED,5449.73,False,2
MCH1164,MCH1164,Goda Plc,4131,mcc_field,False,Transportation,Transport,Partnership,Ludhiana,Punjab,False,2025-10-27 00:00:00,False,MISSING,,ACTIVE,953.0,False,1
MCH1168,MCH-1168,"Seshadri, Borah and Sachdeva",5912,inferred_from_category,False,Pharmacy,chemist,Individual,Pune,Maharashtra,False,2026-01-04 03:19:25,False,VIRTUAL_ACCOUNT,5162,ACTIVE,4780.41,False,3
MCH1169,MCH1169,Dey-Gupta,5812,mcc_field,False,Restaurants,eating place,Individual,Bengaluru,Karnataka,False,2023-03-17 00:00:00,False,ACCOUNT_NUMBER,3532,ACTIVE,1427.7,False,1
MCH1170,1170,"Wali, Bala and Sanghvi",5311,mcc_field,False,Department Stores,Department Store,Sole Proprietor,Bengaluru,Karnataka,False,2023-04-01 15:30:00,False,MISSING,,INACTIVE,1109.65,False,1
MCH1171,MCH1171,Sampath-Shroff,5912,mcc_field,False,Pharmacy,MEDICAL_STORE,Partnership,Delhi,Delhi,False,2026-01-19 05:21:00,False,MISSING,,ACTIVE,393.94,False,1
MCH1174,1174,Mander-Kari,5411,mcc_field,False,Grocery,groceries,Partnership,Jalandhar,Punjab,False,2023-05-01 00:00:00,False,MISSING,,ACTIVE,1013.97,False,1
MCH1177,MCH1177,"Mistry, Savant and Jha",4131,mcc_field,False,Transportation,Transportation,Sole Proprietor,Amritsar,Punjab,False,2025-08-29 18:32:00,False,MISSING,,ACTIVE,1663.99,False,1
MCH1179,MCH1179,Suresh-Chand,5942,mcc_field,False,Books & Stationery,Books,Partnership,Chennai,Tamil Nadu,False,2025-11-19 00:00:00,False,MISSING,,ACTIVE,,False,1
MCH1180,mch1180,Sangha and Sons,5411,mcc_field,False,Grocery,Grocery,Individual,Hyderabad,Telangana,False,2023-11-03 00:00:00,False,VIRTUAL_ACCOUNT,4983,ACTIVE,993.08,False,1
MCH1183,MCH1183,Rajan LLC,5812,mcc_field,False,Restaurants,FOOD_SERVICES,Private Limited,Bengaluru,Karnataka,False,2023-02-02 00:00:00,False,MISSING,,ACTIVE,1717.84,False,1
MCH1185,MCH1185,"Buch, Barad and Toor",5999,mcc_field,False,Misc Retail,Other,Partnership,Jalandhar,Punjab,False,2024-06-16 00:00:00,False,ACCOUNT_NUMBER,1490,ACTIVE,2955.34,False,1
MCH1188,MCH1188,Morar Ltd,5912,mcc_field,False,Pharmacy,Pharmacies,Individual,Hyderabad,Telangana,False,2024-02-19 00:00:00,False,ACCOUNT_NUMBER,1273,ACTIVE,1156.7,False,1
MCH1189,MCH1189,"Rai, Doctor and Dar",5699,mcc_field,False,Apparel,Apparel,Sole Proprietor,Mumbai,Maharashtra,False,2024-11-13 20:40:00,False,ACCOUNT_NUMBER,2970,ACTIVE,1513.0,False,1
MCH1191,MCH-1191,Raval Ltd,4814,mcc_field,False,Telecom,phone service,Individual,Kolkata,West Bengal,False,2023-01-19 00:18:56,False,MISSING,,INACTIVE,1670.52,False,1
MCH1193,MCH1193,"Padmanabhan, Sekhon and Dhawan",5812,mcc_field,False,Restaurants,Restaurants,Partnership,Lucknow,Uttar Pradesh,False,2025-01-16 00:00:00,False,MISSING,,ACTIVE,1712.05,False,1
MCH1195,MCH 1195,Cherian-Rana,4131,mcc_field,False,Transportation,Transport,Sole Proprietor,Jalandhar,Punjab,False,2025-09-09 00:00:00,False,MISSING,,ACTIVE,364.17,False,2
MCH1197,MCH1197,"Gaba, Wadhwa and Sahni",5411,mcc_field,False,Grocery,Grocery Stores,Private Limited,Mumbai,Maharashtra,False,2024-08-01 00:00:00,False,ACCOUNT_NUMBER,6682,ACTIVE,488.96,False,1
MCH1199,MCH-1199,"Chatterjee, Chada and Ghose",5812,mcc_field,False,Restaurants,eating place,Private Limited,Chennai,Tamil Nadu,False,2025-04-14 01:46:00,False,MISSING,,ACTIVE,6574.56,False,2
MCH1200,MCH 1200,Vora and Sons,5699,inferred_from_category,False,Apparel,CLOTHS,Private Limited,Pune,Maharashtra,False,2023-02-08 00:00:00,False,VIRTUAL_ACCOUNT,0910,ACTIVE,1072.0,False,1
MCH1202,MCH 1202,Koshy-Borde,5311,mcc_field,False,Department Stores,Retail,Partnership,Ludhiana,Punjab,False,2023-04-27 14:11:10,False,VIRTUAL_ACCOUNT,6772,ACTIVE,1998.99,False,1
MCH1204,1204,Rana Group,5311,mcc_field,False,Department Stores,Department Store,Private Limited,Jaipur,Rajasthan,False,2025-05-24 15:30:29,False,MISSING,,ACTIVE,733.33,False,1
MCH1207,MCH-1207,"Pillai, Oak and Barman",5812,mcc_field,False,Restaurants,Food,Individual,Delhi,Delhi,False,2024-04-11 00:00:00,False,MISSING,,ACTIVE,1280.08,False,1
MCH1210,MCH1210,"Dua, Buch and Kaul",5942,inferred_from_category,False,Books & Stationery,Book Store,Private Limited,Mumbai,Maharashtra,False,,False,ACCOUNT_NUMBER,0368,SUSPENDED,1903.0,False,1
MCH1211,MCH1211,"Munshi, Pai and Sibal",5311,mcc_field,False,Department Stores,Retail,Sole Proprietor,Delhi,Delhi,False,2023-01-04 00:00:00,False,VIRTUAL_ACCOUNT,7023,ACTIVE,296.16,False,1
MCH1213,MCH1213,Ray LLC,5912,mcc_field,False,Pharmacy,pharmacies,Partnership,Pune,Maharashtra,False,2024-01-07 18:33:52,False,ACCOUNT_NUMBER,8295,ACTIVE,1556.0,False,2
MCH1214,MCH1214,Padmanabhan Group,4814,mcc_field,False,Telecom,TELECOM,Individual,Amritsar,Punjab,False,2025-08-24 00:00:00,False,MISSING,,ACTIVE,362.46,True,2
MCH1216,MCH1216,Mani Ltd,5999,mcc_field,False,Misc Retail,Misc Retail,Sole Proprietor,Amritsar,Punjab,False,2025-04-05 19:50:02,False,VIRTUAL_ACCOUNT,4868,ACTIVE,228.0,False,3
MCH1219,MCH1219,Butala Ltd,5699,mcc_field,False,Apparel,garments,Sole Proprietor,Lucknow,Uttar Pradesh,False,2025-10-23 00:00:00,False,ACCOUNT_NUMBER,0262,ACTIVE,1046.51,False,3
MCH1221,MCH-1221,"Sastry, Kapoor and Varughese",5812,mcc_field,False,Restaurants,eating place,Partnership,Jalandhar,Punjab,False,2025-04-26 00:00:00,False,MISSING,,INACTIVE,3430.0,False,3
MCH1222,MCH-1222,Dass-Dugar,5411,mcc_field,False,Grocery,GROCERY_STORE,Sole Proprietor,Kolkata,West Bengal,False,2023-11-07 18:19:21,False,MISSING,,ACTIVE,,False,1
MCH1224,MCH1224,Setty-Sami,5942,mcc_field,False,Books & Stationery,Books,Individual,Kolkata,West Bengal,False,2023-09-02 05:59:00,False,ACCOUNT_NUMBER,4027,ACTIVE,609.48,False,1
MCH1226,MCH1226,"Apte, Pingle and Pal",7011,inferred_from_category,False,Hotels & Lodging,Hotel,Private Limited,Hyderabad,Telangana,False,2024-01-03 00:00:00,False,MISSING,,ACTIVE,2290.0,False,2
MCH1227,MCH1227,"Madan, More and Pal",5411,mcc_field,False,Grocery,GROCERY_STORE,Sole Proprietor,Hyderabad,Telangana,False,2025-12-08 00:01:00,False,ACCOUNT_NUMBER,3962,ACTIVE,1078.83,False,4
MCH1229,MCH1229,"Sen, Dewan and Tripathi",5942,mcc_field,False,Books & Stationery,Stationery,Private Limited,Amritsar,Punjab,False,2025-02-19 00:00:00,False,VIRTUAL_ACCOUNT,5791,ACTIVE,2028.74,False,2
MCH1233,MCH1233,"Upadhyay, Lall and Kala",5942,mcc_field,False,Books & Stationery,Books,Private Limited,Pune,Maharashtra,False,2024-07-19 00:00:00,False,MISSING,,ACTIVE,1465.98,True,1
MCH1234,MCH1234,"Shah, Pathak and Bera",7011,inferred_from_category,False,Hotels & Lodging,Hospitality,Partnership,Jaipur,Rajasthan,False,2025-10-06 00:00:00,False,MISSING,,ACTIVE,354.58,False,2
MCH1237,1237,Agarwal-Kibe,7011,mcc_field,False,Hotels & Lodging,Hospitality,Partnership,Mumbai,Maharashtra,False,2023-03-30 00:00:00,False,VIRTUAL_ACCOUNT,8784,ACTIVE,750.84,False,1
MCH1243,MCH-1243,"Buch, Atwal and Roy",5912,mcc_field,False,Pharmacy,MEDICAL_STORE,Partnership,Ludhiana,Punjab,False,2025-06-12 08:43:00,False,MISSING,,ACTIVE,1323.94,False,1
MCH1245,MCH1245,"Kumer, Varghese and Dhawan",5912,inferred_from_category,False,Pharmacy,chemist,Partnership,Pune,Maharashtra,False,2023-08-23 00:00:00,False,MISSING,,ACTIVE,725.32,False,1
MCH1247,MCH1247,"Nayak, Lala and Pillai",5411,mcc_field,False,Grocery,groceries,Sole Proprietor,Bengaluru,Karnataka,False,2023-01-19 00:00:00,False,ACCOUNT_NUMBER,7765,INACTIVE,677.02,False,1
MCH1249,MCH1249,"Garg, Saha and Rattan",5999,mcc_field,False,Misc Retail,Other,Partnership,Jalandhar,Punjab,False,2023-08-21 00:00:00,False,MISSING,,ACTIVE,854.43,True,2
MCH1250,MCH1250,Bhardwaj-Wable,4131,mcc_field,False,Transportation,Bus/Taxi,Private Limited,Pune,Maharashtra,False,2025-11-04 10:39:00,False,MISSING,,ACTIVE,515.0,False,3
MCH1254,MCH1254,Pant-Muni,4131,mcc_field,False,Transportation,TRAVEL,Partnership,Delhi,Delhi,False,2023-10-21 00:00:00,False,MISSING,,ACTIVE,781.27,False,1
MCH1255,mch1255,Lala and Sons,4814,mcc_field,False,Telecom,Telecom,Partnership,Kolkata,West Bengal,False,2023-07-19 00:00:00,False,ACCOUNT_NUMBER,2943,INACTIVE,772.22,False,2
MCH1256,MCH1256,Vala Inc,5912,mcc_field,False,Pharmacy,MEDICAL_STORE,Sole Proprietor,Kolkata,West Bengal,False,2025-01-17 00:00:00,False,MISSING,,BLOCKED,1415.24,False,1
MCH1257,MCH1257,Varma-Maharaj,5942,mcc_field,False,Books & Stationery,Books,Sole Proprietor,Kolkata,West Bengal,False,2023-04-15 16:16:00,False,VIRTUAL_ACCOUNT,1302,ACTIVE,3059.27,False,1
MCH1259,mch1259,"Wagle, Verma and Ramanathan",5912,inferred_from_category,False,Pharmacy,Medical,Private Limited,Jaipur,Rajasthan,False,2025-08-12 00:00:00,False,MISSING,,ACTIVE,548.2,False,1
MCH1260,1260,Kothari-Nadkarni,5699,mcc_field,False,Apparel,Clothing,Private Limited,Lucknow,Uttar Pradesh,False,2026-01-15 00:00:00,False,ACCOUNT_NUMBER,4093,ACTIVE,2375.4,False,2
MCH1261,MCH1261,"Cheema, Savant and Bakshi",5311,mcc_field,False,Department Stores,Retail,Sole Proprietor,Ludhiana,Punjab,False,2024-06-03 00:00:00,False,VIRTUAL_ACCOUNT,5867,CLOSED,,False,2
MCH1262,MCH 1262,Lad and Sons,7011,mcc_field,False,Hotels & Lodging,Hospitality,Individual,Jalandhar,Punjab,False,2025-11-17 01:26:45,False,MASKED,6412,ACTIVE,503.65,False,2
MCH1263,MCH1263,Memon-Choudhary,5912,mcc_field,False,Pharmacy,chemist,Private Limited,Hyderabad,Telangana,False,2025-11-27 22:51:46,False,MISSING,,ACTIVE,1888.17,False,3
MCH1267,MCH1267,Master-Tiwari,4814,mcc_field,False,Telecom,TELECOM,Private Limited,Lucknow,Uttar Pradesh,False,,False,MISSING,,INACTIVE,1213.17,False,1
MCH1268,MCH1268,Vyas Ltd,5311,mcc_field,False,Department Stores,Retail,Individual,Amritsar,Punjab,False,2023-06-28 00:00:00,False,MISSING,,ACTIVE,,False,1
MCH1269,MCH1269,Shukla Plc,5699,mcc_field,False,Apparel,Clothing,Individual,Hyderabad,Telangana,False,2025-03-03 19:00:09,False,MISSING,,ACTIVE,1758.28,False,1
MCH1270,MCH1270,Tiwari and Sons,5311,mcc_field,False,Department Stores,Department Store,Private Limited,Hyderabad,Telangana,False,2023-06-02 14:56:50,False,MISSING,,ACTIVE,1107.02,False,1
MCH1272,MCH1272,Garg Inc,4131,mcc_field,False,Transportation,Transportation,Partnership,Jaipur,Rajasthan,False,2023-05-28 22:37:00,False,ACCOUNT_NUMBER,7450,ACTIVE,549.87,False,1
MCH1275,MCH1275,Kata Group,7011,mcc_field,False,Hotels & Lodging,HOTEL_LODGING,Partnership,Lucknow,Uttar Pradesh,False,2025-09-11 07:33:00,False,MASKED,0284,ACTIVE,252.53,False,1
MCH1277,mch1277,Bhatnagar-Borah,5812,mcc_field,False,Restaurants,Restaurant,Individual,Kolkata,West Bengal,False,,False,ACCOUNT_NUMBER,3586,ACTIVE,3540.87,False,2
MCH1280,MCH1280,"Ben, Madan and Dey",5942,mcc_field,False,Books & Stationery,Books,Private Limited,Lucknow,Uttar Pradesh,False,2025-06-13 00:00:00,False,MISSING,,ACTIVE,1308.81,False,1
MCH1285,MCH1285,Hayer Plc,5912,mcc_field,False,Pharmacy,Medical,Individual,Bengaluru,Karnataka,False,2023-09-24 07:15:32,False,MISSING,,ACTIVE,436.7,False,1
MCH1288,MCH-1288,"Jain, Loke and Zacharia",4131,mcc_field,False,Transportation,transprt,Sole Proprietor,Bengaluru,Karnataka,False,2023-07-17 08:08:00,False,MASKED,2041,ACTIVE,915.81,False,1
MCH1292,MCH1292,Gera-Nayak,7011,mcc_field,False,Hotels & Lodging,HOTEL_LODGING,Sole Proprietor,Chennai,Tamil Nadu,False,2023-09-25 00:00:00,False,MISSING,,ACTIVE,267.0,False,1
MCH1293,MCH1293,"Kohli, Rajan and Nair",5699,mcc_field,False,Apparel,garments,Sole Proprietor,Jaipur,Rajasthan,False,2023-09-04 06:47:00,False,MASKED,7079,ACTIVE,915.17,False,1
MCH1294,MCH1294,Rajagopalan Group,5912,mcc_field,False,Pharmacy,Medical,Individual,Amritsar,Punjab,False,2024-08-29 05:38:00,False,MASKED,1888,ACTIVE,539.82,False,1
MCH1296,MCH1296,Gaba-Rama,5912,mcc_field,False,Pharmacy,MEDICAL_STORE,Individual,Delhi,Delhi,False,2023-01-16 00:00:00,False,ACCOUNT_NUMBER,4996,ACTIVE,2547.8,False,1
MCH1297,MCH1297,Luthra and Sons,5411,mcc_field,False,Grocery,Grocery Stores,Private Limited,Delhi,Delhi,False,2023-06-12 01:16:32,False,ACCOUNT_NUMBER,6474,ACTIVE,381.86,False,1
MCH1298,MCH1298,"Raghavan,reddyand Sangha",5942,mcc_field,False,Books & Stationery,Stationery,Sole Proprietor,Hyderabad,Telangana,False,2025-04-28 00:00:00,False,MASKED,0353,ACTIVE,364.92,False,1
MCH1299,MCH1299,Mutti Plc,5699,mcc_field,False,Apparel,Clothing,Partnership,Jaipur,Rajasthan,False,2023-06-27 00:00:00,False,ACCOUNT_NUMBER,8078,ACTIVE,605.64,False,1
MCH1304,mch1304,Sama Ltd,5912,mcc_field,False,Pharmacy,MEDICAL_STORE,Individual,Bengaluru,Karnataka,False,2024-02-27 00:00:00,False,ACCOUNT_NUMBER,3459,ACTIVE,4095.57,False,1
MCH1305,MCH1305,Ghose-Batta,4131,mcc_field,False,Transportation,Transport,Individual,Hyderabad,Telangana,False,2025-12-20 00:00:00,False,MISSING,,CLOSED,380.06,False,1
MCH1308,MCH1308,Subramaniam-Shankar,5912,mcc_field,False,Pharmacy,Pharmacy,Partnership,Bengaluru,Karnataka,False,2024-12-28 00:00:00,False,VIRTUAL_ACCOUNT,8030,INACTIVE,2112.78,False,1
MCH1309,MCH1309,"Jhaveri, Dasgupta and Kata",5699,mcc_field,False,Apparel,garments,Individual,Mumbai,Maharashtra,False,2023-09-20 00:00:00,False,MASKED,1715,ACTIVE,929.23,False,1
MCH1311,MCH1311,"Dugal, Munshi and Kunda",4814,mcc_field,False,Telecom,Telecom,Individual,Jaipur,Rajasthan,False,2025-03-27 21:22:00,False,MASKED,7230,ACTIVE,1605.92,False,1
MCH1314,MCH-1314,"Pant, Mammen and Doctor",5699,mcc_field,False,Apparel,Clothing,Individual,Jaipur,Rajasthan,False,2023-11-12 16:47:12,False,MISSING,,ACTIVE,1045.43,False,1
MCH1318,MCH1318,Gupta LLC,4814,mcc_field,False,Telecom,TELECOM,Private Limited,Jaipur,Rajasthan,False,,False,ACCOUNT_NUMBER,8505,ACTIVE,,False,1
MCH1320,MCH1320,Babu-Khatri,5699,mcc_field,False,Apparel,fashion,Individual,Kolkata,West Bengal,False,2023-11-24 10:52:12,False,MASKED,8923,SUSPENDED,,False,2
MCH1321,MCH1321,Borah-Dhaliwal,7011,mcc_field,False,Hotels & Lodging,Hospitality,Sole Proprietor,Amritsar,Punjab,False,2025-12-06 00:00:00,False,MASKED,0908,ACTIVE,7973.89,False,1
MCH1323,MCH1323,Dhar and Sons,5942,mcc_field,False,Books & Stationery,Books,Partnership,Amritsar,Punjab,False,,False,VIRTUAL_ACCOUNT,3064,ACTIVE,3792.9,True,1
MCH1324,mch1324,"Edwin, Savant and Tandon",7011,mcc_field,False,Hotels & Lodging,Hotel,Partnership,Bengaluru,Karnataka,False,2026-01-26 00:00:00,False,MISSING,,ACTIVE,1192.31,False,1
MCH1326,MCH1326,"Chaudhry, Agrawal and Sridhar",5942,mcc_field,False,Books & Stationery,Books,Sole Proprietor,Bengaluru,Karnataka,False,2024-05-20 00:00:00,False,VIRTUAL_ACCOUNT,1760,ACTIVE,177.58,False,1
MCH1327,MCH1327,Gandhi Plc,5699,mcc_field,False,Apparel,garments,Sole Proprietor,Lucknow,Uttar Pradesh,False,2023-11-02 00:00:00,False,MASKED,1458,ACTIVE,902.09,False,1
MCH1328,MCH1328,Buch and Sons,7011,mcc_field,False,Hotels & Lodging,Hotels,Sole Proprietor,Chennai,Tamil Nadu,False,2025-03-28 00:00:00,False,VIRTUAL_ACCOUNT,7471,ACTIVE,711.0,False,1
MCH1331,MCH1331,"Garg, Bobal and Jain",4131,mcc_field,False,Transportation,TRAVEL,Individual,Kolkata,West Bengal,False,2024-06-29 00:00:00,False,MISSING,,ACTIVE,3720.61,False,1
MCH1333,MCH1333,Sastry Plc,4814,mcc_field,False,Telecom,phone service,Individual,Amritsar,Punjab,False,2025-09-18 18:25:49,False,VIRTUAL_ACCOUNT,3234,CLOSED,1548.51,False,1
MCH1334,MCH1334,"Kalita, Sarraf and Bhardwaj",5999,mcc_field,False,Misc Retail,Retail Other,Individual,Bengaluru,Karnataka,False,2025-09-28 00:00:00,False,VIRTUAL_ACCOUNT,6498,ACTIVE,1780.83,False,1
MCH1335,MCH1335,"Wagle, Kamdar and Mallick",7011,mcc_field,False,Hotels & Lodging,Hospitality,Sole Proprietor,Mumbai,Maharashtra,False,2024-03-05 01:55:00,False,VIRTUAL_ACCOUNT,0853,SUSPENDED,398.0,False,1
MCH1336,MCH1336,Tandon-Pant,5311,mcc_field,False,Department Stores,Department Store,Sole Proprietor,Jaipur,Rajasthan,False,2025-09-04 05:40:18,False,VIRTUAL_ACCOUNT,0833,ACTIVE,991.0,False,4
MCH1340,MCH1340,"Dash, Saxena and Kara",4131,mcc_field,False,Transportation,Transport,Private Limited,Hyderabad,Telangana,False,2024-04-03 00:00:00,False,MISSING,,INACTIVE,4203.63,False,2
MCH1343,MCH1343,"Madan,trivediand Ganguly",5699,inferred_from_category,False,Apparel,garments,Individual,Bengaluru,Karnataka,False,2025-10-15 00:00:00,False,VIRTUAL_ACCOUNT,2769,ACTIVE,1927.76,False,2
MCH1345,MCH 1345,Bhat Inc,5311,mcc_field,False,Department Stores,Department Stores,Private Limited,Hyderabad,Telangana,False,2025-01-28 00:00:00,False,MASKED,9759,ACTIVE,1702.79,False,1
MCH1347,MCH1347,D’alia Group,7011,mcc_field,False,Hotels & Lodging,Hospitality,Private Limited,Chennai,Tamil Nadu,False,2023-07-02 00:00:00,False,MASKED,4418,ACTIVE,1739.0,False,1
MCH1349,MCH1349,Bahri and Sons,5912,mcc_field,False,Pharmacy,Pharmacies,Individual,Hyderabad,Telangana,False,2025-06-08 00:00:00,False,VIRTUAL_ACCOUNT,2214,ACTIVE,2320.2,False,3
MCH1350,mch1350,"Krishnamurthy, Dutt and Sura",4814,mcc_field,False,Telecom,phone service,Partnership,Mumbai,Maharashtra,False,2024-07-25 00:00:00,False,ACCOUNT_NUMBER,3878,ACTIVE,1360.18,False,1
MCH1352,MCH1352,"Bandi, Soman and Manne",5812,mcc_field,False,Restaurants,Food,Individual,Jalandhar,Punjab,False,2026-01-28 00:00:00,False,MISSING,,ACTIVE,4146.0,False,2
MCH1353,MCH1353,Chada and Sons,4131,mcc_field,False,Transportation,Bus/Taxi,Partnership,Jaipur,Rajasthan,False,2023-11-25 07:19:00,False,MISSING,,ACTIVE,2641.0,False,2
MCH1358,MCH1358,"Chaudry, Baral and Modi",4131,mcc_field,False,Transportation,Transportation,Individual,Ludhiana,Punjab,False,2025-06-07 00:00:00,False,ACCOUNT_NUMBER,3110,ACTIVE,2115.38,False,2
MCH1359,MCH1359,Palan-Minhas,5699,inferred_from_category,False,Apparel,CLOTHS,Individual,Chennai,Tamil Nadu,False,2024-08-24 00:00:00,False,MISSING,,ACTIVE,1891.91,False,1
MCH1363,MCH1363,Rattan-Shere,7011,mcc_field,False,Hotels & Lodging,HOTEL_LODGING,Sole Proprietor,Chennai,Tamil Nadu,False,2025-08-19 00:00:00,False,MISSING,,ACTIVE,926.5,False,1
MCH1364,MCH1364,Bal Group,5942,mcc_field,False,Books & Stationery,Book Store,Sole Proprietor,Lucknow,Uttar Pradesh,False,2025-02-21 00:00:00,False,MISSING,,ACTIVE,2000.66,True,3
MCH1365,MCH 1365,Agate Plc,5942,mcc_field,False,Books & Stationery,Stationery,Partnership,Pune,Maharashtra,False,2024-12-10 00:00:00,False,MISSING,,ACTIVE,2839.17,True,2
MCH1366,mch1366,"Shah, Roy and Srinivasan",5411,inferred_from_category,False,Grocery,Grocery,Sole Proprietor,Kolkata,West Bengal,False,2023-08-03 07:31:06,False,ACCOUNT_NUMBER,8837,ACTIVE,935.11,False,1
MCH1370,MCH1370,Wable LLC,4814,mcc_field,False,Telecom,Telecom,Private Limited,Jalandhar,Punjab,False,2023-11-19 00:00:00,False,ACCOUNT_NUMBER,4838,ACTIVE,3898.88,False,1
MCH1375,MCH1375,"Sahota, Johal and Shanker",5411,mcc_field,False,Grocery,groceries,Individual,Jalandhar,Punjab,False,2025-03-02 00:00:00,False,VIRTUAL_ACCOUNT,8619,SUSPENDED,1836.94,False,3
MCH1377,MCH1377,Sinha-Gaba,5411,mcc_field,False,Grocery,kirana,Private Limited,Pune,Maharashtra,False,2025-12-04 06:37:25,False,VIRTUAL_ACCOUNT,9909,INACTIVE,1471.43,False,2
MCH1378,MCH1378,Patil-Deshmukh,5311,mcc_field,False,Department Stores,DEPT_STORE,Private Limited,Chennai,Tamil Nadu,False,2023-10-09 00:00:00,False,VIRTUAL_ACCOUNT,6111,ACTIVE,387.99,False,1
MCH1379,MCH1379,Chokshi Ltd,5912,mcc_field,False,Pharmacy,MEDICAL_STORE,Individual,Chennai,Tamil Nadu,False,2024-01-23 00:00:00,False,MASKED,4340,ACTIVE,2729.5,False,1
MCH1380,MCH1380,Mahal-Khare,5999,mcc_field,False,Misc Retail,Miscellaneous,Private Limited,Mumbai,Maharashtra,False,2025-02-23 00:44:00,False,VIRTUAL_ACCOUNT,5068,ACTIVE,3004.0,False,2
MCH1383,mch1383,Dubey Group,5411,inferred_from_category,False,Grocery,Grocery,Individual,Hyderabad,Telangana,False,2023-09-03 16:33:00,False,VIRTUAL_ACCOUNT,1187,ACTIVE,,False,1
MCH1384,MCH1384,Naidu-Bhatti,5812,mcc_field,False,Restaurants,Restaurants,Individual,Ludhiana,Punjab,False,2024-03-04 00:00:00,False,MISSING,,ACTIVE,3910.34,False,2
MCH1387,MCH1387,Handa-Talwar,4131,mcc_field,False,Transportation,TRAVEL,Sole Proprietor,Lucknow,Uttar Pradesh,False,2023-10-05 03:18:00,False,MISSING,,ACTIVE,754.0,False,1
MCH1388,MCH1388,"Kala, Kunda and Pandit",5912,mcc_field,False,Pharmacy,Medical,Sole Proprietor,Bengaluru,Karnataka,False,2025-07-22 00:00:00,False,VIRTUAL_ACCOUNT,1143,ACTIVE,3155.43,False,1
MCH1389,MCH1389,Munshi-Behl,5411,mcc_field,False,Grocery,Grocery,Individual,Pune,Maharashtra,False,2023-06-17 00:00:00,False,MISSING,,ACTIVE,3913.0,False,1
MCH1391,1391,"Kale, Shroff and Barad",7011,mcc_field,False,Hotels & Lodging,Hotels,Individual,Kolkata,West Bengal,False,2025-10-31 06:57:00,False,MISSING,,BLOCKED,2757.0,False,1
MCH1392,MCH1392,Johal-Gaba,5912,mcc_field,False,Pharmacy,Medical,Private Limited,Pune,Maharashtra,False,2024-02-20 00:00:00,False,MASKED,9354,INACTIVE,4352.7,False,1
MCH1393,MCH1393,Hegde-Bahri,5912,mcc_field,False,Pharmacy,MEDICAL_STORE,Partnership,Ludhiana,Punjab,False,2024-11-15 00:00:00,False,VIRTUAL_ACCOUNT,5450,ACTIVE,6478.07,False,1
MCH1395,1395,Venkatesh LLC,5812,mcc_field,False,Restaurants,Restaurant,Partnership,Lucknow,Uttar Pradesh,False,2023-04-16 01:21:59,False,ACCOUNT_NUMBER,8547,ACTIVE,641.0,False,1
MCH1397,MCH1397,Memon LLC,5942,inferred_from_category,False,Books & Stationery,Stationery,Private Limited,Bengaluru,Karnataka,False,2025-04-18 00:00:00,False,MASKED,0515,ACTIVE,1062.38,False,2
MCH1400,MCH-1400,Kapoor-Bhalla,5699,mcc_field,False,Apparel,Apparel,Partnership,Chennai,Tamil Nadu,False,2023-05-17 00:00:00,False,MISSING,,ACTIVE,913.08,False,1
MCH1401,MCH1401,Din and Sons,5411,mcc_field,False,Grocery,Grocery,Individual,Amritsar,Punjab,False,2025-07-20 20:31:24,False,ACCOUNT_NUMBER,4397,ACTIVE,286.09,False,1
MCH1405,MCH1405,Chandra Inc,5311,mcc_field,False,Department Stores,Department Store,Partnership,Ludhiana,Punjab,False,2026-02-10 00:00:00,False,ACCOUNT_NUMBER,5460,INACTIVE,1248.0,False,2
MCH1406,MCH1406,Parmer-Goswami,7011,mcc_field,False,Hotels & Lodging,Hotels,Private Limited,Bengaluru,Karnataka,False,2024-07-11 00:00:00,False,MASKED,3050,ACTIVE,2632.53,False,1
MCH1409,MCH1409,Baral LLC,5912,mcc_field,False,Pharmacy,Medical,Individual,Hyderabad,Telangana,False,2023-03-06 00:00:00,False,MISSING,,ACTIVE,1891.12,True,1
MCH1417,MCH1417,"Sekhon, Parsa and Bandi",4814,mcc_field,False,Telecom,TELECOM,Sole Proprietor,Mumbai,Maharashtra,False,2026-01-26 00:00:00,False,MISSING,,ACTIVE,1501.66,False,1
MCH1420,MCH1420,Aggarwal-Garde,4131,mcc_field,False,Transportation,Bus/Taxi,Sole Proprietor,Mumbai,Maharashtra,False,2024-03-18 00:00:00,False,MASKED,4337,ACTIVE,830.85,False,3
MCH1422,MCH1422,Merchant and Sons,5912,mcc_field,False,Pharmacy,Pharmacy,Individual,Hyderabad,Telangana,False,2023-04-25 00:00:00,False,MISSING,,ACTIVE,4074.0,False,1
MCH1424,MCH1424,"Goel, Balay and Dua",7011,mcc_field,False,Hotels & Lodging,HOTEL_LODGING,Private Limited,Jalandhar,Punjab,False,2025-10-19 00:36:54,False,MISSING,,ACTIVE,5339.46,False,1
MCH1428,MCH 1428,De-Natarajan,4131,mcc_field,False,Transportation,Transportation,Individual,Mumbai,Maharashtra,False,2025-12-30 00:00:00,False,VIRTUAL_ACCOUNT,4750,ACTIVE,1289.0,False,1
MCH1429,MCH1429,Pal Ltd,5411,mcc_field,False,Grocery,Grocery,Individual,Jaipur,Rajasthan,False,2024-10-13 00:00:00,False,VIRTUAL_ACCOUNT,1285,ACTIVE,258.0,False,1
MCH1430,MCH1430,"Bhavsar, Dora and Singh",5812,mcc_field,False,Restaurants,Restaurant,Private Limited,Delhi,Delhi,False,2024-03-07 00:00:00,False,MISSING,,ACTIVE,238.76,False,1
MCH1434,MCH1434,Kale and Sons,5812,mcc_field,False,Restaurants,Restaurants,Private Limited,Jalandhar,Punjab,False,2023-04-25 00:00:00,False,ACCOUNT_NUMBER,9067,ACTIVE,985.73,False,1
MCH1438,MCH1438,"Memon, Chaudhuri and Choudhry",5812,mcc_field,False,Restaurants,Restaurants,Sole Proprietor,Amritsar,Punjab,False,2024-05-17 00:00:00,False,MISSING,,ACTIVE,2393.0,False,2
MCH1439,MCH-1439,Chawla Ltd,4131,inferred_from_category,False,Transportation,bus/taxi,Individual,Chennai,Tamil Nadu,False,2023-05-10 00:00:00,False,VIRTUAL_ACCOUNT,4366,ACTIVE,6190.53,False,2
MCH1441,MCH1441,"Kakar, Parsa and Sodhi",5999,mcc_field,False,Misc Retail,Miscellaneous,Partnership,Lucknow,Uttar Pradesh,False,2024-06-09 00:00:00,False,VIRTUAL_ACCOUNT,3512,ACTIVE,1723.15,False,1
MCH1442,MCH1442,Wadhwa-Walla,7011,mcc_field,False,Hotels & Lodging,Hotel,Private Limited,Pune,Maharashtra,False,2025-12-13 00:00:00,False,MISSING,,ACTIVE,1483.74,False,1
MCH1443,MCH1443,Swamy Plc,5999,mcc_field,False,Misc Retail,Misc Retail,Private Limited,Lucknow,Uttar Pradesh,False,2023-06-10 00:00:00,False,MISSING,,CLOSED,209.63,False,1
MCH1445,MCH1445,Wali Plc,5411,mcc_field,False,Grocery,groceries,Sole Proprietor,Hyderabad,Telangana,False,2023-11-09 17:23:59,False,ACCOUNT_NUMBER,3198,ACTIVE,1200.0,False,1
MCH1446,MCH1446,Sunder-Sathe,5311,mcc_field,False,Department Stores,Department Stores,Sole Proprietor,Chennai,Tamil Nadu,False,2024-11-18 00:00:00,False,MASKED,0028,ACTIVE,3885.08,False,1
MCH1447,MCH-1447,Uppal Ltd,5912,mcc_field,False,Pharmacy,Medical,Partnership,Lucknow,Uttar Pradesh,False,2026-02-20 00:00:00,False,MISSING,,ACTIVE,236.04,False,2
MCH1448,MCH1448,Tak and Sons,5999,mcc_field,False,Misc Retail,Other,Sole Proprietor,Mumbai,Maharashtra,False,2024-03-30 02:02:17,False,MASKED,9348,ACTIVE,2897.23,False,1
MCH1449,mch1449,"Chadha, Ramakrishnan and Badami",7011,mcc_field,False,Hotels & Lodging,HOTEL_LODGING,Partnership,Hyderabad,Telangana,False,2023-09-28 15:52:52,False,MISSING,,BLOCKED,1634.83,False,1
MCH1450,MCH1450,"Hora, Kunda and Dani",5311,mcc_field,False,Department Stores,Department Store,Sole Proprietor,Ludhiana,Punjab,False,2023-10-30 00:00:00,False,MASKED,1537,INACTIVE,1853.9,False,1
MCH1454,MCH1454,Mishra-Batra,5999,mcc_field,False,Misc Retail,Other,Sole Proprietor,Hyderabad,Telangana,False,2025-12-02 20:43:00,False,VIRTUAL_ACCOUNT,8660,ACTIVE,163.44,False,3
MCH1456,MCH1456,Madan-Ganesh,5699,mcc_field,False,Apparel,Apparel,Individual,Amritsar,Punjab,False,2025-11-01 00:00:00,False,MISSING,,ACTIVE,,False,1
MCH1457,MCH1457,Shetty Group,5999,mcc_field,False,Misc Retail,Other,Individual,Jalandhar,Punjab,False,2025-07-11 00:00:00,False,ACCOUNT_NUMBER,5554,ACTIVE,1159.43,False,1
MCH1458,MCH1458,Chatterjee-Saran,5311,inferred_from_category,False,Department Stores,Department Stores,Sole Proprietor,Jalandhar,Punjab,False,2025-05-09 00:00:00,False,MASKED,1187,INACTIVE,658.54,False,1
MCH1459,mch1459,"Palla, Saini and Date",7011,mcc_field,False,Hotels & Lodging,Hotel,Individual,Ludhiana,Punjab,False,2024-02-20 00:00:00,False,MISSING,,SUSPENDED,1582.79,False,1
MCH1462,MCH1462,Swamy Inc,5912,mcc_field,False,Pharmacy,chemist,Private Limited,Jalandhar,Punjab,False,2023-09-13 00:00:00,False,VIRTUAL_ACCOUNT,3880,INACTIVE,1411.0,False,1
MCH1465,MCH1465,"Shah, Solanki and Rajagopalan",5699,mcc_field,False,Apparel,garments,Individual,Lucknow,Uttar Pradesh,False,2024-10-04 00:00:00,False,MASKED,9396,SUSPENDED,725.72,False,2
MCH1469,mch1469,"Choudhury, Jani and Ramaswamy",5942,mcc_field,False,Books & Stationery,Books,Sole Proprietor,Bengaluru,Karnataka,False,2025-03-28 00:00:00,False,MASKED,9996,ACTIVE,416.0,False,1
MCH1473,MCH1473,Lata-Khurana,5912,inferred_from_category,False,Pharmacy,MEDICAL_STORE,Partnership,Hyderabad,Telangana,False,,False,MISSING,,INACTIVE,326.76,False,1
MCH1474,MCH1474,"Sami, Sur and Tank",4131,mcc_field,False,Transportation,Transportation,Private Limited,Pune,Maharashtra,False,,False,MASKED,6224,ACTIVE,1645.61,False,1
MCH1475,mch1475,"Bora, Bhakta and Aurora",5311,inferred_from_category,False,Department Stores,Department Stores,Private Limited,Kolkata,West Bengal,False,2024-06-11 00:00:00,False,ACCOUNT_NUMBER,8979,ACTIVE,1652.87,False,1
MCH1477,MCH-1477,Ahluwalia-Devan,5912,mcc_field,False,Pharmacy,MEDICAL_STORE,Partnership,Jaipur,Rajasthan,False,2024-04-15 00:00:00,False,MASKED,2364,ACTIVE,551.17,False,1
MCH1478,MCH1478,Sahota LLC,5912,mcc_field,False,Pharmacy,Pharmacies,Individual,Jaipur,Rajasthan,False,2024-09-12 18:14:03,False,ACCOUNT_NUMBER,4172,INACTIVE,2037.0,False,1
MCH1479,MCH1479,"Mandal, Barad and Srinivasan",5942,mcc_field,False,Books & Stationery,Books,Partnership,Kolkata,West Bengal,False,2025-07-27 00:00:00,False,MASKED,4686,ACTIVE,,False,1
MCH1480,MCH1480,Bala-Magar,5999,mcc_field,False,Misc Retail,Misc Retail,Individual,Hyderabad,Telangana,False,,False,MISSING,,ACTIVE,,False,1
MCH1482,MCH1482,"Bahri,sarinand Hora",5999,mcc_field,False,Misc Retail,Miscellaneous,Partnership,Hyderabad,Telangana,False,2024-01-26 00:00:00,False,ACCOUNT_NUMBER,8944,SUSPENDED,1651.0,False,1
MCH1483,MCH1483,Mohan-Kari,5942,mcc_field,False,Books & Stationery,Books,Private Limited,Amritsar,Punjab,False,2026-02-11 00:00:00,False,MASKED,3338,ACTIVE,1901.08,False,1
MCH1484,mch1484,"Uppal, Butala and Tata",7011,mcc_field,False,Hotels & Lodging,Hospitality,Individual,Bengaluru,Karnataka,False,2025-02-18 00:00:00,False,MISSING,,ACTIVE,3825.1,True,1
MCH1488,mch1488,"Chada, Gopal and Rajagopal",4814,mcc_field,False,Telecom,Mobile Recharge,Sole Proprietor,Jaipur,Rajasthan,False,2026-01-02 00:00:00,False,MISSING,,ACTIVE,1905.0,False,1
MCH1491,MCH 1491,"Sarna, Chand and Goda",4814,mcc_field,False,Telecom,Telecom,Sole Proprietor,Ludhiana,Punjab,False,2026-01-27 00:00:00,False,MISSING,,ACTIVE,1075.6,False,2
MCH1492,MCH1492,"Panchal, Bail and Nadkarni",5912,mcc_field,False,Pharmacy,Medical,Sole Proprietor,Jaipur,Rajasthan,False,2024-07-05 00:00:00,False,MISSING,,SUSPENDED,6674.02,False,2
MCH1493,mch1493,"Kar, Nath and Koshy",5942,mcc_field,False,Books & Stationery,BOOKS_STATIONERY,Individual,Bengaluru,Karnataka,False,2023-01-28 00:00:00,False,MASKED,9866,ACTIVE,,False,1
MCH1494,mch1494,Joshi-Bala,5311,mcc_field,False,Department Stores,Retail,Sole Proprietor,Mumbai,Maharashtra,False,2023-12-07 00:00:00,False,VIRTUAL_ACCOUNT,5210,ACTIVE,997.33,False,2
MCH1497,MCH 1497,Lanka Plc,5912,mcc_field,False,Pharmacy,Medical,Private Limited,Amritsar,Punjab,False,2025-09-24 00:00:00,False,MISSING,,ACTIVE,1817.0,False,1
MCH1498,MCH1498,Deo-Mand,5999,mcc_field,False,Misc Retail,Retail Other,Sole Proprietor,Chennai,Tamil Nadu,False,2025-03-01 00:00:00,False,MISSING,,ACTIVE,1460.33,False,1
MCH1501,MCH1501,Anand-Bhatt,4814,mcc_field,False,Telecom,Telecom,Partnership,Hyderabad,Telangana,False,2025-11-07 00:00:00,False,MASKED,2933,ACTIVE,4185.6,False,1
MCH1506,MCH1506,Gandhi-Loke,5912,mcc_field,False,Pharmacy,Pharmacies,Partnership,Chennai,Tamil Nadu,False,2024-06-13 17:59:00,False,MISSING,,ACTIVE,967.0,False,1
MCH1509,MCH 1509,"Rajan, Dash and Bora",4131,inferred_from_category,False,Transportation,Transportation,Private Limited,Amritsar,Punjab,False,2025-04-26 00:00:00,False,MISSING,,INACTIVE,806.0,False,1
MCH1514,MCH1514,"Lata, Raja and Parsa",5311,mcc_field,False,Department Stores,Retail,Private Limited,Jalandhar,Punjab,False,2024-06-14 17:26:04,False,MASKED,1457,ACTIVE,553.18,False,1
MCH1515,MCH1515,"Mall, Kara and Sastry",5699,mcc_field,False,Apparel,CLOTHS,Partnership,Hyderabad,Telangana,False,2024-07-19 00:00:00,False,ACCOUNT_NUMBER,1658,ACTIVE,,False,1
MCH1516,MCH1516,Loyal and Sons,5999,mcc_field,False,Misc Retail,Misc Retail,Private Limited,Ludhiana,Punjab,False,2023-01-12 14:16:00,False,MASKED,1307,ACTIVE,1471.99,False,1
MCH1518,MCH1518,"Deol, Mand and Bhattacharyya",4131,mcc_field,False,Transportation,Transportation,Partnership,Jaipur,Rajasthan,False,2023-09-17 16:16:07,False,MISSING,,SUSPENDED,862.0,False,2
MCH1522,MCH1522,Mody Inc,5912,mcc_field,False,Pharmacy,Pharmacy,Sole Proprietor,Jaipur,Rajasthan,False,2024-08-04 00:00:00,False,MISSING,,ACTIVE,631.57,False,1
MCH1525,MCH1525,Sant-Bhavsar,5942,mcc_field,False,Books & Stationery,Books,Individual,Jaipur,Rajasthan,False,2023-09-10 00:00:00,False,MASKED,7524,ACTIVE,754.82,False,1
MCH1526,MCH1526,Chowdhury and Sons,4814,mcc_field,False,Telecom,Mobile Recharge,Sole Proprietor,Bengaluru,Karnataka,False,2023-07-14 00:00:00,False,VIRTUAL_ACCOUNT,8357,ACTIVE,2697.93,False,1
MCH1529,MCH1529,"Sangha,banerjeeand Sengupta",7011,mcc_field,False,Hotels & Lodging,Hospitality,Private Limited,Ludhiana,Punjab,False,2023-02-06 00:00:00,False,MISSING,,INACTIVE,1257.59,False,1
MCH1530,MCH1530,"Suresh, Kadakia and Iyer",5912,mcc_field,False,Pharmacy,Medical,Private Limited,Jalandhar,Punjab,False,2024-08-23 14:54:00,False,MISSING,,ACTIVE,158.58,False,2
MCH1531,MCH1531,Savant and Sons,7011,mcc_field,False,Hotels & Lodging,Hotel,Private Limited,Delhi,Delhi,False,2026-02-10 00:00:00,False,MISSING,,CLOSED,1019.94,False,1
MCH1532,1532,Sarna-Kota,5999,mcc_field,False,Misc Retail,Miscellaneous,Private Limited,Delhi,Delhi,False,2024-10-21 00:00:00,False,MISSING,,ACTIVE,4843.68,False,1
MCH1533,MCH1533,Wason and Sons,5812,mcc_field,False,Restaurants,eating place,Partnership,Amritsar,Punjab,False,2025-03-27 07:32:49,False,MISSING,,INACTIVE,419.64,False,1
MCH1534,1534,"Merchant, Sarna and Korpal",5912,mcc_field,False,Pharmacy,chemist,Private Limited,Hyderabad,Telangana,False,2023-04-02 14:45:00,False,MISSING,,CLOSED,3752.5,False,1
MCH1537,MCH1537,Goswami-Sibal,5812,mcc_field,False,Restaurants,FOOD_SERVICES,Partnership,Hyderabad,Telangana,False,2023-04-05 00:00:00,False,VIRTUAL_ACCOUNT,4176,ACTIVE,360.35,False,1
MCH1540,MCH1540,Dave LLC,5942,mcc_field,False,Books & Stationery,BOOKS_STATIONERY,Sole Proprietor,Mumbai,Maharashtra,False,2024-05-21 00:00:00,False,MISSING,,ACTIVE,525.0,False,2
MCH1541,MCH1541,Bhattacharyya-Hans,7011,mcc_field,False,Hotels & Lodging,Hotels,Private Limited,Kolkata,West Bengal,False,2024-03-24 00:00:00,False,MASKED,2848,ACTIVE,621.01,False,2
MCH1543,1543,Parmer Group,4131,mcc_field,False,Transportation,TRAVEL,Individual,Hyderabad,Telangana,False,2025-02-04 20:13:00,False,MISSING,,ACTIVE,1064.76,False,1
MCH1551,MCH1551,Malhotra-Subramanian,5812,mcc_field,False,Restaurants,eating place,Partnership,Pune,Maharashtra,False,2024-06-13 00:00:00,False,MISSING,,ACTIVE,1909.07,False,1
MCH1552,MCH 1552,Uppal Plc,4131,mcc_field,False,Transportation,transprt,Sole Proprietor,Hyderabad,Telangana,False,,False,MISSING,,ACTIVE,1136.0,False,1
MCH1553,MCH-1553,Basu-Varma,5942,mcc_field,False,Books & Stationery,Book Store,Sole Proprietor,Kolkata,West Bengal,False,,False,MISSING,,ACTIVE,1630.0,False,1
MCH1555,MCH1555,Raj LLC,5942,mcc_field,False,Books & Stationery,Stationery,Individual,Pune,Maharashtra,False,2023-04-23 00:00:00,False,MISSING,,ACTIVE,602.0,False,1
MCH1558,MCH1558,Shroff-Khanna,4814,mcc_field,False,Telecom,Telecom,Partnership,Bengaluru,Karnataka,False,2023-01-20 12:52:42,False,MISSING,,ACTIVE,1953.35,False,1
MCH1561,MCH1561,Gera-Kota,5942,mcc_field,False,Books & Stationery,Books,Sole Proprietor,Jaipur,Rajasthan,False,2024-06-15 00:00:00,False,ACCOUNT_NUMBER,1390,INACTIVE,530.0,False,1
MCH1563,MCH1563,Mandal-Biswas,4814,mcc_field,False,Telecom,Telecom,Partnership,Jaipur,Rajasthan,False,2023-11-10 00:00:00,False,ACCOUNT_NUMBER,1568,SUSPENDED,376.51,True,1
MCH1567,MCH1567,Bhargava-Bora,5812,mcc_field,False,Restaurants,Food,Private Limited,Jalandhar,Punjab,False,2024-12-20 00:00:00,False,VIRTUAL_ACCOUNT,0981,ACTIVE,101.33,False,3
MCH1568,MCH1568,Chandran Ltd,7011,mcc_field,False,Hotels & Lodging,HOTEL_LODGING,Sole Proprietor,Lucknow,Uttar Pradesh,False,2024-09-04 00:00:00,False,MISSING,,ACTIVE,3618.31,False,1
MCH1569,MCH1569,"Bal, Wali and Sheth",4814,mcc_field,False,Telecom,Mobile Recharge,Private Limited,Chennai,Tamil Nadu,False,2025-10-11 00:00:00,False,MASKED,9971,ACTIVE,1678.57,False,1
MCH1571,MCH1571,"Rao, Viswanathan and Joshi",4131,mcc_field,False,Transportation,transprt,Sole Proprietor,Chennai,Tamil Nadu,False,2023-08-03 04:40:51,False,MISSING,,ACTIVE,866.2,False,1
MCH1573,mch1573,"Tailor, Som and Soni",4814,mcc_field,False,Telecom,phone service,Partnership,Jalandhar,Punjab,False,2023-12-11 00:00:00,False,MISSING,,ACTIVE,540.2,False,1
MCH1578,mch1578,Gala Ltd,5999,mcc_field,False,Misc Retail,Miscellaneous,Individual,Bengaluru,Karnataka,False,2023-04-13 00:00:00,False,MISSING,,ACTIVE,446.42,False,1
MCH1580,MCH1580,"Subramaniam, Krishnamurthy and Din",5999,mcc_field,False,Misc Retail,Miscellaneous,Sole Proprietor,Kolkata,West Bengal,False,2025-08-01 00:00:00,False,VIRTUAL_ACCOUNT,4680,ACTIVE,2992.77,False,1
MCH1581,MCH1581,"Nayak, Verma and Sawhney",5311,mcc_field,False,Department Stores,Department Stores,Partnership,Mumbai,Maharashtra,False,2025-01-11 00:00:00,False,MISSING,,ACTIVE,3655.93,False,1
MCH1583,MCH1583,Sarin-More,5812,mcc_field,False,Restaurants,Restaurants,Private Limited,Amritsar,Punjab,False,2023-10-05 00:00:00,False,ACCOUNT_NUMBER,5303,ACTIVE,1435.48,False,1
MCH1585,MCH1585,Khalsa-Kulkarni,5311,mcc_field,False,Department Stores,DEPT_STORE,Partnership,Delhi,Delhi,False,2023-05-22 00:00:00,False,MASKED,6587,ACTIVE,3398.13,False,1
MCH1587,mch1587,Srivastava-Saha,5912,mcc_field,False,Pharmacy,Pharmacies,Private Limited,Kolkata,West Bengal,False,,False,MASKED,9260,ACTIVE,1502.0,False,1
MCH1588,MCH1588,Doctor Ltd,4131,mcc_field,False,Transportation,Transportation,Individual,Ludhiana,Punjab,False,2025-07-27 00:00:00,False,MASKED,2866,SUSPENDED,1791.21,False,1
MCH1591,MCH1591,Ramaswamy-Babu,5311,mcc_field,False,Department Stores,DEPT_STORE,Partnership,Amritsar,Punjab,False,2024-04-18 00:00:00,False,MISSING,,ACTIVE,1638.46,False,1
MCH1592,MCH 1592,Agate Inc,5311,mcc_field,False,Department Stores,Retail,Private Limited,Hyderabad,Telangana,False,2025-01-30 02:00:41,False,VIRTUAL_ACCOUNT,6046,SUSPENDED,1072.45,False,2
MCH1593,MCH1593,Wali-Murthy,5999,mcc_field,False,Misc Retail,Miscellaneous,Sole Proprietor,Bengaluru,Karnataka,False,2026-02-23 12:14:26,False,MASKED,7216,ACTIVE,15388.22,False,1
MCH1594,MCH1594,Bera Inc,5999,mcc_field,False,Misc Retail,Retail Other,Private Limited,Amritsar,Punjab,False,2024-09-05 00:00:00,False,ACCOUNT_NUMBER,5213,ACTIVE,2187.43,False,1
MCH1599,MCH1599,Rastogi-Kumer,5311,mcc_field,False,Department Stores,Department Store,Partnership,Jalandhar,Punjab,False,2025-12-25 00:00:00,False,VIRTUAL_ACCOUNT,0848,ACTIVE,361.82,False,1
MCH1600,MCH1600,"Warrior, Anand and Kata",5311,mcc_field,False,Department Stores,Department Store,Individual,Chennai,Tamil Nadu,False,2025-10-07 00:00:00,False,VIRTUAL_ACCOUNT,3478,ACTIVE,2937.03,False,1
MCH1605,MCH1605,Kar-Peri,5999,inferred_from_category,False,Misc Retail,Misc Retail,Individual,Delhi,Delhi,False,2025-12-14 20:52:47,False,MISSING,,ACTIVE,3940.67,False,3
MCH1609,MCH1609,Ram-Palla,4814,mcc_field,False,Telecom,Mobile Recharge,Private Limited,Mumbai,Maharashtra,False,2023-07-17 21:30:00,False,ACCOUNT_NUMBER,6822,ACTIVE,554.3,False,1
MCH1610,mch1610,Sodhi-Parekh,5411,mcc_field,False,Grocery,GROCERY_STORE,Partnership,Amritsar,Punjab,False,,False,MASKED,7277,ACTIVE,1488.13,False,1
MCH1611,MCH1611,Karan-Kibe,5411,inferred_from_category,False,Grocery,groceries,Sole Proprietor,Jalandhar,Punjab,False,2024-03-06 00:00:00,False,MISSING,,ACTIVE,343.64,False,1
MCH1612,mch1612,"Andra, Chana and Saha",5812,mcc_field,False,Restaurants,eating place,Sole Proprietor,Lucknow,Uttar Pradesh,False,2025-10-27 00:00:00,False,ACCOUNT_NUMBER,5332,INACTIVE,655.56,False,3
MCH1616,MCH1616,"Suresh, Borra and Ganesh",4814,mcc_field,False,Telecom,Telecom,Individual,Chennai,Tamil Nadu,False,2023-11-10 00:00:00,False,MISSING,,ACTIVE,2818.0,False,1
MCH1617,MCH1617,Cherian LLC,5311,mcc_field,False,Department Stores,DEPT_STORE,Individual,Hyderabad,Telangana,False,2024-02-09 07:13:57,False,ACCOUNT_NUMBER,5477,ACTIVE,11340.36,True,1
MCH1618,MCH-1618,Muni Ltd,5812,mcc_field,False,Restaurants,Restaurant,Individual,Delhi,Delhi,False,2023-11-01 18:31:16,False,MISSING,,ACTIVE,1051.73,False,1
MCH1619,MCH1619,Divan-Bhatti,5912,mcc_field,False,Pharmacy,Pharmacy,Sole Proprietor,Delhi,Delhi,False,2025-12-24 00:00:00,False,MISSING,,ACTIVE,477.85,False,1
MCH1621,MCH1621,Pandey-Soni,5812,mcc_field,False,Restaurants,Restaurant,Sole Proprietor,Pune,Maharashtra,False,2023-11-15 00:00:00,False,MASKED,4420,CLOSED,769.0,False,1
MCH1625,MCH1625,"Bora, Hayer and Koshy",5999,inferred_from_category,False,Misc Retail,Miscellaneous,Individual,Bengaluru,Karnataka,False,2024-10-24 00:32:36,False,VIRTUAL_ACCOUNT,7298,ACTIVE,1201.74,True,4
MCH1626,1626,"Pau, Iyengar and Khare",5999,mcc_field,False,Misc Retail,Misc Retail,Sole Proprietor,Delhi,Delhi,False,2025-07-12 00:00:00,False,MASKED,6353,ACTIVE,550.42,False,1
MCH1627,MCH1627,Dua Ltd,5999,mcc_field,False,Misc Retail,Miscellaneous,Private Limited,Lucknow,Uttar Pradesh,False,2024-07-31 00:00:00,False,MISSING,,ACTIVE,160.25,False,1
MCH1628,1628,"Rao, Buch and Kala",5912,mcc_field,False,Pharmacy,Pharmacy,Individual,Lucknow,Uttar Pradesh,False,2025-01-08 16:04:25,False,MISSING,,ACTIVE,789.95,False,1
MCH1630,1630,Yogi-Agate,5942,mcc_field,False,Books & Stationery,Book Store,Partnership,Kolkata,West Bengal,False,2023-10-31 00:00:00,False,MASKED,1041,ACTIVE,444.27,False,1
MCH1636,MCH1636,"Natt, Mitter and Oza",7011,mcc_field,False,Hotels & Lodging,HOTEL_LODGING,Sole Proprietor,Delhi,Delhi,False,2025-01-17 21:22:17,False,MISSING,,ACTIVE,987.0,False,2
MCH1639,mch1639,"Borah, Dhaliwal and Morar",5999,mcc_field,False,Misc Retail,Misc Retail,Partnership,Kolkata,West Bengal,False,2024-11-14 10:51:00,False,MASKED,3629,ACTIVE,7799.0,False,2
MCH1640,MCH1640,Trivedi-Agrawal,5411,mcc_field,False,Grocery,kirana,Private Limited,Jalandhar,Punjab,False,2025-01-25 11:29:34,False,VIRTUAL_ACCOUNT,5072,ACTIVE,2316.65,False,3
MCH1641,MCH1641,Bali LLC,5999,mcc_field,False,Misc Retail,Other,Sole Proprietor,Delhi,Delhi,False,,False,MISSING,,ACTIVE,3239.36,True,1
MCH1642,mch1642,Zacharia-Dhawan,5411,mcc_field,False,Grocery,GROCERY_STORE,Partnership,Kolkata,West Bengal,False,2023-01-02 04:08:32,False,MASKED,3812,ACTIVE,363.0,False,1
MCH1645,1645,Savant-Singhal,5942,mcc_field,False,Books & Stationery,Books,Sole Proprietor,Chennai,Tamil Nadu,False,2024-04-19 00:00:00,False,VIRTUAL_ACCOUNT,4534,ACTIVE,337.0,False,1
MCH1646,MCH1646,Golla and Sons,5411,inferred_from_category,False,Grocery,groceries,Individual,Mumbai,Maharashtra,False,2024-09-23 00:00:00,False,MISSING,,INACTIVE,790.28,True,2
MCH1647,mch1647,Narula LLC,5699,mcc_field,False,Apparel,Fashion,Individual,Ludhiana,Punjab,False,2024-05-10 18:51:00,False,ACCOUNT_NUMBER,2369,BLOCKED,1898.14,False,1
MCH1649,MCH-1649,Venkatesh Plc,5812,mcc_field,False,Restaurants,Food,Private Limited,Delhi,Delhi,False,2024-03-08 17:27:00,False,ACCOUNT_NUMBER,8789,BLOCKED,851.41,False,1
MCH1651,MCH1651,Kumar Inc,5942,mcc_field,False,Books & Stationery,BOOKS_STATIONERY,Sole Proprietor,Mumbai,Maharashtra,False,2024-09-03 00:00:00,False,MASKED,7749,ACTIVE,1249.76,False,1
MCH1652,MCH1652,Tripathi-Vasa,5311,mcc_field,False,Department Stores,DEPT_STORE,Private Limited,Amritsar,Punjab,False,2025-08-03 00:00:00,False,ACCOUNT_NUMBER,6821,INACTIVE,1419.63,False,1
MCH1653,MCH1653,Mitra Inc,7011,mcc_field,False,Hotels & Lodging,HOTEL_LODGING,Sole Proprietor,Chennai,Tamil Nadu,False,,False,MASKED,9573,ACTIVE,1669.53,False,1
MCH1654,MCH-1654,More Plc,5999,mcc_field,False,Misc Retail,Retail Other,Individual,Bengaluru,Karnataka,False,2025-02-18 00:00:00,False,MISSING,,ACTIVE,2598.19,False,2
MCH1656,MCH1656,Dhar Plc,5311,mcc_field,False,Department Stores,Department Store,Partnership,Amritsar,Punjab,False,2025-05-29 22:52:00,False,VIRTUAL_ACCOUNT,3908,ACTIVE,2992.0,False,1
MCH1657,MCH1657,"Kaur, Sandhu and Shanker",5699,mcc_field,False,Apparel,CLOTHS,Private Limited,Mumbai,Maharashtra,False,2025-01-14 15:44:00,False,MISSING,,ACTIVE,1224.96,False,1
MCH1658,MCH1658,Khatri-Mohanty,5812,mcc_field,False,Restaurants,Restaurants,Sole Proprietor,Jaipur,Rajasthan,False,2025-08-08 00:00:00,False,VIRTUAL_ACCOUNT,3603,INACTIVE,2016.79,False,1
MCH1661,MCH1661,Kothari-Dara,5912,mcc_field,False,Pharmacy,MEDICAL_STORE,Partnership,Hyderabad,Telangana,False,2026-01-16 22:10:04,False,MASKED,7371,ACTIVE,,False,2
MCH1663,MCH 1663,"Edwin, Kala and Barad",4131,mcc_field,False,Transportation,Bus/Taxi,Individual,Chennai,Tamil Nadu,False,2024-07-04 00:00:00,False,VIRTUAL_ACCOUNT,6430,ACTIVE,449.21,False,1
MCH1664,MCH1664,Karan Ltd,4131,mcc_field,False,Transportation,TRAVEL,Partnership,Chennai,Tamil Nadu,False,2025-06-02 00:00:00,False,MASKED,0248,ACTIVE,,False,1
MCH1665,MCH1665,Salvi Group,5699,mcc_field,False,Apparel,Clothing,Individual,Bengaluru,Karnataka,False,2025-11-30 00:00:00,False,VIRTUAL_ACCOUNT,6481,ACTIVE,946.53,False,1
MCH1667,MCH-1667,Prashad-Samra,5812,mcc_field,False,Restaurants,Restaurant,Private Limited,Delhi,Delhi,False,2025-10-20 03:57:00,False,MASKED,1144,ACTIVE,7788.38,False,2
MCH1674,MCH1674,"Bansal, Babu and Bansal",5699,mcc_field,False,Apparel,CLOTHS,Individual,Chennai,Tamil Nadu,False,2024-11-03 05:59:00,False,MISSING,,ACTIVE,811.0,False,2
MCH1675,MCH 1675,"Dey, Sathe and Sibal",4131,mcc_field,False,Transportation,Transport,Private Limited,Chennai,Tamil Nadu,False,2025-09-11 00:00:00,False,VIRTUAL_ACCOUNT,8422,ACTIVE,1577.75,False,4
MCH1676,MCH1676,"Palla, Gupta and Narain",4814,mcc_field,False,Telecom,Telecom,Sole Proprietor,Jalandhar,Punjab,False,2025-11-27 17:23:23,False,MISSING,,ACTIVE,750.53,False,1
MCH1679,MCH1679,"Chawla, Sura and Pal",4131,mcc_field,False,Transportation,Bus/Taxi,Individual,Lucknow,Uttar Pradesh,False,2026-01-30 14:56:48,False,MASKED,9878,SUSPENDED,1030.0,False,1
MCH1680,MCH-1680,"Dube, Sekhon and Nagarajan",5699,mcc_field,False,Apparel,CLOTHS,Sole Proprietor,Ludhiana,Punjab,False,2025-02-03 01:50:32,False,MISSING,,ACTIVE,855.0,False,1
MCH1683,mch1683,"Sampath, Anne and Madan",5812,mcc_field,False,Restaurants,FOOD_SERVICES,Partnership,Chennai,Tamil Nadu,False,2026-02-14 00:00:00,False,MASKED,9435,ACTIVE,2458.98,False,1
MCH1686,MCH1686,Chokshi and Sons,5942,mcc_field,False,Books & Stationery,Stationery,Individual,Bengaluru,Karnataka,False,2024-02-02 00:00:00,False,MISSING,,ACTIVE,1116.34,False,1
MCH1696,1696,Prakash-Dhar,5411,mcc_field,False,Grocery,kirana,Partnership,Bengaluru,Karnataka,False,2025-09-01 00:00:00,False,VIRTUAL_ACCOUNT,6178,ACTIVE,567.04,False,2
MCH1697,MCH-1697,Sodhi-Ramakrishnan,4814,mcc_field,False,Telecom,Telecom,Private Limited,Lucknow,Uttar Pradesh,False,2023-04-13 07:04:31,False,VIRTUAL_ACCOUNT,2438,SUSPENDED,1234.06,False,1
MCH1704,MCH1704,"Shukla, Hari and Chopra",4131,mcc_field,False,Transportation,transprt,Sole Proprietor,Lucknow,Uttar Pradesh,False,2023-08-04 00:00:00,False,MISSING,,CLOSED,2965.45,False,1
MCH1706,MCH1706,"Vala, Nagarajan and Saxena",5311,mcc_field,False,Department Stores,DEPT_STORE,Partnership,Mumbai,Maharashtra,False,2023-08-27 00:00:00,False,MASKED,3189,INACTIVE,513.27,False,3
MCH1709,MCH1709,Sachdeva-Khanna,5999,mcc_field,False,Misc Retail,Other,Partnership,Chennai,Tamil Nadu,False,2023-08-25 07:56:38,False,MASKED,5946,ACTIVE,481.17,False,1
MCH1710,mch1710,"Tara, Dash and Pau",5912,mcc_field,False,Pharmacy,Pharmacies,Partnership,Lucknow,Uttar Pradesh,False,2026-02-26 00:00:00,False,MISSING,,ACTIVE,804.19,False,2
MCH1711,MCH1711,"Sastry, Kota and Merchant",5411,mcc_field,False,Grocery,kirana,Sole Proprietor,Ludhiana,Punjab,False,2023-12-17 08:04:00,False,VIRTUAL_ACCOUNT,7058,ACTIVE,1991.22,False,1
MCH1713,MCH1713,Dubey Inc,5812,mcc_field,False,Restaurants,Restaurants,Sole Proprietor,Kolkata,West Bengal,False,2025-06-02 00:00:00,False,MASKED,0557,ACTIVE,1132.0,False,1
MCH1714,MCH1714,Sampath LLC,5699,mcc_field,False,Apparel,Fashion,Partnership,Lucknow,Uttar Pradesh,False,2026-02-17 00:00:00,False,ACCOUNT_NUMBER,0748,ACTIVE,585.92,False,2
MCH1718,MCH1718,Wason-Vaidya,5311,mcc_field,False,Department Stores,Retail,Private Limited,Jalandhar,Punjab,False,2025-04-04 17:19:00,False,MISSING,,ACTIVE,705.66,False,2
MCH1721,MCH 1721,"Mammen, Kala and Gara",7011,mcc_field,False,Hotels & Lodging,Hotel,Individual,Kolkata,West Bengal,False,2023-10-07 01:39:20,False,MISSING,,ACTIVE,1736.83,False,1
MCH1722,MCH1722,Patel-Warrior,7011,mcc_field,False,Hotels & Lodging,HOTEL_LODGING,Individual,Kolkata,West Bengal,False,2025-03-15 00:00:00,False,MASKED,3839,ACTIVE,420.0,False,1
MCH1725,MCH1725,"Narayanan, Thaker and Sandhu",5999,mcc_field,False,Misc Retail,Retail Other,Partnership,Jaipur,Rajasthan,False,2025-02-15 04:37:51,False,MASKED,2721,ACTIVE,385.5,False,1
MCH1726,MCH1726,Raja and Sons,4131,mcc_field,False,Transportation,Transportation,Private Limited,Delhi,Delhi,False,2025-12-13 00:00:00,False,MISSING,,ACTIVE,639.24,False,1
MCH1727,MCH1727,Chacko LLC,5999,mcc_field,False,Misc Retail,Retail Other,Partnership,Amritsar,Punjab,False,2023-07-23 00:00:00,False,MISSING,,ACTIVE,1914.68,False,1
MCH1729,MCH1729,Ganesh Plc,5812,mcc_field,False,Restaurants,FOOD_SERVICES,Private Limited,Hyderabad,Telangana,False,2025-05-23 00:00:00,False,MASKED,6365,ACTIVE,,False,2
MCH1730,1730,Buch Ltd,5699,mcc_field,False,Apparel,Fashion,Individual,Kolkata,West Bengal,False,2023-04-25 00:00:00,False,MISSING,,ACTIVE,813.32,False,1
MCH1732,MCH1732,"Bal, Loke and Chadha",5411,mcc_field,False,Grocery,GROCERY_STORE,Private Limited,Delhi,Delhi,False,2024-10-24 00:00:00,False,ACCOUNT_NUMBER,5425,ACTIVE,3477.98,False,2
MCH1736,MCH1736,Barman Inc,4131,mcc_field,False,Transportation,Transportation,Partnership,Jaipur,Rajasthan,False,2025-06-08 20:56:00,False,MISSING,,ACTIVE,1937.05,False,1
MCH1739,MCH1739,Joshi Group,5942,inferred_from_category,False,Books & Stationery,Book Store,Individual,Ludhiana,Punjab,False,2024-08-31 19:16:02,False,VIRTUAL_ACCOUNT,3509,INACTIVE,,False,2
MCH1740,1740,"Dhaliwal, Boase and Walla",7011,mcc_field,False,Hotels & Lodging,Hospitality,Partnership,Pune,Maharashtra,False,2025-02-09 00:00:00,False,VIRTUAL_ACCOUNT,8023,ACTIVE,903.0,False,1
MCH1744,MCH1744,"Mani, Tara and Mane",4131,mcc_field,False,Transportation,TRAVEL,Sole Proprietor,Ludhiana,Punjab,False,2023-03-20 16:42:33,False,MISSING,,CLOSED,466.22,False,1
MCH1747,MCH1747,"Vig, Cherian and Choudhury",5999,mcc_field,False,Misc Retail,Other,Individual,Delhi,Delhi,False,2025-08-22 05:19:05,False,MISSING,,ACTIVE,1469.56,False,2
MCH1750,MCH1750,"Dube, Natt and Vohra",4131,mcc_field,False,Transportation,transprt,Individual,Pune,Maharashtra,False,2024-12-18 12:18:45,False,MASKED,3705,ACTIVE,,False,3
MCH1751,MCH1751,"Keer, Dara and Gour",5942,mcc_field,False,Books & Stationery,BOOKS_STATIONERY,Individual,Ludhiana,Punjab,False,2023-06-29 00:00:00,False,MISSING,,SUSPENDED,1719.3,False,2
MCH1755,MCH1755,Kulkarni and Sons,4814,mcc_field,False,Telecom,phone service,Individual,Mumbai,Maharashtra,False,2025-12-29 00:00:00,False,ACCOUNT_NUMBER,7328,ACTIVE,1088.47,True,1
MCH1756,MCH1756,"Borah, Sura and Kunda",5411,mcc_field,False,Grocery,groceries,Private Limited,Jaipur,Rajasthan,False,2025-10-21 00:00:00,False,MISSING,,ACTIVE,1371.78,False,3
MCH1763,MCH1763,Dhillon Ltd,5311,inferred_from_category,False,Department Stores,DEPT_STORE,Partnership,Jalandhar,Punjab,False,2026-02-22 00:00:00,False,ACCOUNT_NUMBER,2166,ACTIVE,231.69,False,1
MCH1764,MCH1764,"Kurian, Vaidya and Loyal",5999,mcc_field,False,Misc Retail,Misc Retail,Individual,Lucknow,Uttar Pradesh,False,2025-11-16 04:20:00,False,VIRTUAL_ACCOUNT,8653,BLOCKED,419.98,False,2
MCH1767,MCH1767,Bhatnagar-Kala,4814,inferred_from_category,False,Telecom,TELECOM,Individual,Jalandhar,Punjab,False,,False,ACCOUNT_NUMBER,1732,ACTIVE,314.16,False,1
MCH1768,MCH1768,"Mody, Tata and Chatterjee",4131,mcc_field,False,Transportation,Transport,Sole Proprietor,Chennai,Tamil Nadu,False,2024-09-08 00:00:00,False,MISSING,,ACTIVE,360.87,False,1
MCH1769,MCH1769,"Sekhon, Goswami and Rajan",4814,mcc_field,False,Telecom,Telecom,Sole Proprietor,Lucknow,Uttar Pradesh,False,2025-06-28 07:25:18,False,VIRTUAL_ACCOUNT,1893,ACTIVE,1009.67,False,2
MCH1770,MCH1770,Prabhu Inc,5411,mcc_field,False,Grocery,Grocery Stores,Partnership,Kolkata,West Bengal,False,2026-02-19 00:00:00,False,VIRTUAL_ACCOUNT,6813,ACTIVE,1130.22,False,1
MCH1772,MCH-1772,"Thakur, Talwar and Chahal",5912,mcc_field,False,Pharmacy,Pharmacies,Partnership,Pune,Maharashtra,False,2025-11-19 01:49:18,False,MASKED,1519,ACTIVE,645.09,False,4
MCH1773,MCH 1773,Prakash-Malhotra,5411,mcc_field,False,Grocery,Grocery Stores,Individual,Jalandhar,Punjab,False,,False,VIRTUAL_ACCOUNT,8369,ACTIVE,1551.73,False,1
MCH1774,MCH1774,"Sundaram, Dani and Mall",5942,mcc_field,False,Books & Stationery,Stationery,Partnership,Lucknow,Uttar Pradesh,False,2024-08-23 00:00:00,False,MASKED,1272,ACTIVE,10785.29,False,3
MCH1775,MCH1775,Karnik Inc,5411,mcc_field,False,Grocery,GROCERY_STORE,Private Limited,Lucknow,Uttar Pradesh,False,2023-04-13 08:51:51,False,VIRTUAL_ACCOUNT,8344,ACTIVE,313.0,False,1
MCH1776,MCH1776,Vohra and Sons,5999,mcc_field,False,Misc Retail,Retail Other,Private Limited,Lucknow,Uttar Pradesh,False,2023-06-16 00:00:00,False,MASKED,6558,ACTIVE,843.8,False,1
MCH1779,MCH1779,"Maharaj, Jaggi and Reddy",7011,mcc_field,False,Hotels & Lodging,Hotel,Partnership,Bengaluru,Karnataka,False,2024-09-02 00:00:00,False,MISSING,,ACTIVE,1540.91,False,2
MCH1782,MCH1782,Kari Plc,5411,mcc_field,False,Grocery,Grocery,Sole Proprietor,Mumbai,Maharashtra,False,2024-06-26 00:00:00,False,MISSING,,ACTIVE,4762.58,True,1
MCH1785,MCH1785,Shere-Pall,5311,mcc_field,False,Department Stores,Department Store,Sole Proprietor,Kolkata,West Bengal,False,2023-08-05 05:22:00,False,MISSING,,ACTIVE,2271.85,False,1
MCH1786,mch1786,"Ganguly, Mammen and Babu",5411,mcc_field,False,Grocery,groceries,Sole Proprietor,Pune,Maharashtra,False,2025-05-22 00:00:00,False,VIRTUAL_ACCOUNT,1295,ACTIVE,1212.0,False,3
MCH1787,MCH1787,Johal and Sons,5942,mcc_field,False,Books & Stationery,BOOKS_STATIONERY,Sole Proprietor,Chennai,Tamil Nadu,False,2024-04-09 00:00:00,False,ACCOUNT_NUMBER,8187,ACTIVE,1495.88,False,1
MCH1788,mch1788,"Dass, Rajagopal and Madan",4814,inferred_from_category,False,Telecom,Mobile Recharge,Private Limited,Pune,Maharashtra,False,2024-11-12 00:00:00,False,MISSING,,SUSPENDED,1479.46,False,1
MCH1789,MCH1789,Loke-Chanda,5942,mcc_field,False,Books & Stationery,BOOKS_STATIONERY,Partnership,Jaipur,Rajasthan,False,2023-02-25 00:00:00,False,MISSING,,ACTIVE,15713.68,False,1
MCH1792,MCH-1792,"Suresh, Chada and Mahal",5311,mcc_field,False,Department Stores,DEPT_STORE,Sole Proprietor,Kolkata,West Bengal,False,2025-03-24 00:00:00,False,MASKED,6459,ACTIVE,,False,2
MCH1793,MCH-1793,Jaggi Plc,7011,mcc_field,False,Hotels & Lodging,Hotel,Sole Proprietor,Delhi,Delhi,False,2024-08-21 00:47:16,False,MISSING,,ACTIVE,2705.89,False,1
MCH1796,MCH1796,Kohli-Nagar,5942,mcc_field,False,Books & Stationery,Books,Individual,Amritsar,Punjab,False,2024-07-20 00:00:00,False,MISSING,,ACTIVE,741.16,False,1
MCH1800,MCH1800,Mall Plc,5311,mcc_field,False,Department Stores,Department Store,Private Limited,Hyderabad,Telangana,False,2025-10-24 00:00:00,False,MISSING,,ACTIVE,1030.0,False,1
MCH1806,MCH1806,Thaker-Dutt,5699,inferred_from_category,False,Apparel,Fashion,Individual,Ludhiana,Punjab,False,2024-05-02 09:16:54,False,ACCOUNT_NUMBER,2088,ACTIVE,6418.0,False,2
MCH1809,MCH-1809,Grewal Inc,5311,mcc_field,False,Department Stores,Department Stores,Private Limited,Bengaluru,Karnataka,False,2025-10-31 03:18:09,False,ACCOUNT_NUMBER,2394,ACTIVE,2181.93,False,1
MCH1811,MCH1811,Varkey Inc,5311,mcc_field,False,Department Stores,Department Store,Sole Proprietor,Bengaluru,Karnataka,False,2026-02-25 00:00:00,False,MISSING,,ACTIVE,592.0,False,2
MCH1812,MCH1812,Om Plc,5812,mcc_field,False,Restaurants,Restaurants,Sole Proprietor,Amritsar,Punjab,False,2024-11-26 18:01:01,False,MISSING,,ACTIVE,2079.98,False,1
MCH1813,mch1813,Balan-Deo,5311,mcc_field,False,Department Stores,Department Stores,Partnership,Pune,Maharashtra,False,2024-08-28 00:00:00,False,VIRTUAL_ACCOUNT,5863,ACTIVE,610.94,True,1
MCH1815,MCH 1815,Bhasin-Hans,5999,mcc_field,False,Misc Retail,Misc Retail,Private Limited,Hyderabad,Telangana,False,2025-05-10 00:00:00,False,MISSING,,ACTIVE,789.34,False,2
MCH1816,MCH1816,Aurora-Kata,5311,mcc_field,False,Department Stores,Retail,Sole Proprietor,Lucknow,Uttar Pradesh,False,2025-03-15 01:24:29,False,MISSING,,ACTIVE,1797.52,False,5
MCH1817,MCH1817,"Mohanty, Behl and Rao",4131,mcc_field,False,Transportation,Transport,Individual,Pune,Maharashtra,False,2025-07-23 00:00:00,False,MISSING,,INACTIVE,2347.62,False,2
MCH1818,MCH1818,Bakshi-Golla,5699,mcc_field,False,Apparel,Clothing,Private Limited,Kolkata,West Bengal,False,2023-10-04 00:00:00,False,ACCOUNT_NUMBER,3501,ACTIVE,4859.19,False,1
MCH1823,MCH1823,"Patla, Bhasin and Parsa",7011,inferred_from_category,False,Hotels & Lodging,Hotel,Partnership,Lucknow,Uttar Pradesh,False,2023-06-15 00:00:00,False,MISSING,,ACTIVE,3003.2,False,1
MCH1827,MCH1827,Saha Ltd,5999,mcc_field,False,Misc Retail,Other,Partnership,Pune,Maharashtra,False,2026-01-12 00:00:00,False,VIRTUAL_ACCOUNT,8128,ACTIVE,790.89,False,1
MCH1828,MCH1828,Goel Plc,5699,mcc_field,False,Apparel,Clothing,Private Limited,Chennai,Tamil Nadu,False,2025-10-15 00:00:00,False,MASKED,2989,ACTIVE,4227.93,False,2
MCH1829,MCH1829,Ramaswamy Group,4131,mcc_field,False,Transportation,Transport,Sole Proprietor,Kolkata,West Bengal,False,2024-03-15 00:00:00,False,MISSING,,ACTIVE,2351.23,False,1
MCH1830,MCH1830,Shan LLC,7011,mcc_field,False,Hotels & Lodging,HOTEL_LODGING,Private Limited,Lucknow,Uttar Pradesh,False,,False,ACCOUNT_NUMBER,8714,ACTIVE,405.35,False,1
MCH1832,MCH1832,Mistry-Chaudhary,5999,mcc_field,False,Misc Retail,Other,Individual,Hyderabad,Telangana,False,2024-12-11 00:06:45,False,MISSING,,INACTIVE,448.33,False,1
MCH1833,MCH1833,"Sabharwal, Chopra and Nayar",4131,mcc_field,False,Transportation,transprt,Private Limited,Pune,Maharashtra,False,2023-07-26 05:30:00,False,ACCOUNT_NUMBER,4590,ACTIVE,1391.53,False,2
MCH1836,MCH 1836,"Nazareth, Bahl and Manda",5411,mcc_field,False,Grocery,GROCERY_STORE,Private Limited,Hyderabad,Telangana,False,2023-11-15 00:00:00,False,VIRTUAL_ACCOUNT,3943,ACTIVE,,False,1
MCH1838,MCH1838,Manda-Deshpande,5942,mcc_field,False,Books & Stationery,Stationery,Partnership,Jalandhar,Punjab,False,2025-09-04 06:22:16,False,VIRTUAL_ACCOUNT,9941,ACTIVE,2224.32,False,2
MCH1839,MCH1839,Krish Group,5411,mcc_field,False,Grocery,Grocery Stores,Sole Proprietor,Jalandhar,Punjab,False,2024-01-29 20:47:00,False,MISSING,,ACTIVE,1503.47,False,1
MCH1840,MCH1840,Chahal and Sons,5942,mcc_field,False,Books & Stationery,Stationery,Sole Proprietor,Ludhiana,Punjab,False,2026-02-06 00:00:00,False,MASKED,9616,ACTIVE,764.0,False,1
MCH1841,MCH1841,Kadakia-Rao,7011,inferred_from_category,False,Hotels & Lodging,Hospitality,Sole Proprietor,Kolkata,West Bengal,False,2025-07-01 00:00:00,False,ACCOUNT_NUMBER,5964,ACTIVE,532.17,False,1
MCH1842,MCH-1842,"Singh, Dhillon and Garg",4814,mcc_field,False,Telecom,Telecom,Partnership,Lucknow,Uttar Pradesh,False,2024-10-21 00:00:00,False,ACCOUNT_NUMBER,1664,INACTIVE,182.82,True,2
MCH1843,1843,Edwin and Sons,5999,mcc_field,False,Misc Retail,Miscellaneous,Sole Proprietor,Delhi,Delhi,False,2024-09-19 00:00:00,False,MISSING,,ACTIVE,,False,1
MCH1845,MCH1845,Goel Inc,4131,mcc_field,False,Transportation,Bus/Taxi,Private Limited,Delhi,Delhi,False,2023-10-17 00:00:00,False,ACCOUNT_NUMBER,7527,ACTIVE,1675.96,False,1
MCH1846,MCH1846,Kurian-Chad,7011,mcc_field,False,Hotels & Lodging,HOTEL_LODGING,Partnership,Chennai,Tamil Nadu,False,2023-03-23 22:54:26,False,MISSING,,ACTIVE,597.53,False,1
MCH1848,MCH1848,Acharya-Bail,5311,mcc_field,False,Department Stores,Retail,Partnership,Pune,Maharashtra,False,2025-09-05 00:00:00,False,ACCOUNT_NUMBER,2533,ACTIVE,3044.0,False,2
MCH1852,MCH1852,Prabhu Group,5411,mcc_field,False,Grocery,Grocery Stores,Individual,Mumbai,Maharashtra,False,2024-03-31 00:00:00,False,ACCOUNT_NUMBER,9924,ACTIVE,786.71,False,1
MCH1853,MCH1853,Mukhopadhyay Inc,5699,mcc_field,False,Apparel,CLOTHS,Individual,Amritsar,Punjab,False,2024-04-10 00:00:00,False,MISSING,,ACTIVE,2522.93,False,2
MCH1854,MCH1854,"Sule, Prashad and Balay",7011,inferred_from_category,False,Hotels & Lodging,Hotels,Partnership,Amritsar,Punjab,False,2023-09-21 00:00:00,False,MASKED,8005,ACTIVE,5318.31,False,1
MCH1855,MCH1855,Kala-Shan,5812,inferred_from_category,False,Restaurants,Restaurant,Private Limited,Kolkata,West Bengal,False,2023-11-13 00:38:34,False,MISSING,,SUSPENDED,1474.0,False,1
MCH1856,MCH1856,Baria-Balay,5311,mcc_field,False,Department Stores,DEPT_STORE,Sole Proprietor,Lucknow,Uttar Pradesh,False,2023-12-26 15:21:00,False,MASKED,1618,ACTIVE,2071.73,False,3
MCH1861,MCH1861,Vora-Balan,5411,mcc_field,False,Grocery,groceries,Sole Proprietor,Pune,Maharashtra,False,2025-10-17 00:39:00,False,VIRTUAL_ACCOUNT,3364,INACTIVE,2646.57,False,1
MCH1862,MCH1862,Puri Inc,4131,mcc_field,False,Transportation,Transportation,Individual,Mumbai,Maharashtra,False,2024-11-15 12:30:15,False,ACCOUNT_NUMBER,8644,ACTIVE,1444.68,False,1
MCH1863,MCH-1863,Sachar-Gokhale,5942,mcc_field,False,Books & Stationery,Book Store,Private Limited,Hyderabad,Telangana,False,2024-03-24 16:08:37,False,MASKED,8775,ACTIVE,760.42,False,1
MCH1865,MCH1865,Chandra-Pandey,5942,mcc_field,False,Books & Stationery,Books,Individual,Pune,Maharashtra,False,2025-11-15 00:00:00,False,MISSING,,ACTIVE,3847.74,False,1
MCH1872,MCH1872,Rege LLC,4814,mcc_field,False,Telecom,phone service,Partnership,Bengaluru,Karnataka,False,2024-06-26 00:00:00,False,MISSING,,ACTIVE,768.52,False,2
MCH1873,MCH1873,Oak-Ramachandran,4814,inferred_from_category,False,Telecom,phone service,Private Limited,Amritsar,Punjab,False,2024-05-23 15:31:00,False,MASKED,5817,ACTIVE,942.83,False,2
MCH1874,MCH1874,"Bail, Madan and Mahal",5411,mcc_field,False,Grocery,Grocery Stores,Private Limited,Jalandhar,Punjab,False,2025-11-03 21:30:47,False,ACCOUNT_NUMBER,1803,ACTIVE,928.89,False,2
MCH1876,MCH1876,"Deol, Sandal and Nagi",5999,mcc_field,False,Misc Retail,Miscellaneous,Partnership,Bengaluru,Karnataka,False,2024-04-29 00:00:00,False,VIRTUAL_ACCOUNT,6581,ACTIVE,603.93,False,1
MCH1878,MCH1878,Narula Group,7011,mcc_field,False,Hotels & Lodging,HOTEL_LODGING,Private Limited,Delhi,Delhi,False,2025-02-26 00:00:00,False,MASKED,5015,ACTIVE,,False,1
MCH1879,MCH1879,Muni-Sachdeva,5999,mcc_field,False,Misc Retail,Miscellaneous,Individual,Chennai,Tamil Nadu,False,2023-12-16 00:00:00,False,MASKED,4876,ACTIVE,687.52,False,2
MCH1881,MCH1881,"Bawa, Ganesan and Oak",5912,mcc_field,False,Pharmacy,Medical,Partnership,Chennai,Tamil Nadu,False,2023-12-14 00:00:00,False,MISSING,,SUSPENDED,1349.05,True,1
MCH1882,MCH-1882,Kamdar-Banik,5812,mcc_field,False,Restaurants,Food,Partnership,Ludhiana,Punjab,False,,False,MISSING,,INACTIVE,427.5,False,1
MCH1883,MCH 1883,"Bahl, Kashyap and Sibal",5812,mcc_field,False,Restaurants,Restaurant,Private Limited,Jalandhar,Punjab,False,2023-01-04 00:00:00,False,MASKED,4248,ACTIVE,,False,1
MCH1884,MCH1884,Nagi LLC,4131,mcc_field,False,Transportation,transprt,Private Limited,Bengaluru,Karnataka,False,2025-01-08 00:00:00,False,VIRTUAL_ACCOUNT,9086,ACTIVE,628.95,False,1
MCH1885,MCH-1885,Mahal Ltd,5999,mcc_field,False,Misc Retail,Other,Private Limited,Hyderabad,Telangana,False,2025-11-07 18:42:57,False,MISSING,,ACTIVE,618.0,False,1
MCH1887,mch1887,Peri Inc,5311,mcc_field,False,Department Stores,Department Stores,Private Limited,Bengaluru,Karnataka,False,2023-02-26 00:00:00,False,MISSING,,ACTIVE,2706.7,False,1
MCH1889,MCH1889,Bakshi LLC,5999,mcc_field,False,Misc Retail,Retail Other,Individual,Jalandhar,Punjab,False,2024-02-13 09:50:36,False,MASKED,2818,ACTIVE,2474.04,False,1
MCH1892,MCH 1892,Shanker-De,7011,mcc_field,False,Hotels & Lodging,Hotels,Private Limited,Mumbai,Maharashtra,False,2024-02-12 01:08:42,False,ACCOUNT_NUMBER,6877,ACTIVE,987.4,False,1
MCH1894,MCH1894,Setty-Doshi,5812,mcc_field,False,Restaurants,Restaurant,Partnership,Bengaluru,Karnataka,False,2025-08-11 00:00:00,False,ACCOUNT_NUMBER,3273,ACTIVE,2961.06,False,4
MCH1899,MCH1899,Subramaniam-Bedi,5942,inferred_from_category,False,Books & Stationery,BOOKS_STATIONERY,Private Limited,Ludhiana,Punjab,False,2025-09-27 00:00:00,False,MASKED,4698,ACTIVE,,False,1
MCH1904,MCH1904,Sandal Inc,4814,mcc_field,False,Telecom,Telecom,Individual,Jalandhar,Punjab,False,2024-03-23 06:08:07,False,VIRTUAL_ACCOUNT,1925,ACTIVE,1398.65,False,1
MCH1906,MCH1906,"Taneja, Mahajan and Sarna",5311,mcc_field,False,Department Stores,Retail,Individual,Bengaluru,Karnataka,False,2026-01-16 00:00:00,False,VIRTUAL_ACCOUNT,9571,INACTIVE,2772.0,False,1
MCH1908,MCH1908,"Raghavan, Badami and Mani",5942,mcc_field,False,Books & Stationery,Stationery,Partnership,Kolkata,West Bengal,False,2025-05-29 11:41:39,False,MASKED,6948,ACTIVE,856.0,False,2
MCH1909,MCH1909,Murthy and Sons,5942,mcc_field,False,Books & Stationery,Books,Sole Proprietor,Pune,Maharashtra,False,2023-11-25 00:00:00,False,ACCOUNT_NUMBER,9272,ACTIVE,823.0,False,1
MCH1912,MCH1912,Keer-Mitra,4131,mcc_field,False,Transportation,transprt,Sole Proprietor,Chennai,Tamil Nadu,False,2024-10-27 18:55:18,False,MASKED,9508,ACTIVE,3259.24,False,1
MCH1913,MCH1913,"Sandal, Srinivas and Lata",5912,mcc_field,False,Pharmacy,Pharmacy,Partnership,Lucknow,Uttar Pradesh,False,2023-06-09 00:00:00,False,ACCOUNT_NUMBER,8993,ACTIVE,468.17,False,1
MCH1917,MCH-1917,"Chowdhury, Krishna and Rajagopal",5699,mcc_field,False,Apparel,Fashion,Sole Proprietor,Amritsar,Punjab,False,2024-10-20 00:00:00,False,MISSING,,SUSPENDED,909.84,False,2
MCH1921,MCH1921,Raj LLC,5999,mcc_field,False,Misc Retail,Miscellaneous,Partnership,Lucknow,Uttar Pradesh,False,2024-02-12 00:00:00,False,ACCOUNT_NUMBER,0419,ACTIVE,2280.24,False,1
MCH1922,MCH-1922,"Deo, Saraf and Kale",5942,inferred_from_category,False,Books & Stationery,Stationery,Sole Proprietor,Lucknow,Uttar Pradesh,False,,False,MISSING,,ACTIVE,2507.85,False,1
MCH1923,MCH1923,Barad-Devan,5699,mcc_field,False,Apparel,garments,Private Limited,Hyderabad,Telangana,False,2025-12-08 00:00:00,False,MISSING,,ACTIVE,300.28,False,1
MCH1924,MCH 1924,"Choudhary, Iyer and Boase",5912,mcc_field,False,Pharmacy,chemist,Partnership,Jaipur,Rajasthan,False,2024-11-12 00:00:00,False,MASKED,3944,ACTIVE,7220.04,False,1
MCH1926,MCH1926,Bhattacharyya-Om,5311,mcc_field,False,Department Stores,DEPT_STORE,Individual,Mumbai,Maharashtra,False,2025-06-16 00:00:00,False,ACCOUNT_NUMBER,8494,ACTIVE,2425.42,False,2
MCH1929,MCH1929,"Bahri,daraand Saran",5942,mcc_field,False,Books & Stationery,Book Store,Private Limited,Jaipur,Rajasthan,False,2025-12-26 09:06:43,False,MASKED,4676,ACTIVE,2563.73,True,1
MCH1934,MCH1934,"Deol,dugarand Parmer",5942,mcc_field,False,Books & Stationery,Stationery,Private Limited,Chennai,Tamil Nadu,False,2025-06-26 13:50:54,False,MISSING,,ACTIVE,2520.96,False,1
MCH1936,1936,"Batra, Ramanathan and Din",5912,mcc_field,False,Pharmacy,pharmacies,Sole Proprietor,Hyderabad,Telangana,False,2024-07-16 00:00:00,False,MASKED,3173,ACTIVE,143.98,False,2
MCH1939,MCH1939,"Lal,sahniand Chopra",7011,mcc_field,False,Hotels & Lodging,Hotels,Private Limited,Ludhiana,Punjab,False,2026-02-05 00:00:00,False,MASKED,8735,ACTIVE,509.0,False,1
MCH1940,MCH1940,Ravel Inc,4814,mcc_field,False,Telecom,Mobile Recharge,Sole Proprietor,Chennai,Tamil Nadu,False,2025-09-17 00:00:00,False,MISSING,,INACTIVE,1112.95,False,2
MCH1941,MCH-1941,Bath-Sunder,4814,mcc_field,False,Telecom,TELECOM,Sole Proprietor,Jaipur,Rajasthan,False,2024-05-22 00:00:00,False,MISSING,,SUSPENDED,,False,1
MCH1944,MCH1944,Srinivas-Singh,7011,inferred_from_category,False,Hotels & Lodging,Hotels,Individual,Mumbai,Maharashtra,False,2025-08-27 00:00:00,False,VIRTUAL_ACCOUNT,4745,ACTIVE,1161.95,False,2
MCH1946,MCH1946,Sibal LLC,7011,mcc_field,False,Hotels & Lodging,Hospitality,Sole Proprietor,Jalandhar,Punjab,False,2026-01-24 21:05:43,False,VIRTUAL_ACCOUNT,7008,ACTIVE,2804.71,False,2
MCH1947,MCH1947,Bhatti Plc,4131,inferred_from_category,False,Transportation,transprt,Sole Proprietor,Hyderabad,Telangana,False,2025-10-17 03:35:00,False,MISSING,,ACTIVE,860.05,False,2
MCH1948,MCH1948,Prabhakar-Kari,5699,mcc_field,False,Apparel,Apparel,Sole Proprietor,Mumbai,Maharashtra,False,2025-11-21 00:00:00,False,MISSING,,ACTIVE,6392.07,True,2
MCH1952,MCH1952,Madan Inc,5942,mcc_field,False,Books & Stationery,Books,Partnership,Chennai,Tamil Nadu,False,2024-06-28 00:00:00,False,ACCOUNT_NUMBER,2215,INACTIVE,1643.17,False,1
MCH1953,MCH1953,"Banerjee, Maharaj and Rege",7011,mcc_field,False,Hotels & Lodging,Hotel,Sole Proprietor,Jalandhar,Punjab,False,2025-12-14 00:00:00,False,VIRTUAL_ACCOUNT,3216,ACTIVE,1226.94,False,1
MCH1954,MCH1954,"Kunda, Kata and Shetty",4814,inferred_from_category,False,Telecom,Telecom,Individual,Pune,Maharashtra,False,2025-10-19 00:00:00,False,ACCOUNT_NUMBER,1036,ACTIVE,923.81,False,1
MCH1955,MCH1955,"Srinivas, Khurana and Choudhry",5999,mcc_field,False,Misc Retail,Retail Other,Private Limited,Jalandhar,Punjab,False,2025-01-18 12:28:00,False,MASKED,5304,ACTIVE,883.05,False,1
MCH1956,MCH1956,Sodhi Plc,5912,mcc_field,False,Pharmacy,Pharmacy,Individual,Amritsar,Punjab,False,2025-09-28 15:41:51,False,VIRTUAL_ACCOUNT,9509,INACTIVE,1459.74,False,3
MCH1959,MCH1959,"Barad, Bala and Chad",5999,mcc_field,False,Misc Retail,Retail Other,Individual,Pune,Maharashtra,False,2025-10-12 19:55:24,False,MISSING,,ACTIVE,578.42,False,2
MCH1960,MCH 1960,Bail-Chand,5411,mcc_field,False,Grocery,kirana,Partnership,Hyderabad,Telangana,False,2024-08-26 00:00:00,False,MASKED,7716,ACTIVE,613.0,False,1
MCH1965,MCH1965,Chawla-Sawhney,4814,mcc_field,False,Telecom,phone service,Individual,Bengaluru,Karnataka,False,2025-08-21 00:00:00,False,MISSING,,ACTIVE,4592.95,False,2
MCH1966,MCH 1966,Munshi-Bath,4131,mcc_field,False,Transportation,TRAVEL,Private Limited,Bengaluru,Karnataka,False,2026-01-27 00:00:00,False,MISSING,,SUSPENDED,1858.12,False,1
MCH1968,mch1968,Shroff-Mani,5411,inferred_from_category,False,Grocery,kirana,Partnership,Mumbai,Maharashtra,False,2024-04-10 00:00:00,False,VIRTUAL_ACCOUNT,1953,ACTIVE,1674.0,False,1
MCH1969,MCH1969,Narain-Menon,5311,mcc_field,False,Department Stores,Retail,Individual,Delhi,Delhi,False,2025-11-16 00:00:00,False,VIRTUAL_ACCOUNT,3850,ACTIVE,453.33,False,2
MCH1971,MCH1971,Khanna and Sons,4814,mcc_field,False,Telecom,TELECOM,Partnership,Mumbai,Maharashtra,False,2026-02-06 00:00:00,False,MASKED,1386,ACTIVE,2326.17,False,2
MCH1973,mch1973,"Walia, Khatri and Saha",5942,mcc_field,False,Books & Stationery,BOOKS_STATIONERY,Sole Proprietor,Lucknow,Uttar Pradesh,False,2025-11-16 00:00:00,False,ACCOUNT_NUMBER,4975,ACTIVE,,False,4
MCH1974,MCH 1974,Kap00r LLC,4131,mcc_field,False,Transportation,Transport,Partnership,Chennai,Tamil Nadu,False,2024-05-12 08:25:13,False,ACCOUNT_NUMBER,8473,ACTIVE,,False,1
MCH1976,MCH1976,"Mutti, Sastry and Jha",5942,mcc_field,False,Books & Stationery,Stationery,Private Limited,Amritsar,Punjab,False,2023-04-08 00:00:00,False,MISSING,,ACTIVE,2928.73,False,1
MCH1977,MCH1977,Chahal-Kumer,5942,mcc_field,False,Books & Stationery,Stationery,Sole Proprietor,Kolkata,West Bengal,False,2025-09-01 00:00:00,False,MASKED,3479,ACTIVE,897.0,False,2
MCH1982,MCH 1982,"Behl, Jayaraman and Divan",5699,mcc_field,False,Apparel,Apparel,Sole Proprietor,Mumbai,Maharashtra,False,2025-10-09 00:00:00,False,MISSING,,ACTIVE,298.94,False,1
MCH1983,1983,Jayaraman Plc,5912,mcc_field,False,Pharmacy,Pharmacy,Sole Proprietor,Hyderabad,Telangana,False,2024-12-13 00:00:00,False,ACCOUNT_NUMBER,0480,ACTIVE,657.32,False,1
MCH1984,MCH-1984,"Lala, Wagle and Bal",5699,mcc_field,False,Apparel,Fashion,Partnership,Chennai,Tamil Nadu,False,2025-01-08 00:00:00,False,MISSING,,ACTIVE,5244.88,False,1
MCH1986,mch1986,Vaidya-Roy,5699,mcc_field,False,Apparel,Clothing,Individual,Bengaluru,Karnataka,False,2026-01-19 00:00:00,False,MISSING,,ACTIVE,1981.5,False,3
MCH1987,mch1987,"Dora, Sarma and Biswas",4814,mcc_field,False,Telecom,Mobile Recharge,Partnership,Mumbai,Maharashtra,False,2023-01-31 00:00:00,False,VIRTUAL_ACCOUNT,2999,ACTIVE,3268.84,False,1
MCH1990,MCH1990,Sawhney-Parekh,4814,mcc_field,False,Telecom,Mobile Recharge,Private Limited,Jaipur,Rajasthan,False,2026-01-26 00:00:00,False,MISSING,,ACTIVE,507.78,False,2
MCH1993,MCH1993,Dhaliwal Plc,4814,mcc_field,False,Telecom,TELECOM,Sole Proprietor,Amritsar,Punjab,False,,False,ACCOUNT_NUMBER,7818,ACTIVE,428.65,False,1
MCH1994,MCH1994,"Naik, Bhasin and Virk",7011,mcc_field,False,Hotels & Lodging,HOTEL_LODGING,Sole Proprietor,Amritsar,Punjab,False,2024-09-24 12:17:05,False,ACCOUNT_NUMBER,6647,ACTIVE,886.83,False,1
MCH1995,MCH1995,"Mand, Halder and Rajagopalan",5942,mcc_field,False,Books & Stationery,Books,Partnership,Jaipur,Rajasthan,False,2024-04-04 00:00:00,False,VIRTUAL_ACCOUNT,8966,INACTIVE,158.78,False,2
MCH2003,2003,Rajagopalan Inc,5311,mcc_field,False,Department Stores,DEPT_STORE,Individual,Pune,Maharashtra,False,2023-06-16 00:00:00,False,ACCOUNT_NUMBER,7704,ACTIVE,567.0,False,1
MCH2007,mch2007,"Mahal, Divan and Sharaf",5999,mcc_field,False,Misc Retail,Other,Sole Proprietor,Jalandhar,Punjab,False,2023-02-02 22:14:37,False,ACCOUNT_NUMBER,6835,ACTIVE,435.32,False,1
MCH2009,MCH2009,"Tiwari, Naidu and Muni",5699,mcc_field,False,Apparel,garments,Partnership,Pune,Maharashtra,False,2024-04-05 00:00:00,False,VIRTUAL_ACCOUNT,8381,ACTIVE,732.0,False,1
MCH2013,MCH2013,"Nanda, Saraf and Halder",5411,mcc_field,False,Grocery,groceries,Individual,Kolkata,West Bengal,False,2025-04-22 00:00:00,False,MISSING,,ACTIVE,1721.62,True,1
MCH2014,MCH 2014,Sundaram and Sons,5999,mcc_field,False,Misc Retail,Miscellaneous,Private Limited,Ludhiana,Punjab,False,2024-01-27 00:00:00,False,MASKED,5436,ACTIVE,4199.0,False,2
MCH2015,MCH2015,Gulati LLC,4814,mcc_field,False,Telecom,phone service,Private Limited,Jaipur,Rajasthan,False,2023-06-22 07:04:00,False,MISSING,,ACTIVE,17945.28,False,1
MCH2016,MCH2016,"Amble, Yadav and Dube",5999,mcc_field,False,Misc Retail,Retail Other,Partnership,Kolkata,West Bengal,False,2025-03-18 00:00:00,False,MASKED,3614,SUSPENDED,10324.69,False,1
MCH2019,MCH-2019,Walla-Ranganathan,5999,mcc_field,False,Misc Retail,Misc Retail,Partnership,Bengaluru,Karnataka,False,2024-05-22 00:00:00,False,MISSING,,ACTIVE,1915.39,False,1
MCH2020,MCH 2020,Prabhu-Kar,5699,mcc_field,False,Apparel,CLOTHS,Private Limited,Jalandhar,Punjab,False,2025-03-15 21:17:00,False,MASKED,1985,SUSPENDED,2649.5,False,2
MCH2021,MCH2021,Shenoy-Wable,5912,mcc_field,False,Pharmacy,chemist,Sole Proprietor,Delhi,Delhi,False,2025-06-05 00:00:00,False,VIRTUAL_ACCOUNT,7599,ACTIVE,2287.51,False,1
MCH2022,MCH-2022,Nagi-Gala,5999,mcc_field,False,Misc Retail,Misc Retail,Individual,Chennai,Tamil Nadu,False,2024-04-08 00:00:00,False,MISSING,,ACTIVE,3182.35,False,1
MCH2024,MCH 2024,"Ram, Manda and Chopra",4131,mcc_field,False,Transportation,Transportation,Sole Proprietor,Pune,Maharashtra,False,2025-07-24 00:00:00,False,MISSING,,ACTIVE,1122.98,True,1
MCH2027,mch2027,"Boase, Ghosh and Manda",5311,mcc_field,False,Department Stores,DEPT_STORE,Partnership,Chennai,Tamil Nadu,False,2023-12-16 00:00:00,False,MASKED,6284,ACTIVE,1163.7,False,1
MCH2028,MCH 2028,"Sanghvi, Sibal and Vala",4131,inferred_from_category,False,Transportation,Transportation,Individual,Mumbai,Maharashtra,False,2024-06-12 00:00:00,False,MISSING,,ACTIVE,868.81,False,3
MCH2029,MCH2029,Bhalla-Brahmbhatt,5999,mcc_field,False,Misc Retail,Misc Retail,Sole Proprietor,Jalandhar,Punjab,False,2023-06-20 12:29:06,False,MISSING,,ACTIVE,276.02,False,1
MCH2030,MCH-2030,Singh-Banerjee,4131,mcc_field,False,Transportation,Transport,Individual,Ludhiana,Punjab,False,2023-02-25 00:00:00,False,MISSING,,ACTIVE,3976.0,False,1
MCH2032,mch2032,"Doshi, Sur and Sarna",5812,inferred_from_category,False,Restaurants,FOOD_SERVICES,Private Limited,Pune,Maharashtra,False,2023-07-15 00:00:00,False,MISSING,,ACTIVE,771.07,False,1
MCH2033,MCH2033,"Munshi, Sundaram and Bhasin",5699,mcc_field,False,Apparel,garments,Private Limited,Pune,Maharashtra,False,2025-09-30 00:00:00,False,MASKED,3680,ACTIVE,294.83,False,1
MCH2035,MCH2035,Hora-Grover,4131,mcc_field,False,Transportation,Transportation,Sole Proprietor,Delhi,Delhi,False,2026-01-07 09:43:17,False,MISSING,,ACTIVE,212.97,False,1
MCH2037,mch2037,Kadakia LLC,5411,inferred_from_category,False,Grocery,Grocery Stores,Partnership,Delhi,Delhi,False,2024-10-13 00:00:00,False,VIRTUAL_ACCOUNT,3925,ACTIVE,426.54,False,2
MCH2038,MCH2038,Keer Inc,5311,mcc_field,False,Department Stores,Department Stores,Partnership,Pune,Maharashtra,False,2025-06-07 19:52:00,False,MISSING,,INACTIVE,,False,2
MCH2040,MCH2040,Goel-Dewan,5999,inferred_from_category,False,Misc Retail,Miscellaneous,Individual,Delhi,Delhi,False,2025-12-07 00:00:00,False,VIRTUAL_ACCOUNT,9625,ACTIVE,320.83,False,3
MCH2041,MCH2041,"Sagar, Chakraborty and Kurian",4131,mcc_field,False,Transportation,TRAVEL,Sole Proprietor,Ludhiana,Punjab,False,2024-03-22 10:36:41,False,MISSING,,INACTIVE,,False,1
MCH2042,mch2042,"Rai, Das and Bava",5311,mcc_field,False,Department Stores,Retail,Partnership,Pune,Maharashtra,False,2023-12-17 00:00:00,False,VIRTUAL_ACCOUNT,9876,ACTIVE,1564.88,False,1
MCH2044,MCH-2044,"Upadhyay, Kapoor and Nazareth",7011,mcc_field,False,Hotels & Lodging,Hospitality,Individual,Lucknow,Uttar Pradesh,False,2023-01-02 00:58:55,False,ACCOUNT_NUMBER,2043,ACTIVE,368.05,False,1
MCH2045,MCH2045,Nadig-Bal,5699,mcc_field,False,Apparel,CLOTHS,Private Limited,Pune,Maharashtra,False,2024-02-05 23:14:00,False,MISSING,,ACTIVE,2363.1,True,1
MCH2046,MCH2046,Konda-Garde,5411,mcc_field,False,Grocery,kirana,Sole Proprietor,Lucknow,Uttar Pradesh,False,2026-01-28 00:00:00,False,MISSING,,ACTIVE,1405.98,False,1
MCH2047,MCH2047,Ghose-Kannan,5942,mcc_field,False,Books & Stationery,Book Store,Sole Proprietor,Lucknow,Uttar Pradesh,False,2025-05-24 00:00:00,False,MISSING,,ACTIVE,1609.08,False,2
MCH2051,MCH2051,Deshpande Plc,5912,mcc_field,False,Pharmacy,Medical,Private Limited,Chennai,Tamil Nadu,False,2024-10-06 00:00:00,False,ACCOUNT_NUMBER,7427,ACTIVE,625.93,False,1
MCH2052,MCH2052,"Saraf, Maharaj and Kakar",5999,mcc_field,False,Misc Retail,Misc Retail,Individual,Pune,Maharashtra,False,2025-01-30 00:00:00,False,MASKED,8291,ACTIVE,3476.81,False,1
MCH2056,MCH2056,"Kadakia, Nagi and Ramakrishnan",5699,mcc_field,False,Apparel,CLOTHS,Sole Proprietor,Mumbai,Maharashtra,False,2023-02-23 00:00:00,False,MASKED,6025,ACTIVE,2168.0,False,1
MCH2060,MCH2060,Grover-Dugar,7011,inferred_from_category,False,Hotels & Lodging,Hotel,Individual,Chennai,Tamil Nadu,False,2025-10-02 05:31:26,False,VIRTUAL_ACCOUNT,4510,ACTIVE,540.0,False,1
MCH2063,MCH 2063,Bhavsar Group,4131,mcc_field,False,Transportation,transprt,Private Limited,Chennai,Tamil Nadu,False,2025-10-10 15:34:00,False,MISSING,,ACTIVE,2405.73,False,1
MCH2064,MCH2064,Date and Sons,5812,mcc_field,False,Restaurants,Restaurant,Private Limited,Delhi,Delhi,False,2025-08-05 00:00:00,False,MISSING,,ACTIVE,1715.0,False,1
MCH2067,MCH2067,"Choudhry, Bhalla and Jaggi",5942,mcc_field,False,Books & Stationery,Book Store,Individual,Jalandhar,Punjab,False,2023-03-11 00:00:00,False,MISSING,,CLOSED,952.93,False,2
MCH2071,MCH2071,Dube-Kapadia,4814,inferred_from_category,False,Telecom,Mobile Recharge,Sole Proprietor,Amritsar,Punjab,False,2024-08-19 04:07:47,False,ACCOUNT_NUMBER,4750,ACTIVE,1392.0,False,1
MCH2074,MCH2074,D’alia Inc,5699,mcc_field,False,Apparel,Fashion,Partnership,Jaipur,Rajasthan,False,2025-10-22 19:54:55,False,VIRTUAL_ACCOUNT,7399,ACTIVE,1616.2,False,2
MCH2075,MCH 2075,"Dhar,deoand Rau",5912,mcc_field,False,Pharmacy,chemist,Individual,Delhi,Delhi,False,2024-09-01 00:59:41,False,ACCOUNT_NUMBER,9516,ACTIVE,1584.12,False,1
MCH2076,MCH 2076,Chad Ltd,5942,mcc_field,False,Books & Stationery,Book Store,Sole Proprietor,Jalandhar,Punjab,False,2024-07-03 02:08:00,False,ACCOUNT_NUMBER,5416,ACTIVE,579.16,False,1
MCH2077,MCH2077,Kara Plc,5812,mcc_field,False,Restaurants,eating place,Individual,Amritsar,Punjab,False,2025-11-15 02:48:00,False,MASKED,1473,ACTIVE,239.1,False,2
MCH2078,MCH2078,Chada-Dubey,5311,mcc_field,False,Department Stores,Department Stores,Individual,Bengaluru,Karnataka,False,2025-03-14 00:00:00,False,MISSING,,ACTIVE,1915.85,False,1
MCH2081,MCH2081,Swaminathan and Sons,7011,mcc_field,False,Hotels & Lodging,Hotels,Individual,Jalandhar,Punjab,False,2026-02-24 00:00:00,False,MISSING,,ACTIVE,515.0,False,2
MCH2083,MCH2083,Patla-Basak,5912,mcc_field,False,Pharmacy,MEDICAL_STORE,Individual,Kolkata,West Bengal,False,2024-10-08 01:26:00,False,MISSING,,SUSPENDED,556.93,False,1
MCH2084,MCH2084,"Murthy, Dutt and Bakshi",4131,mcc_field,False,Transportation,TRAVEL,Private Limited,Mumbai,Maharashtra,False,2024-04-03 00:00:00,False,MISSING,,ACTIVE,659.75,False,1
MCH2085,MCH2085,Kala-Shah,4131,mcc_field,False,Transportation,transprt,Private Limited,Pune,Maharashtra,False,2024-07-22 00:00:00,False,MASKED,7338,ACTIVE,3590.82,False,4
MCH2087,MCH2087,Dubey-Doctor,5999,mcc_field,False,Misc Retail,Miscellaneous,Individual,Amritsar,Punjab,False,2025-04-17 00:00:00,False,ACCOUNT_NUMBER,6100,ACTIVE,4751.6,False,1
MCH2090,MCH-2090,Upadhyay Plc,5812,mcc_field,False,Restaurants,eating place,Sole Proprietor,Delhi,Delhi,False,2026-01-05 04:15:56,False,VIRTUAL_ACCOUNT,9312,ACTIVE,439.31,False,1
MCH2092,MCH 2092,"Dubey, Tara and Thaker",4131,mcc_field,False,Transportation,Transportation,Individual,Kolkata,West Bengal,False,2023-11-09 00:00:00,False,ACCOUNT_NUMBER,1847,ACTIVE,1262.97,False,1
MCH2093,MCH2093,Ghosh-Gaba,5999,inferred_from_category,False,Misc Retail,Misc Retail,Sole Proprietor,Ludhiana,Punjab,False,2024-02-05 00:00:00,False,VIRTUAL_ACCOUNT,7804,ACTIVE,2389.0,False,1
MCH2094,2094,Ratti Ltd,5411,mcc_field,False,Grocery,Grocery,Sole Proprietor,Bengaluru,Karnataka,False,,False,ACCOUNT_NUMBER,4958,ACTIVE,4897.48,False,1
MCH2096,MCH2096,"Taneja, Basu and Bal",4814,mcc_field,False,Telecom,Telecom,Private Limited,Pune,Maharashtra,False,2024-09-28 00:00:00,False,ACCOUNT_NUMBER,0442,ACTIVE,1660.3,False,2
MCH2098,MCH2098,Ranganathan-Chopra,4131,mcc_field,False,Transportation,transprt,Private Limited,Chennai,Tamil Nadu,False,2023-05-13 00:00:00,False,MISSING,,ACTIVE,4538.04,False,1
MCH2099,MCH2099,Atwal Group,5699,inferred_from_category,False,Apparel,Apparel,Partnership,Mumbai,Maharashtra,False,2025-10-23 20:48:00,False,MASKED,7789,ACTIVE,245.52,False,2
MCH2100,MCH2100,"Jani, Bobal and Singhal",7011,mcc_field,False,Hotels & Lodging,Hospitality,Individual,Bengaluru,Karnataka,False,,False,MISSING,,ACTIVE,1281.0,False,1
MCH2102,MCH 2102,"Mand, Bobal and Saini",5812,mcc_field,False,Restaurants,Restaurant,Individual,Ludhiana,Punjab,False,2024-04-25 00:00:00,False,MISSING,,ACTIVE,2985.52,True,1
MCH2104,MCH2104,Iyengar Plc,5699,inferred_from_category,False,Apparel,Fashion,Private Limited,Lucknow,Uttar Pradesh,False,2025-03-20 13:20:17,False,MISSING,,SUSPENDED,1344.05,False,1
MCH2105,mch2105,"Savant, Chauhan and Kumer",5912,mcc_field,False,Pharmacy,chemist,Private Limited,Amritsar,Punjab,False,2024-09-28 00:00:00,False,MISSING,,ACTIVE,898.76,True,2
MCH2106,mch2106,"Doctor, Karnik and Sridhar",5999,mcc_field,False,Misc Retail,Retail Other,Partnership,Bengaluru,Karnataka,False,2023-08-16 00:00:00,False,MASKED,6082,INACTIVE,871.69,False,1
MCH2107,MCH2107,"Wali, Srinivas and Vyas",5912,mcc_field,False,Pharmacy,Pharmacies,Private Limited,Chennai,Tamil Nadu,False,2023-08-29 00:00:00,False,VIRTUAL_ACCOUNT,4711,ACTIVE,679.27,False,1
MCH2108,MCH2108,Sankar-Desai,5912,mcc_field,False,Pharmacy,chemist,Sole Proprietor,Ludhiana,Punjab,False,2023-10-30 00:00:00,False,ACCOUNT_NUMBER,4754,SUSPENDED,1535.43,False,1
MCH2111,MCH2111,Dubey-Oommen,7011,mcc_field,False,Hotels & Lodging,Hotels,Individual,Ludhiana,Punjab,False,2023-07-26 08:03:00,False,MISSING,,ACTIVE,5111.16,False,1
MCH2115,MCH2115,Kohli-Doshi,4131,mcc_field,False,Transportation,TRAVEL,Sole Proprietor,Chennai,Tamil Nadu,False,2024-05-24 11:16:59,False,MASKED,7245,ACTIVE,8526.65,False,2
MCH2116,MCH2116,Chaudhari and Sons,5699,mcc_field,False,Apparel,garments,Individual,Jaipur,Rajasthan,False,2023-09-02 00:00:00,False,MASKED,7517,ACTIVE,947.14,False,1
MCH2117,MCH2117,Lal Group,7011,inferred_from_category,False,Hotels & Lodging,Hospitality,Partnership,Jaipur,Rajasthan,False,2025-10-28 00:00:00,False,MISSING,,ACTIVE,2615.21,False,1
MCH2118,MCH2118,Jani-Subramaniam,5942,mcc_field,False,Books & Stationery,Stationery,Partnership,Ludhiana,Punjab,False,2024-05-30 00:00:00,False,VIRTUAL_ACCOUNT,9855,ACTIVE,1546.09,False,2
MCH2119,MCH2119,Kashyap Ltd,5699,mcc_field,False,Apparel,Apparel,Individual,Chennai,Tamil Nadu,False,2023-07-23 08:53:50,False,VIRTUAL_ACCOUNT,1780,INACTIVE,1155.58,False,1
MCH2120,MCH2120,"Yohannan, Patla and Parmer",7011,mcc_field,False,Hotels & Lodging,HOTEL_LODGING,Partnership,Delhi,Delhi,False,2024-01-01 00:00:00,False,MASKED,7380,ACTIVE,3366.53,True,3
MCH2122,MCH2122,"Bava, Bal and Mittal",5912,inferred_from_category,False,Pharmacy,MEDICAL_STORE,Individual,Pune,Maharashtra,False,2024-01-04 00:00:00,False,MISSING,,ACTIVE,1119.03,False,1
MCH2123,mch2123,Lala and Sons,5311,mcc_field,False,Department Stores,Department Stores,Private Limited,Mumbai,Maharashtra,False,2025-01-03 05:53:00,False,MISSING,,ACTIVE,13187.41,False,2
MCH2124,MCH2124,"Chander, Kohli and Dube",4131,mcc_field,False,Transportation,Transport,Individual,Delhi,Delhi,False,2024-02-15 00:00:00,False,MASKED,2531,ACTIVE,1551.09,False,1
MCH2126,MCH2126,Golla and Sons,5311,mcc_field,False,Department Stores,Department Store,Partnership,Hyderabad,Telangana,False,2024-04-15 00:00:00,False,VIRTUAL_ACCOUNT,7319,ACTIVE,342.0,False,1
MCH2128,MCH2128,Ghosh-Sharaf,5812,mcc_field,False,Restaurants,FOOD_SERVICES,Partnership,Amritsar,Punjab,False,2023-12-21 00:00:00,False,ACCOUNT_NUMBER,6722,ACTIVE,3157.17,False,1
MCH2129,MCH2129,Bhavsar-De,5912,mcc_field,False,Pharmacy,Pharmacy,Sole Proprietor,Hyderabad,Telangana,False,,False,ACCOUNT_NUMBER,9511,ACTIVE,4898.0,False,1
MCH2131,MCH2131,Boase-Varghese,5699,mcc_field,False,Apparel,Clothing,Sole Proprietor,Pune,Maharashtra,False,2025-03-29 00:00:00,False,MISSING,,ACTIVE,2157.11,False,1
MCH2133,MCH2133,Bose-Saraf,5999,mcc_field,False,Misc Retail,Misc Retail,Sole Proprietor,Mumbai,Maharashtra,False,2024-09-19 00:00:00,False,ACCOUNT_NUMBER,8626,ACTIVE,434.11,True,2
MCH2135,MCH2135,"Singh, Talwar and Sur",5411,mcc_field,False,Grocery,groceries,Private Limited,Jalandhar,Punjab,False,2025-01-15 00:00:00,False,MISSING,,SUSPENDED,704.34,False,1
MCH2137,2137,Saran and Sons,5699,mcc_field,False,Apparel,CLOTHS,Private Limited,Delhi,Delhi,False,2023-11-10 00:00:00,False,MISSING,,ACTIVE,2376.86,False,2
MCH2139,MCH2139,"Bali, Mahajan and Oza",5942,mcc_field,False,Books & Stationery,Stationery,Sole Proprietor,Bengaluru,Karnataka,False,2023-02-12 00:00:00,False,MASKED,2161,ACTIVE,512.11,False,1
MCH2142,mch2142,"Banerjee, Ghose and Parekh",5942,mcc_field,False,Books & Stationery,BOOKS_STATIONERY,Sole Proprietor,Delhi,Delhi,False,2024-08-23 00:00:00,False,VIRTUAL_ACCOUNT,2309,ACTIVE,3367.02,True,1
MCH2144,MCH2144,Choudhary-Kashyap,5942,mcc_field,False,Books & Stationery,Books,Partnership,Ludhiana,Punjab,False,2024-08-13 16:56:48,False,MASKED,3571,ACTIVE,350.72,False,1
MCH2148,MCH 2148,Dora Ltd,5912,mcc_field,False,Pharmacy,Pharmacy,Private Limited,Amritsar,Punjab,False,2024-05-30 17:40:28,False,MISSING,,ACTIVE,343.34,False,1
MCH2149,MCH 2149,"Doctor, Varughese and Hans",5942,mcc_field,False,Books & Stationery,Stationery,Individual,Bengaluru,Karnataka,False,2025-05-07 00:00:00,False,MASKED,2634,ACTIVE,3778.33,False,2
MCH2152,MCH2152,"Choudhry, Chauhan and Dayal",5942,mcc_field,False,Books & Stationery,Stationery,Private Limited,Pune,Maharashtra,False,2025-11-28 17:27:17,False,ACCOUNT_NUMBER,4605,ACTIVE,1507.67,False,1
MCH2153,MCH2153,"Dara, Vala and Venkatesh",5699,mcc_field,False,Apparel,CLOTHS,Partnership,Chennai,Tamil Nadu,False,2023-06-21 00:00:00,False,MISSING,,ACTIVE,1608.19,True,1
MCH2154,mch2154,"Chhabra, Walla and Ramakrishnan",5942,mcc_field,False,Books & Stationery,Book Store,Sole Proprietor,Ludhiana,Punjab,False,2023-10-28 00:00:00,False,MISSING,,INACTIVE,1662.0,False,2
MCH2155,MCH 2155,Vig-Bobal,4814,mcc_field,False,Telecom,Mobile Recharge,Private Limited,Delhi,Delhi,False,2023-05-03 00:00:00,False,MASKED,5202,ACTIVE,8483.0,False,1
MCH2157,MCH 2157,Parmer-Sinha,5912,mcc_field,False,Pharmacy,Pharmacies,Partnership,Delhi,Delhi,False,2023-10-22 03:49:00,False,MISSING,,ACTIVE,1536.42,False,3
MCH2159,mch2159,Sawhney LLC,5812,mcc_field,False,Restaurants,Food,Sole Proprietor,Jalandhar,Punjab,False,2024-05-16 00:00:00,False,VIRTUAL_ACCOUNT,8022,ACTIVE,1420.0,False,1
MCH2165,MCH2165,Venkataraman-Seshadri,5912,mcc_field,False,Pharmacy,MEDICAL_STORE,Sole Proprietor,Pune,Maharashtra,False,2024-06-26 00:00:00,False,MISSING,,ACTIVE,137.68,False,1
MCH2166,MCH2166,Sant-Venkatesh,5912,mcc_field,False,Pharmacy,Pharmacy,Individual,Amritsar,Punjab,False,2024-09-20 00:00:00,False,ACCOUNT_NUMBER,6270,ACTIVE,789.14,False,1
MCH2169,MCH2169,"Munshi, Srinivas and Ramanathan",5942,mcc_field,False,Books & Stationery,BOOKS_STATIONERY,Partnership,Chennai,Tamil Nadu,False,2024-09-07 00:00:00,False,MISSING,,ACTIVE,351.61,False,2
MCH2172,2172,"Taneja, Raj and Vora",7011,mcc_field,False,Hotels & Lodging,Hotel,Sole Proprietor,Hyderabad,Telangana,False,2025-06-15 03:11:00,False,MISSING,,ACTIVE,466.45,False,2
MCH2174,MCH2174,"Sood, Chowdhury and Chacko",7011,mcc_field,False,Hotels & Lodging,Hotel,Private Limited,Delhi,Delhi,False,2024-03-13 00:00:00,False,ACCOUNT_NUMBER,0729,INACTIVE,1287.16,False,1
MCH2177,MCH2177,"Boase, Bajaj and Krish",5999,mcc_field,False,Misc Retail,Other,Private Limited,Jalandhar,Punjab,False,2025-08-01 00:00:00,False,MISSING,,ACTIVE,420.77,False,2
MCH2179,MCH2179,Chanda-Sura,5699,mcc_field,False,Apparel,Fashion,Private Limited,Jalandhar,Punjab,False,2026-01-07 00:00:00,False,MASKED,4523,ACTIVE,1281.24,False,2
MCH2180,MCH2180,Chaudry-Sidhu,5699,inferred_from_category,False,Apparel,Apparel,Private Limited,Pune,Maharashtra,False,,False,ACCOUNT_NUMBER,6419,ACTIVE,3354.42,False,1
MCH2183,MCH2183,Savant LLC,4131,mcc_field,False,Transportation,TRAVEL,Sole Proprietor,Delhi,Delhi,False,,False,MASKED,8842,ACTIVE,202.62,True,1
MCH2185,2185,Wagle Inc,5912,inferred_from_category,False,Pharmacy,Medical,Private Limited,Pune,Maharashtra,False,,False,MASKED,8242,SUSPENDED,828.0,False,1
MCH2186,MCH2186,Venkatesh and Sons,5912,mcc_field,False,Pharmacy,Medical,Sole Proprietor,Lucknow,Uttar Pradesh,False,2025-11-23 00:00:00,False,MISSING,,ACTIVE,661.82,False,1
MCH2187,MCH-2187,Balan and Sons,5999,mcc_field,False,Misc Retail,Retail Other,Sole Proprietor,Bengaluru,Karnataka,False,2024-10-22 00:00:00,False,MISSING,,ACTIVE,1340.0,False,1
MCH2188,MCH-2188,"Sundaram, Prakash and Sheth",5699,mcc_field,False,Apparel,Fashion,Sole Proprietor,Hyderabad,Telangana,False,2025-11-02 20:29:00,False,MISSING,,ACTIVE,778.36,True,1
MCH2189,MCH2189,"Mammen, Balakrishnan and Prakash",5311,mcc_field,False,Department Stores,Retail,Sole Proprietor,Jaipur,Rajasthan,False,2025-05-14 00:00:00,False,MISSING,,ACTIVE,2363.97,False,1
MCH2191,MCH2191,"Choudhry, Rai and Chokshi",5942,inferred_from_category,False,Books & Stationery,Book Store,Private Limited,Chennai,Tamil Nadu,False,2025-04-14 00:00:00,False,MISSING,,ACTIVE,3020.11,False,2
MCH2196,MCH2196,Badal-Ghosh,4131,mcc_field,False,Transportation,transprt,Individual,Delhi,Delhi,False,2024-04-07 00:00:00,False,MASKED,7232,ACTIVE,188.84,False,1
MCH2197,MCH2197,Palan-Bhatti,5311,mcc_field,False,Department Stores,Department Stores,Partnership,Delhi,Delhi,False,,False,VIRTUAL_ACCOUNT,4050,ACTIVE,2800.25,False,1
MCH2198,MCH2198,"Arya, Dalal and Keer",5812,mcc_field,False,Restaurants,Restaurant,Private Limited,Jaipur,Rajasthan,False,2023-09-08 16:05:16,False,MISSING,,ACTIVE,2776.31,False,1
MCH2199,MCH-2199,Subramanian Inc,5311,mcc_field,False,Department Stores,Department Stores,Private Limited,Bengaluru,Karnataka,False,2024-01-14 00:00:00,False,MISSING,,SUSPENDED,369.25,False,1
MCH2200,MCH2200,Choudhry-Vig,4814,mcc_field,False,Telecom,TELECOM,Private Limited,Jaipur,Rajasthan,False,2023-04-21 06:16:00,False,VIRTUAL_ACCOUNT,9384,ACTIVE,207.14,False,1
MCH2201,MCH2201,"Chandra, Sen and Ray",5812,mcc_field,False,Restaurants,eating place,Private Limited,Bengaluru,Karnataka,False,2025-11-17 00:00:00,False,MASKED,8373,ACTIVE,384.1,True,2
MCH2202,MCH2202,"Dass, Vala and Goda",5912,mcc_field,False,Pharmacy,Pharmacy,Private Limited,Hyderabad,Telangana,False,2023-06-19 00:00:00,False,VIRTUAL_ACCOUNT,1580,SUSPENDED,1191.83,True,1
MCH2203,MCH2203,"Dar, Khurana and Vasa",5812,mcc_field,False,Restaurants,Restaurant,Sole Proprietor,Jaipur,Rajasthan,False,2024-07-05 09:28:00,False,MISSING,,ACTIVE,14312.42,False,1
MCH2205,MCH2205,Mannan and Sons,5999,mcc_field,False,Misc Retail,Miscellaneous,Sole Proprietor,Ludhiana,Punjab,False,2023-07-23 00:00:00,False,MASKED,7174,INACTIVE,490.97,False,4
MCH2211,MCH2211,Krishnan-Sibal,5942,mcc_field,False,Books & Stationery,BOOKS_STATIONERY,Individual,Bengaluru,Karnataka,False,2023-05-28 18:32:06,False,MISSING,,ACTIVE,1189.37,False,1
MCH2212,MCH 2212,Parmar Group,4131,inferred_from_category,False,Transportation,Bus/Taxi,Private Limited,Jalandhar,Punjab,False,2025-02-01 07:40:00,False,MISSING,,ACTIVE,4432.56,False,1
MCH2213,MCH 2213,"Dash,soniand Palla",7011,mcc_field,False,Hotels & Lodging,Hotel,Individual,Kolkata,West Bengal,False,2023-04-30 00:00:00,False,MISSING,,ACTIVE,4392.08,False,1
MCH2214,MCH2214,Varkey-Seshadri,4131,mcc_field,False,Transportation,Transport,Partnership,Delhi,Delhi,False,2024-12-18 00:00:00,False,ACCOUNT_NUMBER,2995,ACTIVE,649.44,True,1
MCH2215,mch2215,Maharaj-Kale,7011,mcc_field,False,Hotels & Lodging,Hospitality,Individual,Kolkata,West Bengal,False,2024-08-03 00:00:00,False,MISSING,,ACTIVE,3526.35,False,1
MCH2217,MCH2217,"Rai, Bala and Shenoy",5411,mcc_field,False,Grocery,Grocery Stores,Individual,Mumbai,Maharashtra,False,2023-08-15 00:00:00,False,ACCOUNT_NUMBER,8510,ACTIVE,728.77,False,1
MCH2218,MCH2218,"Upadhyay, Sharma and Kothari",7011,mcc_field,False,Hotels & Lodging,HOTEL_LODGING,Partnership,Lucknow,Uttar Pradesh,False,2024-04-23 18:51:00,False,VIRTUAL_ACCOUNT,9851,ACTIVE,341.57,True,1
MCH2220,mch2220,Tailor and Sons,5311,mcc_field,False,Department Stores,DEPT_STORE,Sole Proprietor,Mumbai,Maharashtra,False,2025-06-23 20:54:27,False,MISSING,,ACTIVE,940.64,False,1
MCH2222,mch2222,"Mani, Ravel and Agrawal",5699,inferred_from_category,False,Apparel,CLOTHS,Sole Proprietor,Lucknow,Uttar Pradesh,False,2023-10-01 00:00:00,False,MISSING,,ACTIVE,815.84,False,1
MCH2223,MCH2223,Dhaliwal LLC,4814,mcc_field,False,Telecom,Mobile Recharge,Individual,Mumbai,Maharashtra,False,2024-07-14 16:20:52,False,MASKED,3669,ACTIVE,543.88,False,2
MCH2224,MCH2224,Nadig-Varma,5812,mcc_field,False,Restaurants,FOOD_SERVICES,Private Limited,Chennai,Tamil Nadu,False,2025-10-29 00:00:00,False,MISSING,,ACTIVE,2261.0,False,2
MCH2229,MCH2229,"Kala, Baral and Subramanian",5311,mcc_field,False,Department Stores,DEPT_STORE,Private Limited,Mumbai,Maharashtra,False,2025-12-21 00:00:00,False,MISSING,,ACTIVE,577.0,False,2
MCH2231,MCH 2231,"Goyal, Balakrishnan and Patla",7011,mcc_field,False,Hotels & Lodging,HOTEL_LODGING,Private Limited,Bengaluru,Karnataka,False,2024-11-10 09:09:32,False,MISSING,,INACTIVE,1360.71,False,1
MCH2232,MCH2232,Borde-Sule,5311,mcc_field,False,Department Stores,Department Store,Partnership,Hyderabad,Telangana,False,2025-02-24 00:00:00,False,ACCOUNT_NUMBER,4909,ACTIVE,642.26,False,2
MCH2236,MCH2236,Yohannan-Chada,5311,mcc_field,False,Department Stores,dept_store,Private Limited,Kolkata,West Bengal,False,2023-01-24 08:58:43,False,ACCOUNT_NUMBER,8531,INACTIVE,5340.64,False,2
MCH2237,MCH2237,Chatterjee-Din,4814,mcc_field,False,Telecom,TELECOM,Sole Proprietor,Lucknow,Uttar Pradesh,False,2023-01-23 00:00:00,False,ACCOUNT_NUMBER,2934,ACTIVE,,False,1
MCH2238,MCH2238,Chakrabarti-Lata,5699,mcc_field,False,Apparel,garments,Individual,Amritsar,Punjab,False,2024-10-19 10:57:01,False,ACCOUNT_NUMBER,7365,ACTIVE,1650.0,False,1
MCH2240,MCH2240,"Shenoy, Tara and Kala",5912,mcc_field,False,Pharmacy,Medical,Partnership,Chennai,Tamil Nadu,False,2023-03-25 00:00:00,False,MISSING,,ACTIVE,1500.77,False,1
MCH2241,MCH2241,Patla-Prabhakar,5942,mcc_field,False,Books & Stationery,BOOKS_STATIONERY,Partnership,Kolkata,West Bengal,False,2026-01-15 00:00:00,False,MISSING,,ACTIVE,868.0,False,1
MCH2244,MCH2244,Master Plc,5912,mcc_field,False,Pharmacy,chemist,Private Limited,Jalandhar,Punjab,False,2024-06-10 01:44:00,False,MISSING,,CLOSED,2383.0,False,1
MCH2248,mch2248,Mutti-Manne,5812,mcc_field,False,Restaurants,Restaurant,Partnership,Ludhiana,Punjab,False,2023-11-22 00:00:00,False,MISSING,,INACTIVE,1021.0,False,1
MCH2249,MCH2249,Bahri-Nagarajan,7011,mcc_field,False,Hotels & Lodging,HOTEL_LODGING,Sole Proprietor,Ludhiana,Punjab,False,2024-11-17 00:00:00,False,ACCOUNT_NUMBER,0572,ACTIVE,590.8,False,3
MCH2250,MCH2250,Borra and Sons,5942,mcc_field,False,Books & Stationery,Books,Individual,Hyderabad,Telangana,False,2024-07-18 18:37:00,False,MASKED,4935,ACTIVE,,False,2
MCH2255,MCH2255,Lal Ltd,5311,mcc_field,False,Department Stores,Department Stores,Individual,Jaipur,Rajasthan,False,2023-05-29 00:00:00,False,ACCOUNT_NUMBER,0314,ACTIVE,1404.67,False,1
MCH2257,MCH-2257,Mandal-Sankaran,5311,mcc_field,False,Department Stores,Department Stores,Individual,Mumbai,Maharashtra,False,2024-04-18 23:11:42,False,MISSING,,ACTIVE,4831.04,False,1
MCH2258,MCH2258,Walia Group,5311,mcc_field,False,Department Stores,DEPT_STORE,Sole Proprietor,Jalandhar,Punjab,False,2025-10-14 00:00:00,False,MASKED,1416,ACTIVE,1902.49,False,1
MCH2261,mch2261,Grover Inc,5812,mcc_field,False,Restaurants,Restaurant,Sole Proprietor,Mumbai,Maharashtra,False,2025-11-25 01:19:55,False,MISSING,,ACTIVE,1519.0,False,1
MCH2263,MCH 2263,Puri-D’alia,5311,mcc_field,False,Department Stores,Department Store,Private Limited,Amritsar,Punjab,False,2024-08-29 00:00:00,False,VIRTUAL_ACCOUNT,3333,ACTIVE,2781.79,False,1
MCH2264,mch2264,"Sule, Sarma and Sur",5311,mcc_field,False,Department Stores,Retail,Individual,Delhi,Delhi,False,2025-10-21 00:00:00,False,VIRTUAL_ACCOUNT,5959,SUSPENDED,4017.0,False,3
MCH2265,MCH2265,"Bail, Gopal and Khare",5912,inferred_from_category,False,Pharmacy,Pharmacies,Partnership,Lucknow,Uttar Pradesh,False,2024-08-04 00:00:00,False,VIRTUAL_ACCOUNT,7453,INACTIVE,785.4,True,2
MCH2266,mch2266,Natarajan and Sons,5912,mcc_field,False,Pharmacy,chemist,Individual,Chennai,Tamil Nadu,False,2025-04-17 01:53:35,False,VIRTUAL_ACCOUNT,4696,ACTIVE,447.78,False,1
MCH2267,MCH2267,Bobal and Sons,7011,mcc_field,False,Hotels & Lodging,HOTEL_LODGING,Partnership,Delhi,Delhi,False,2023-01-03 00:00:00,False,VIRTUAL_ACCOUNT,2559,ACTIVE,2114.71,False,1
MCH2268,mch2268,"Verma, Aurora and De",5999,mcc_field,False,Misc Retail,Miscellaneous,Private Limited,Jalandhar,Punjab,False,,False,VIRTUAL_ACCOUNT,1930,ACTIVE,995.42,False,1
MCH2269,MCH2269,"Dalal, Samra and Kala",7011,mcc_field,False,Hotels & Lodging,Hotel,Sole Proprietor,Pune,Maharashtra,False,2025-10-08 00:00:00,False,MISSING,,ACTIVE,356.96,True,1
MCH2274,2274,D’alia Group,4131,mcc_field,False,Transportation,transprt,Sole Proprietor,Ludhiana,Punjab,False,2024-04-26 00:00:00,False,VIRTUAL_ACCOUNT,0545,SUSPENDED,,False,3
MCH2278,MCH2278,"Mohanty, Bobal and Minhas",7011,mcc_field,False,Hotels & Lodging,HOTEL_LODGING,Sole Proprietor,Pune,Maharashtra,False,2023-08-25 22:07:00,False,ACCOUNT_NUMBER,6997,ACTIVE,4540.82,False,1
MCH2279,mch2279,Sarma Inc,5912,mcc_field,False,Pharmacy,Pharmacies,Private Limited,Mumbai,Maharashtra,False,2024-07-29 00:00:00,False,VIRTUAL_ACCOUNT,5398,ACTIVE,2197.82,False,1
MCH2282,MCH2282,Mall Group,5311,inferred_from_category,False,Department Stores,Retail,Partnership,Jalandhar,Punjab,False,2024-02-08 23:31:25,False,ACCOUNT_NUMBER,0033,ACTIVE,654.0,False,1
MCH2283,MCH2283,"Dhawan, Pa11a and Krishnan",7011,mcc_field,False,Hotels & Lodging,HOTEL_LODGING,Partnership,Hyderabad,Telangana,False,,False,ACCOUNT_NUMBER,0306,ACTIVE,954.74,False,1
MCH2284,MCH2284,Nayak Group,5699,mcc_field,False,Apparel,Apparel,Private Limited,Mumbai,Maharashtra,False,2025-10-01 04:44:36,False,MASKED,8146,SUSPENDED,998.2,False,2
MCH2287,MCH 2287,Baral Inc,5912,mcc_field,False,Pharmacy,Medical,Individual,Delhi,Delhi,False,2025-06-11 00:00:00,False,MISSING,,ACTIVE,920.82,False,1
MCH2289,mch2289,Tank-Datta,5812,mcc_field,False,Restaurants,Food,Private Limited,Hyderabad,Telangana,False,2025-10-26 00:00:00,False,ACCOUNT_NUMBER,2436,ACTIVE,372.03,False,2
MCH2293,MCH2293,"Pandit, Bhavsar and Barman",4814,mcc_field,False,Telecom,TELECOM,Private Limited,Pune,Maharashtra,False,2023-03-20 00:50:23,False,MISSING,,ACTIVE,792.61,False,1
MCH2296,MCH2296,Buch Ltd,4131,mcc_field,False,Transportation,Bus/Taxi,Partnership,Ludhiana,Punjab,False,2023-06-19 12:35:26,False,MASKED,9780,ACTIVE,8012.35,False,1
MCH2297,MCH-2297,Mutti and Sons,5942,mcc_field,False,Books & Stationery,BOOKS_STATIONERY,Partnership,Ludhiana,Punjab,False,2026-01-15 05:18:27,False,MISSING,,ACTIVE,1134.74,False,1
MCH2299,MCH2299,Ahluwalia Inc,4131,mcc_field,False,Transportation,travel,Partnership,Ludhiana,Punjab,False,2024-12-02 23:31:00,False,MISSING,,ACTIVE,2936.54,False,2
MCH2302,MCH2302,"Sekhon, Tak and Dhingra",5942,mcc_field,False,Books & Stationery,Book Store,Sole Proprietor,Amritsar,Punjab,False,2023-11-11 00:00:00,False,ACCOUNT_NUMBER,0195,ACTIVE,852.28,False,1
MCH2306,MCH2306,Goswami Inc,7011,mcc_field,False,Hotels & Lodging,HOTEL_LODGING,Sole Proprietor,Bengaluru,Karnataka,False,,False,ACCOUNT_NUMBER,7298,ACTIVE,1562.95,False,1
MCH2308,MCH2308,Bhattacharyya LLC,5311,mcc_field,False,Department Stores,DEPT_STORE,Sole Proprietor,Jalandhar,Punjab,False,2023-10-14 00:00:00,False,MISSING,,INACTIVE,4753.89,False,1
MCH2309,MCH2309,"Bajaj, Chakraborty and Malhotra",5311,mcc_field,False,Department Stores,DEPT_STORE,Individual,Amritsar,Punjab,False,2026-01-24 07:59:49,False,VIRTUAL_ACCOUNT,5942,ACTIVE,355.13,False,2
MCH2310,MCH2310,Raj Ltd,5411,mcc_field,False,Grocery,Grocery Stores,Partnership,Jaipur,Rajasthan,False,2026-02-13 22:28:00,False,MISSING,,INACTIVE,681.98,False,2
MCH2313,MCH2313,Gulati LLC,5999,mcc_field,False,Misc Retail,Retail Other,Private Limited,Kolkata,West Bengal,False,2024-06-09 00:00:00,False,VIRTUAL_ACCOUNT,9043,CLOSED,3231.31,True,1
MCH2314,MCH2314,"Tank, Bera and Dash",5812,inferred_from_category,False,Restaurants,Food,Sole Proprietor,Kolkata,West Bengal,False,2023-02-01 01:03:00,False,MISSING,,ACTIVE,2905.93,False,1
MCH2327,MCH2327,Kibe-Char,5812,mcc_field,False,Restaurants,Food,Partnership,Hyderabad,Telangana,False,2025-10-09 00:00:00,False,MASKED,0303,ACTIVE,848.32,False,3
MCH2332,MCH2332,Toor Inc,7011,mcc_field,False,Hotels & Lodging,Hospitality,Individual,Ludhiana,Punjab,False,2023-04-20 08:12:00,False,VIRTUAL_ACCOUNT,7105,ACTIVE,3555.73,True,1
MCH2335,MCH2335,Ganesh Ltd,5999,mcc_field,False,Misc Retail,Miscellaneous,Private Limited,Pune,Maharashtra,False,2025-03-03 00:00:00,False,MISSING,,ACTIVE,,False,1
MCH2336,MCH2336,Narasimhan Inc,5411,inferred_from_category,False,Grocery,Grocery,Sole Proprietor,Jalandhar,Punjab,False,2025-06-18 00:00:00,False,MISSING,,INACTIVE,791.05,False,1
MCH2344,MCH2344,"Purohit, Rege and Patil",5699,inferred_from_category,False,Apparel,CLOTHS,Private Limited,Jaipur,Rajasthan,False,,False,MISSING,,ACTIVE,,False,1
MCH2345,MCH2345,"Kibe, Verma and Koshy",4814,mcc_field,False,Telecom,phone service,Individual,Bengaluru,Karnataka,False,2024-06-28 00:00:00,False,ACCOUNT_NUMBER,4184,ACTIVE,808.61,False,1
MCH2346,MCH2346,Palla-Mannan,5699,mcc_field,False,Apparel,garments,Partnership,Chennai,Tamil Nadu,False,2025-04-29 00:00:00,False,MASKED,3607,ACTIVE,468.76,False,1
MCH2347,MCH 2347,"Dara, Ravel and Soni",5912,mcc_field,False,Pharmacy,Pharmacies,Sole Proprietor,Amritsar,Punjab,False,2023-12-09 00:00:00,False,VIRTUAL_ACCOUNT,5938,ACTIVE,3169.93,False,1
MCH2350,MCH-2350,"Gill, Sura and Doshi",5812,mcc_field,False,Restaurants,Restaurant,Individual,Pune,Maharashtra,False,2026-02-19 21:03:12,False,MISSING,,ACTIVE,668.0,False,2
MCH2353,MCH2353,Sood-Vasa,5411,mcc_field,False,Grocery,GROCERY_STORE,Sole Proprietor,Mumbai,Maharashtra,False,2026-01-24 05:19:00,False,MISSING,,ACTIVE,2728.11,False,1
MCH2354,MCH2354,"Toor, Nagi and Dara",5912,mcc_field,False,Pharmacy,Medical,Sole Proprietor,Pune,Maharashtra,False,2024-04-12 23:57:41,False,VIRTUAL_ACCOUNT,8881,ACTIVE,1954.79,False,1
MCH2356,MCH2356,"Vyas, Chhabra and Kala",7011,inferred_from_category,False,Hotels & Lodging,HOTEL_LODGING,Private Limited,Chennai,Tamil Nadu,False,2024-08-07 00:00:00,False,MISSING,,ACTIVE,2064.97,False,2
MCH2357,MCH-2357,Shan Ltd,5999,mcc_field,False,Misc Retail,Retail Other,Individual,Jalandhar,Punjab,False,2025-06-16 00:00:00,False,MASKED,8144,ACTIVE,945.26,False,1
MCH2360,MCH2360,Bhakta-Nazareth,5942,mcc_field,False,Books & Stationery,Stationery,Private Limited,Jaipur,Rajasthan,False,2024-06-21 00:00:00,False,MISSING,,INACTIVE,755.69,False,1
MCH2368,MCH2368,Chadha-Barman,5912,mcc_field,False,Pharmacy,Pharmacy,Individual,Jalandhar,Punjab,False,2025-11-27 00:00:00,False,ACCOUNT_NUMBER,5450,SUSPENDED,3326.29,False,1
MCH2370,MCH-2370,Mutti-Sarma,5699,mcc_field,False,Apparel,Fashion,Individual,Delhi,Delhi,False,2024-08-03 00:00:00,False,MISSING,,ACTIVE,6053.56,False,1
MCH2376,MCH2376,"Lata, Krishnamurthy and Lal",5311,mcc_field,False,Department Stores,Retail,Partnership,Jalandhar,Punjab,False,2025-12-05 00:00:00,False,MISSING,,ACTIVE,113.0,False,1
MCH2378,MCH2378,"Rau, Pradhan and Bansal",5411,mcc_field,False,Grocery,kirana,Individual,Lucknow,Uttar Pradesh,False,2024-02-09 01:00:15,False,ACCOUNT_NUMBER,6864,ACTIVE,6158.0,False,1
MCH2382,2382,Parsa-Mandal,4814,mcc_field,False,Telecom,Telecom,Individual,Jalandhar,Punjab,False,2026-01-30 05:50:43,False,MISSING,,SUSPENDED,16892.62,False,1
MCH2383,mch2383,Dewan-Misra,4814,mcc_field,False,Telecom,Mobile Recharge,Sole Proprietor,Ludhiana,Punjab,False,2023-05-09 17:41:00,False,MISSING,,ACTIVE,923.06,False,1
MCH2384,MCH-2384,Sarkar-Aurora,5912,mcc_field,False,Pharmacy,chemist,Sole Proprietor,Jaipur,Rajasthan,False,2025-01-22 04:54:23,False,MISSING,,ACTIVE,4909.55,False,5
MCH2387,MCH2387,Dar-Dass,5912,mcc_field,False,Pharmacy,chemist,Partnership,Lucknow,Uttar Pradesh,False,,False,MISSING,,ACTIVE,1022.15,False,1
MCH2390,MCH2390,Bandi-Sidhu,5311,mcc_field,False,Department Stores,Retail,Sole Proprietor,Jaipur,Rajasthan,False,,False,MASKED,9688,ACTIVE,1091.1,False,1
MCH2392,2392,Shetty and Sons,5411,inferred_from_category,False,Grocery,Grocery Stores,Individual,Amritsar,Punjab,False,2025-12-18 00:00:00,False,MASKED,1862,ACTIVE,655.01,False,1
MCH2394,MCH-2394,Rajagopalan LLC,5812,mcc_field,False,Restaurants,eating place,Partnership,Kolkata,West Bengal,False,,False,MASKED,3997,ACTIVE,2001.35,False,1
MCH2395,MCH-2395,Sathe-Dixit,4131,mcc_field,False,Transportation,Bus/Taxi,Private Limited,Chennai,Tamil Nadu,False,2023-12-24 00:00:00,False,MISSING,,ACTIVE,941.52,False,2
MCH2398,MCH2398,Kapur-Dani,5311,mcc_field,False,Department Stores,DEPT_STORE,Individual,Chennai,Tamil Nadu,False,2023-09-15 16:58:35,False,VIRTUAL_ACCOUNT,6193,ACTIVE,711.05,False,2
MCH2402,MCH2402,Dhillon Group,5912,mcc_field,False,Pharmacy,Pharmacy,Individual,Mumbai,Maharashtra,False,2024-02-12 07:15:12,False,VIRTUAL_ACCOUNT,2348,ACTIVE,1477.89,False,1
MCH2403,MCH 2403,Chana-Yohannan,5411,mcc_field,False,Grocery,groceries,Partnership,Kolkata,West Bengal,False,2025-07-28 00:00:00,False,MISSING,,ACTIVE,574.13,False,1
MCH2404,MCH2404,Mutti-Seshadri,5411,mcc_field,False,Grocery,GROCERY_STORE,Individual,Ludhiana,Punjab,False,2026-01-13 07:54:00,False,MISSING,,ACTIVE,233.4,False,1
MCH2407,2407,Chaudhry Plc,5912,inferred_from_category,False,Pharmacy,Pharmacy,Private Limited,Pune,Maharashtra,False,,False,ACCOUNT_NUMBER,3369,ACTIVE,5215.07,False,1
MCH2408,mch2408,"Kumar, Din and Sule",5999,mcc_field,False,Misc Retail,Misc Retail,Sole Proprietor,Bengaluru,Karnataka,False,,False,MISSING,,ACTIVE,2001.55,True,1
MCH2411,MCH2411,Saraf-Gola,4131,mcc_field,False,Transportation,Transport,Individual,Jaipur,Rajasthan,False,2023-02-09 06:15:13,False,MISSING,,ACTIVE,2300.71,False,1
MCH2412,MCH2412,Nadig Inc,5942,mcc_field,False,Books & Stationery,BOOKS_STATIONERY,Individual,Hyderabad,Telangana,False,2024-12-08 07:03:51,False,MASKED,9581,ACTIVE,144.12,False,1
MCH2416,MCH2416,"Gokhale, Dua and Murty",5411,mcc_field,False,Grocery,kirana,Sole Proprietor,Delhi,Delhi,False,2024-09-15 00:00:00,False,ACCOUNT_NUMBER,9400,ACTIVE,4341.41,False,1
MCH2417,MCH2417,"Reddy, Patel and Manda",5912,mcc_field,False,Pharmacy,Pharmacy,Individual,Bengaluru,Karnataka,False,2025-03-13 00:00:00,False,MASKED,5551,ACTIVE,1553.29,False,1
MCH2418,MCH2418,Mangal-Krishnamurthy,5942,mcc_field,False,Books & Stationery,Stationery,Individual,Delhi,Delhi,False,2024-07-21 00:00:00,False,MISSING,,ACTIVE,436.58,False,4
MCH2419,MCH 2419,Suri Ltd,5999,mcc_field,False,Misc Retail,Misc Retail,Individual,Mumbai,Maharashtra,False,2024-02-05 00:00:00,False,ACCOUNT_NUMBER,1109,ACTIVE,5184.52,True,1
MCH2421,MCH2421,Chanda Plc,4131,mcc_field,False,Transportation,Transport,Partnership,Lucknow,Uttar Pradesh,False,2023-10-11 20:31:00,False,VIRTUAL_ACCOUNT,7539,ACTIVE,146.0,False,1
MCH2422,MCH2422,Sampath-Balasubramanian,4814,inferred_from_category,False,Telecom,phone service,Private Limited,Bengaluru,Karnataka,False,2025-06-25 00:00:00,False,ACCOUNT_NUMBER,1719,ACTIVE,2352.58,False,2
MCH2423,MCH2423,"Lad, Kibe and Bora",7011,mcc_field,False,Hotels & Lodging,HOTEL_LODGING,Individual,Pune,Maharashtra,False,2023-10-25 07:48:35,False,MISSING,,CLOSED,2425.0,False,2
MCH2424,MCH2424,Patil Ltd,5912,mcc_field,False,Pharmacy,chemist,Partnership,Chennai,Tamil Nadu,False,2023-10-08 14:00:00,False,MISSING,,ACTIVE,737.41,False,2
MCH2425,mch2425,Suri-Kurian,5411,mcc_field,False,Grocery,Grocery,Partnership,Ludhiana,Punjab,False,2023-06-06 04:11:03,False,MISSING,,ACTIVE,1800.35,False,1
MCH2428,MCH2428,Suresh-Varma,4814,mcc_field,False,Telecom,TELECOM,Private Limited,Hyderabad,Telangana,False,2024-05-31 00:00:00,False,MASKED,3635,ACTIVE,949.0,False,1
MCH2430,MCH 2430,Bora Group,4814,mcc_field,False,Telecom,TELECOM,Individual,Amritsar,Punjab,False,2026-01-27 15:52:53,False,ACCOUNT_NUMBER,2677,ACTIVE,827.43,False,2
MCH2432,MCH 2432,Parmar-Parmer,4131,mcc_field,False,Transportation,Transportation,Individual,Kolkata,West Bengal,False,,False,MISSING,,ACTIVE,2557.63,False,1
MCH2435,MCH2435,"Badal, Chada and Narang",5699,mcc_field,False,Apparel,Fashion,Private Limited,Ludhiana,Punjab,False,,False,ACCOUNT_NUMBER,5854,ACTIVE,2576.23,False,2
MCH2436,2436,"Bhagat, Amble and Dixit",4131,mcc_field,False,Transportation,Transportation,Individual,Lucknow,Uttar Pradesh,False,2024-07-27 10:21:56,False,MASKED,8612,ACTIVE,2085.74,False,2
MCH2438,MCH2438,Saxena-Sagar,5999,mcc_field,False,Misc Retail,Misc Retail,Sole Proprietor,Amritsar,Punjab,False,2025-06-21 03:10:13,False,VIRTUAL_ACCOUNT,3658,ACTIVE,1010.25,False,1
MCH2440,MCH2440,Hans-Master,7011,mcc_field,False,Hotels & Lodging,HOTEL_LODGING,Sole Proprietor,Ludhiana,Punjab,False,2023-02-15 11:47:00,False,VIRTUAL_ACCOUNT,6054,ACTIVE,1395.0,False,1
MCH2441,MCH2441,Bhatnagar Plc,4814,mcc_field,False,Telecom,phone service,Individual,Jaipur,Rajasthan,False,2024-05-04 23:00:00,False,ACCOUNT_NUMBER,6528,ACTIVE,1789.0,False,1
MCH2442,MCH2442,Gole Plc,5812,mcc_field,False,Restaurants,eating place,Partnership,Mumbai,Maharashtra,False,2024-08-28 00:00:00,False,ACCOUNT_NUMBER,1670,ACTIVE,625.13,False,1
MCH2444,MCH2444,"Sachar, Das and Deo",4131,mcc_field,False,Transportation,Bus/Taxi,Sole Proprietor,Jalandhar,Punjab,False,2025-05-12 00:00:00,False,MISSING,,ACTIVE,563.27,False,2
MCH2445,MCH2445,"Vohra, Gill and Saini",5311,mcc_field,False,Department Stores,DEPT_STORE,Individual,Jaipur,Rajasthan,False,2025-05-01 00:00:00,False,MASKED,4477,INACTIVE,887.98,False,2
MCH2447,MCH2447,Anand LLC,4131,mcc_field,False,Transportation,Transport,Sole Proprietor,Jaipur,Rajasthan,False,,False,MISSING,,CLOSED,1803.52,False,1
MCH2448,2448,Shan Ltd,5699,mcc_field,False,Apparel,Apparel,Private Limited,Delhi,Delhi,False,2023-03-22 16:55:53,False,MISSING,,ACTIVE,331.32,False,1
MCH2450,MCH-2450,Bail Plc,5812,mcc_field,False,Restaurants,eating place,Private Limited,Hyderabad,Telangana,False,2024-04-25 12:52:00,False,MASKED,3279,ACTIVE,3923.0,False,1
MCH2451,MCH-2451,"Halder, Kannan and Dixit",7011,mcc_field,False,Hotels & Lodging,Hotel,Private Limited,Kolkata,West Bengal,False,2025-11-20 00:00:00,False,VIRTUAL_ACCOUNT,4941,INACTIVE,610.7,False,1
MCH2459,MCH2459,Gala and Sons,4131,mcc_field,False,Transportation,Transport,Sole Proprietor,Jaipur,Rajasthan,False,2025-04-16 00:00:00,False,VIRTUAL_ACCOUNT,3997,ACTIVE,789.05,False,1
MCH2463,MCH2463,"Pillai, Tank and Das",7011,mcc_field,False,Hotels & Lodging,Hospitality,Sole Proprietor,Chennai,Tamil Nadu,False,2025-08-13 00:00:00,False,ACCOUNT_NUMBER,3229,ACTIVE,1834.3,False,2
MCH2470,MCH2470,Mutti-Bawa,5912,inferred_from_category,False,Pharmacy,chemist,Individual,Jalandhar,Punjab,False,2025-12-13 00:00:00,False,MASKED,5194,SUSPENDED,444.91,False,2
MCH2471,mch2471,Das Group,5942,mcc_field,False,Books & Stationery,BOOKS_STATIONERY,Individual,Jalandhar,Punjab,False,2024-05-30 00:00:00,False,VIRTUAL_ACCOUNT,0744,ACTIVE,3177.16,False,2
MCH2473,MCH2473,Lanka Inc,5942,mcc_field,False,Books & Stationery,Books,Individual,Bengaluru,Karnataka,False,2025-01-20 01:42:00,False,ACCOUNT_NUMBER,0119,ACTIVE,1883.19,False,2
MCH2474,MCH2474,"Setty, Reddy and Singh",5912,inferred_from_category,False,Pharmacy,MEDICAL_STORE,Sole Proprietor,Kolkata,West Bengal,False,2023-12-11 00:00:00,False,MASKED,1604,ACTIVE,3043.1,False,1
MCH2475,MCH 2475,Bains-Sahota,5411,mcc_field,False,Grocery,kirana,Individual,Bengaluru,Karnataka,False,2023-08-16 00:00:00,False,MASKED,6630,ACTIVE,619.32,True,1
MCH2476,MCH2476,Choudhary-Borah,7011,mcc_field,False,Hotels & Lodging,Hospitality,Private Limited,Kolkata,West Bengal,False,2025-10-15 00:00:00,False,VIRTUAL_ACCOUNT,6921,ACTIVE,1108.38,False,1
MCH2478,MCH-2478,"Bala, Sane and Som",5699,mcc_field,False,Apparel,CLOTHS,Sole Proprietor,Hyderabad,Telangana,False,2023-02-15 00:00:00,False,VIRTUAL_ACCOUNT,4685,ACTIVE,911.53,False,1
MCH2480,MCH2480,Banik-Nagar,5812,mcc_field,False,Restaurants,eating place,Private Limited,Jaipur,Rajasthan,False,2025-07-27 00:00:00,False,MASKED,7952,ACTIVE,3594.0,False,1
MCH2486,MCH2486,"Mohanty, Iyer and Sharma",7011,mcc_field,False,Hotels & Lodging,HOTEL_LODGING,Individual,Chennai,Tamil Nadu,False,2023-10-23 21:00:00,False,VIRTUAL_ACCOUNT,8520,ACTIVE,2266.0,False,1
MCH2487,MCH2487,"Virk, Ganguly and Saraf",5812,mcc_field,False,Restaurants,Food,Partnership,Bengaluru,Karnataka,False,2024-04-24 00:00:00,False,MISSING,,INACTIVE,362.02,False,2
MCH2492,MCH2492,"Dhawan, Salvi and Dara",5812,mcc_field,False,Restaurants,Food,Partnership,Lucknow,Uttar Pradesh,False,2025-08-07 00:00:00,False,MASKED,8560,INACTIVE,3500.9,False,4
MCH2493,MCH2493,"Tella, Lata and Tripathi",4814,mcc_field,False,Telecom,TELECOM,Individual,Jaipur,Rajasthan,False,2023-10-28 00:00:00,False,VIRTUAL_ACCOUNT,1354,ACTIVE,4200.08,True,1
MCH2494,MCH2494,Sane Ltd,5699,mcc_field,False,Apparel,Clothing,Partnership,Amritsar,Punjab,False,,False,ACCOUNT_NUMBER,4201,ACTIVE,582.0,False,1
MCH2495,mch2495,"Sibal, Shankar and Malhotra",5699,mcc_field,False,Apparel,Apparel,Individual,Bengaluru,Karnataka,False,2025-07-20 20:24:00,False,MISSING,,ACTIVE,529.0,False,2
MCH2498,MCH2498,Peri-Sachdeva,7011,mcc_field,False,Hotels & Lodging,Hospitality,Individual,Lucknow,Uttar Pradesh,False,2024-07-22 00:00:00,False,ACCOUNT_NUMBER,6113,ACTIVE,1576.69,False,1
MCH2501,MCH2501,Ravel Inc,5912,inferred_from_category,False,Pharmacy,Pharmacies,Partnership,Ludhiana,Punjab,False,2024-08-13 00:00:00,False,MASKED,9432,ACTIVE,2494.94,False,1
MCH2503,MCH2503,Ravel Plc,4814,mcc_field,False,Telecom,Mobile Recharge,Individual,Kolkata,West Bengal,False,2025-03-10 00:00:00,False,ACCOUNT_NUMBER,9598,ACTIVE,858.0,False,3
MCH2504,MCH2504,Mittal Ltd,5999,mcc_field,False,Misc Retail,Retail Other,Individual,Pune,Maharashtra,False,2024-12-29 00:00:00,False,MASKED,5857,INACTIVE,1689.96,False,2
MCH2506,MCH2506,"Sarna, Vora and Seth",4131,mcc_field,False,Transportation,Transportation,Individual,Jaipur,Rajasthan,False,2024-06-13 02:51:27,False,MISSING,,ACTIVE,222.33,False,1
MCH2510,MCH2510,Kakar Group,5411,mcc_field,False,Grocery,kirana,Sole Proprietor,Hyderabad,Telangana,False,2024-03-29 12:22:51,False,MASKED,3606,ACTIVE,744.85,False,2
MCH2513,MCH2513,Bhalla Inc,5699,inferred_from_category,False,Apparel,garments,Partnership,Amritsar,Punjab,False,2023-11-09 00:00:00,False,ACCOUNT_NUMBER,8868,ACTIVE,5544.37,False,1
MCH2514,MCH 2514,"Dua, Peri and Sani",4814,inferred_from_category,False,Telecom,Mobile Recharge,Sole Proprietor,Kolkata,West Bengal,False,,False,VIRTUAL_ACCOUNT,9744,ACTIVE,937.87,False,1
MCH2516,MCH 2516,Ben-Varghese,5411,inferred_from_category,False,Grocery,GROCERY_STORE,Sole Proprietor,Chennai,Tamil Nadu,False,2023-08-04 21:20:00,False,MISSING,,SUSPENDED,398.68,False,1
MCH2522,MCH2522,Savant-Sangha,5311,mcc_field,False,Department Stores,Retail,Partnership,Mumbai,Maharashtra,False,2024-03-01 15:56:00,False,ACCOUNT_NUMBER,5374,ACTIVE,702.03,False,2
MCH2523,MCH2523,Sarma Inc,5999,mcc_field,False,Misc Retail,Retail Other,Individual,Kolkata,West Bengal,False,2025-09-05 00:00:00,False,MISSING,,ACTIVE,2146.62,False,1
MCH2525,MCH 2525,Narayan-Mallick,5912,mcc_field,False,Pharmacy,MEDICAL_STORE,Sole Proprietor,Amritsar,Punjab,False,2025-03-17 22:22:00,False,MISSING,,ACTIVE,1084.48,False,2
MCH2528,MCH2528,Cherian Ltd,5999,mcc_field,False,Misc Retail,Miscellaneous,Private Limited,Jalandhar,Punjab,False,2024-08-03 00:00:00,False,MISSING,,ACTIVE,830.85,False,2
MCH2529,MCH2529,Sheth-Pal,5942,mcc_field,False,Books & Stationery,BOOKS_STATIONERY,Individual,Lucknow,Uttar Pradesh,False,2023-08-23 00:00:00,False,ACCOUNT_NUMBER,1385,ACTIVE,1398.37,False,1
MCH2530,MCH2530,Bal-Sant,5999,mcc_field,False,Misc Retail,Retail Other,Partnership,Kolkata,West Bengal,False,2023-08-06 17:36:00,False,MASKED,3441,ACTIVE,372.49,False,2
MCH2532,MCH2532,Chad Inc,5999,mcc_field,False,Misc Retail,Retail Other,Partnership,Jaipur,Rajasthan,False,2023-01-11 00:00:00,False,VIRTUAL_ACCOUNT,5786,INACTIVE,351.38,False,1
MCH2533,mch2533,"Chhabra, Shah and Tella",5912,mcc_field,False,Pharmacy,Medical,Sole Proprietor,Jaipur,Rajasthan,False,2025-03-05 00:00:00,False,MISSING,,ACTIVE,2439.28,False,3
MCH2534,mch2534,Shetty-Sundaram,5411,mcc_field,False,Grocery,groceries,Private Limited,Pune,Maharashtra,False,2025-03-10 16:30:29,False,MISSING,,ACTIVE,709.87,False,1
MCH2535,MCH2535,Mody-Grewal,5699,mcc_field,False,Apparel,garments,Sole Proprietor,Mumbai,Maharashtra,False,2026-02-11 00:00:00,False,MASKED,4471,ACTIVE,1997.41,False,2
MCH2536,MCH-2536,Divan-Radhakrishnan,4131,mcc_field,False,Transportation,transprt,Private Limited,Pune,Maharashtra,False,2025-07-09 00:00:00,False,VIRTUAL_ACCOUNT,4946,ACTIVE,,False,1
MCH2542,MCH2542,Thakur Group,5411,mcc_field,False,Grocery,GROCERY_STORE,Sole Proprietor,Kolkata,West Bengal,False,2023-12-15 00:00:00,False,ACCOUNT_NUMBER,6427,INACTIVE,3711.74,False,1
MCH2546,MCH2546,Kant Group,5912,inferred_from_category,False,Pharmacy,MEDICAL_STORE,Sole Proprietor,Amritsar,Punjab,False,2025-04-04 00:00:00,False,VIRTUAL_ACCOUNT,1946,ACTIVE,4120.12,False,1
MCH2548,mch2548,Anne LLC,5812,mcc_field,False,Restaurants,Restaurant,Partnership,Kolkata,West Bengal,False,2024-03-28 00:00:00,False,MISSING,,ACTIVE,2367.01,False,1
MCH2550,MCH2550,"Basu, Madan and Chaudry",5999,mcc_field,False,Misc Retail,Miscellaneous,Private Limited,Pune,Maharashtra,False,2024-10-23 11:38:00,False,MISSING,,ACTIVE,1412.55,False,3
MCH2551,MCH2551,"Krishnamurthy, Murthy and Savant",5699,mcc_field,False,Apparel,Fashion,Private Limited,Pune,Maharashtra,False,2023-09-27 00:00:00,False,MASKED,9848,ACTIVE,3427.0,False,2
MCH2552,MCH2552,"Mukherjee, Iyengar and Deo",5942,mcc_field,False,Books & Stationery,Stationery,Partnership,Pune,Maharashtra,False,2025-03-15 00:00:00,False,VIRTUAL_ACCOUNT,0179,ACTIVE,3414.98,False,2
MCH2556,MCH2556,"Zachariah, Manne and Bedi",5942,mcc_field,False,Books & Stationery,BOOKS_STATIONERY,Partnership,Kolkata,West Bengal,False,2024-10-05 01:12:00,False,ACCOUNT_NUMBER,4555,ACTIVE,1248.82,False,1
MCH2559,MCH2559,"Sastry, Dhar and Kibe",7011,mcc_field,False,Hotels & Lodging,Hotel,Partnership,Pune,Maharashtra,False,2023-05-08 00:00:00,False,ACCOUNT_NUMBER,0681,ACTIVE,1827.84,False,1
MCH2564,MCH-2564,Bumb and Sons,7011,mcc_field,False,Hotels & Lodging,Hotels,Private Limited,Hyderabad,Telangana,False,2025-04-18 00:00:00,False,MASKED,0675,ACTIVE,1155.71,False,1
MCH2566,MCH2566,Oommen Inc,5999,mcc_field,False,Misc Retail,Retail Other,Private Limited,Delhi,Delhi,False,,False,MASKED,9507,ACTIVE,2200.23,False,1
MCH2567,MCH2567,"Magar, Hora and Khare",4131,mcc_field,False,Transportation,Transportation,Sole Proprietor,Delhi,Delhi,False,2024-09-30 00:00:00,False,VIRTUAL_ACCOUNT,9537,ACTIVE,572.7,False,1
MCH2568,MCH2568,"Dhaliwal, Bhat and Sarin",5411,mcc_field,False,Grocery,kirana,Partnership,Mumbai,Maharashtra,False,2023-04-28 00:00:00,False,ACCOUNT_NUMBER,2137,ACTIVE,803.0,False,1
MCH2571,MCH 2571,Deep-Chakraborty,5812,mcc_field,False,Restaurants,Restaurants,Partnership,Delhi,Delhi,False,2024-07-31 00:00:00,False,MISSING,,SUSPENDED,3828.75,False,1
MCH2574,MCH 2574,Bala and Sons,5699,mcc_field,False,Apparel,Fashion,Individual,Delhi,Delhi,False,,False,VIRTUAL_ACCOUNT,0924,SUSPENDED,197.23,False,1
MCH2575,MCH 2575,Rastogi-Verma,5912,mcc_field,False,Pharmacy,Pharmacy,Individual,Pune,Maharashtra,False,2025-04-09 16:48:12,False,MASKED,2986,ACTIVE,549.08,False,1
MCH2576,MCH2576,"Shan,semand Pau",5311,mcc_field,False,Department Stores,Department Stores,Partnership,Hyderabad,Telangana,False,2023-12-03 00:00:00,False,ACCOUNT_NUMBER,1191,ACTIVE,472.21,False,1
MCH2577,MCH2577,Dua Inc,5812,mcc_field,False,Restaurants,Restaurants,Sole Proprietor,Bengaluru,Karnataka,False,2023-11-23 00:00:00,False,MISSING,,ACTIVE,23536.65,False,1
MCH2579,MCH-2579,More Inc,5942,inferred_from_category,False,Books & Stationery,Book Store,Partnership,Jaipur,Rajasthan,False,2024-06-05 00:00:00,False,MISSING,,ACTIVE,4068.74,False,1
MCH2580,mch2580,Rajagopalan-Soman,5812,mcc_field,False,Restaurants,eating place,Private Limited,Jaipur,Rajasthan,False,2023-07-17 00:00:00,False,MASKED,4205,ACTIVE,7864.69,False,1
MCH2582,MCH2582,Lal Plc,5912,mcc_field,False,Pharmacy,chemist,Sole Proprietor,Delhi,Delhi,False,2025-09-13 00:00:00,False,MISSING,,ACTIVE,1344.48,False,1
MCH2583,MCH2583,Gole-Prabhakar,4814,mcc_field,False,Telecom,Telecom,Private Limited,Bengaluru,Karnataka,False,2025-04-21 00:00:00,False,MASKED,1523,ACTIVE,323.0,False,1
MCH2585,MCH2585,Roy LLC,5411,inferred_from_category,False,Grocery,Grocery,Sole Proprietor,Jaipur,Rajasthan,False,2025-10-13 00:00:00,False,ACCOUNT_NUMBER,7701,ACTIVE,2233.97,False,1
MCH2588,MCH2588,Datta Inc,5699,mcc_field,False,Apparel,Apparel,Private Limited,Jaipur,Rajasthan,False,2024-09-28 00:00:00,False,MASKED,7714,ACTIVE,311.95,False,2
MCH2589,mch2589,Dhawan-Thaker,5311,mcc_field,False,Department Stores,Department Store,Sole Proprietor,Hyderabad,Telangana,False,2025-12-01 00:00:00,False,MASKED,8775,INACTIVE,611.95,True,1
MCH2590,mch2590,Goyal Group,7011,mcc_field,False,Hotels & Lodging,Hospitality,Individual,Delhi,Delhi,False,2025-06-22 04:22:00,False,MASKED,8497,ACTIVE,531.43,False,1
MCH2591,MCH 2591,"Deol, Palla and Goel",5411,inferred_from_category,False,Grocery,Grocery,Individual,Hyderabad,Telangana,False,2025-08-22 00:00:00,False,ACCOUNT_NUMBER,8743,ACTIVE,468.59,False,1
MCH2592,MCH2592,"Garg, Saha and Sampath",5999,mcc_field,False,Misc Retail,Miscellaneous,Private Limited,Hyderabad,Telangana,False,2024-03-28 13:13:52,False,MISSING,,ACTIVE,3945.98,False,2
MCH2593,MCH2593,Gour Inc,5999,mcc_field,False,Misc Retail,Miscellaneous,Sole Proprietor,Jalandhar,Punjab,False,2025-10-20 00:00:00,False,ACCOUNT_NUMBER,8883,ACTIVE,1307.82,False,1
MCH2596,MCH2596,Vasa Plc,4131,mcc_field,False,Transportation,Transport,Sole Proprietor,Hyderabad,Telangana,False,2025-08-20 22:49:00,False,MISSING,,ACTIVE,2736.9,True,1
MCH2598,MCH2598,Sani Group,5699,inferred_from_category,False,Apparel,Clothing,Partnership,Pune,Maharashtra,False,2025-11-27 17:05:19,False,ACCOUNT_NUMBER,2674,ACTIVE,489.0,False,2
MCH2600,MCH2600,Prabhakar and Sons,5699,mcc_field,False,Apparel,Fashion,Partnership,Kolkata,West Bengal,False,2024-12-17 20:12:43,False,ACCOUNT_NUMBER,7155,ACTIVE,1712.51,True,1
MCH2601,MCH2601,"Mangal, Lalla and Desai",4131,mcc_field,False,Transportation,Transportation,Private Limited,Ludhiana,Punjab,False,2025-02-19 00:00:00,False,MASKED,7238,ACTIVE,1601.46,False,1
MCH2604,MCH2604,Sharaf-Kaur,4131,mcc_field,False,Transportation,Transportation,Private Limited,Lucknow,Uttar Pradesh,False,2023-10-30 00:00:00,False,VIRTUAL_ACCOUNT,0255,ACTIVE,1813.01,False,1
MCH2605,MCH2605,Gera-Karpe,5699,mcc_field,False,Apparel,Fashion,Individual,Mumbai,Maharashtra,False,2026-02-25 00:00:00,False,VIRTUAL_ACCOUNT,1628,ACTIVE,1371.0,False,2
MCH2607,MCH2607,"Deep, Prasad and Dass",5699,inferred_from_category,False,Apparel,CLOTHS,Private Limited,Hyderabad,Telangana,False,2023-05-29 00:00:00,False,ACCOUNT_NUMBER,6918,INACTIVE,1570.82,False,2
MCH2608,MCH2608,"Loyal, Ghosh and Gaba",5999,mcc_field,False,Misc Retail,Other,Individual,Hyderabad,Telangana,False,2025-03-21 00:00:00,False,VIRTUAL_ACCOUNT,7456,ACTIVE,869.47,False,1
MCH2610,MCH2610,"Dhar, Mahajan and Sarkar",5912,mcc_field,False,Pharmacy,Pharmacy,Private Limited,Delhi,Delhi,False,2025-08-09 18:24:29,False,VIRTUAL_ACCOUNT,0765,ACTIVE,3319.36,True,2
MCH2612,MCH2612,Vala Ltd,7011,mcc_field,False,Hotels & Lodging,Hotels,Sole Proprietor,Lucknow,Uttar Pradesh,False,2023-08-11 00:00:00,False,MISSING,,ACTIVE,,False,1
MCH2613,MCH2613,"Grewal, Gade and Bhattacharyya",4814,mcc_field,False,Telecom,Mobile Recharge,Private Limited,Kolkata,West Bengal,False,2023-06-04 01:02:27,False,MISSING,,SUSPENDED,1066.15,False,1
MCH2617,MCH2617,Mander-Parmar,4814,mcc_field,False,Telecom,Mobile Recharge,Private Limited,Kolkata,West Bengal,False,2023-08-05 08:15:00,False,ACCOUNT_NUMBER,0066,ACTIVE,5191.58,False,1
MCH2618,MCH2618,"Loyal, Nadkarni and Mangal",5942,mcc_field,False,Books & Stationery,Books,Partnership,Bengaluru,Karnataka,False,2026-01-27 20:44:00,False,VIRTUAL_ACCOUNT,7170,ACTIVE,816.0,False,1
MCH2623,MCH2623,Dara-Kulkarni,5942,mcc_field,False,Books & Stationery,BOOKS_STATIONERY,Sole Proprietor,Kolkata,West Bengal,False,2025-06-28 00:00:00,False,MISSING,,ACTIVE,1296.1,False,3
MCH2624,mch2624,Pandya Group,5311,mcc_field,False,Department Stores,Department Store,Individual,Mumbai,Maharashtra,False,2023-12-09 00:00:00,False,ACCOUNT_NUMBER,8323,SUSPENDED,606.95,False,1
MCH2627,MCH2627,Gupta and Sons,5699,mcc_field,False,Apparel,garments,Individual,Delhi,Delhi,False,2025-04-01 17:51:00,False,VIRTUAL_ACCOUNT,3155,ACTIVE,1249.33,False,2
MCH2628,MCH2628,Muni Plc,5311,inferred_from_category,False,Department Stores,DEPT_STORE,Individual,Pune,Maharashtra,False,2024-07-13 00:00:00,False,ACCOUNT_NUMBER,5804,ACTIVE,1382.04,True,1
MCH2632,MCH 2632,Agate-Gandhi,5311,mcc_field,False,Department Stores,DEPT_STORE,Partnership,Chennai,Tamil Nadu,False,2026-01-14 00:00:00,False,VIRTUAL_ACCOUNT,9383,ACTIVE,243.56,True,1
MCH2634,MCH2634,"Karnik, Bains and Ratti",5311,mcc_field,False,Department Stores,Retail,Individual,Bengaluru,Karnataka,False,2025-03-20 07:33:00,False,ACCOUNT_NUMBER,1890,ACTIVE,581.71,False,2
MCH2636,MCH-2636,Rau Plc,5311,mcc_field,False,Department Stores,Department Store,Partnership,Delhi,Delhi,False,2024-04-06 14:07:44,False,MISSING,,ACTIVE,5739.27,False,1
MCH2637,MCH-2637,Joshi Group,5999,mcc_field,False,Misc Retail,Misc Retail,Partnership,Chennai,Tamil Nadu,False,2025-02-20 00:00:00,False,MISSING,,ACTIVE,760.41,True,1
MCH2639,MCH2639,Sunder-Keer,5411,mcc_field,False,Grocery,Grocery Stores,Partnership,Jaipur,Rajasthan,False,2025-04-19 00:00:00,False,MISSING,,ACTIVE,853.1,True,1
MCH2641,MCH2641,Varma-Saha,5999,mcc_field,False,Misc Retail,Other,Individual,Bengaluru,Karnataka,False,2024-10-09 00:00:00,False,MISSING,,CLOSED,5621.28,False,1
MCH2646,mch2646,Parsa-Gole,5999,mcc_field,False,Misc Retail,Misc Retail,Private Limited,Hyderabad,Telangana,False,2025-12-18 03:23:00,False,VIRTUAL_ACCOUNT,3679,ACTIVE,450.19,False,1
MCH2647,MCH2647,Saha Inc,5999,mcc_field,False,Misc Retail,Miscellaneous,Private Limited,Lucknow,Uttar Pradesh,False,2023-04-06 00:00:00,False,MISSING,,ACTIVE,1551.4,False,1
MCH2648,MCH2648,Batta LLC,5999,mcc_field,False,Misc Retail,Retail Other,Partnership,Jaipur,Rajasthan,False,2024-10-10 00:00:00,False,MISSING,,ACTIVE,416.94,False,2
MCH2649,MCH-2649,Pandya Plc,5411,inferred_from_category,False,Grocery,kirana,Individual,Pune,Maharashtra,False,2025-05-31 00:00:00,False,MASKED,1050,ACTIVE,6206.32,False,1
MCH2650,MCH2650,Choudhary Ltd,5942,mcc_field,False,Books & Stationery,Stationery,Individual,Delhi,Delhi,False,2024-09-22 00:00:00,False,MISSING,,INACTIVE,1197.2,False,1
MCH2654,MCH-2654,Saxena-Sarkar,4814,mcc_field,False,Telecom,TELECOM,Sole Proprietor,Pune,Maharashtra,False,2026-01-10 00:00:00,False,MISSING,,ACTIVE,3080.46,False,2
MCH2655,MCH2655,"Brahmbhatt, Desai and Sangha",4814,mcc_field,False,Telecom,Telecom,Sole Proprietor,Amritsar,Punjab,False,2026-01-04 00:00:00,False,ACCOUNT_NUMBER,9649,ACTIVE,3102.0,False,2
MCH2656,MCH2656,"Patla, Deo and Babu",5912,mcc_field,False,Pharmacy,chemist,Partnership,Jaipur,Rajasthan,False,2026-02-02 00:00:00,False,ACCOUNT_NUMBER,6367,ACTIVE,1217.69,False,2
MCH2658,MCH2658,"Parmar, Purohit and Bhasin",5812,mcc_field,False,Restaurants,Restaurants,Sole Proprietor,Bengaluru,Karnataka,False,,False,ACCOUNT_NUMBER,5885,ACTIVE,548.82,False,1
MCH2665,MCH 2665,"Arora, Bir and Mahal",5311,mcc_field,False,Department Stores,Retail,Sole Proprietor,Lucknow,Uttar Pradesh,False,2024-11-15 20:23:00,False,ACCOUNT_NUMBER,9161,INACTIVE,2101.74,False,2
MCH2671,mch2671,Mohanty-Chakrabarti,5999,mcc_field,False,Misc Retail,Retail Other,Partnership,Jalandhar,Punjab,False,2023-05-08 18:02:00,False,MISSING,,ACTIVE,1187.55,False,1
MCH2674,MCH2674,Nair LLC,4131,mcc_field,False,Transportation,Bus/Taxi,Sole Proprietor,Delhi,Delhi,False,2025-02-24 00:00:00,False,VIRTUAL_ACCOUNT,0245,INACTIVE,396.74,True,3
MCH2675,MCH2675,Venkataraman-Rastogi,5942,mcc_field,False,Books & Stationery,Book Store,Private Limited,Amritsar,Punjab,False,2025-06-23 00:00:00,False,VIRTUAL_ACCOUNT,4971,ACTIVE,877.85,False,1
MCH2676,MCH2676,"Kohli, Biswas and Aggarwal",5912,mcc_field,False,Pharmacy,chemist,Partnership,Pune,Maharashtra,False,2026-01-30 00:00:00,False,VIRTUAL_ACCOUNT,3020,INACTIVE,,False,4
MCH2679,MCH2679,"Barman, Bains and Shan",5912,mcc_field,False,Pharmacy,chemist,Private Limited,Mumbai,Maharashtra,False,2024-12-25 00:00:00,False,ACCOUNT_NUMBER,8880,ACTIVE,1334.82,False,1
MCH2681,MCH2681,Upadhyay-Bava,7011,mcc_field,False,Hotels & Lodging,Hospitality,Individual,Pune,Maharashtra,False,2024-02-16 00:00:00,False,VIRTUAL_ACCOUNT,3032,ACTIVE,230.72,False,2
MCH2684,MCH 2684,Barad-Jaggi,5942,mcc_field,False,Books & Stationery,Book Store,Sole Proprietor,Delhi,Delhi,False,2024-04-13 01:13:00,False,VIRTUAL_ACCOUNT,6838,ACTIVE,518.0,False,1
MCH2690,MCH2690,Nagarajan Inc,5912,mcc_field,False,Pharmacy,Medical,Sole Proprietor,Lucknow,Uttar Pradesh,False,2023-06-22 00:00:00,False,VIRTUAL_ACCOUNT,2112,SUSPENDED,3091.83,False,1
MCH2691,MCH2691,Pathak and Sons,7011,inferred_from_category,False,Hotels & Lodging,Hotel,Private Limited,Lucknow,Uttar Pradesh,False,2024-09-06 00:00:00,False,MISSING,,ACTIVE,5340.32,False,1
MCH2693,MCH2693,Tandon-Kaur,5311,mcc_field,False,Department Stores,Retail,Individual,Chennai,Tamil Nadu,False,2025-04-06 00:00:00,False,ACCOUNT_NUMBER,3352,ACTIVE,1966.59,False,1
MCH2694,MCH2694,Misra Plc,5699,mcc_field,False,Apparel,Clothing,Individual,Pune,Maharashtra,False,,False,MISSING,,INACTIVE,2669.29,False,1
MCH2695,MCH2695,Patil Inc,5411,mcc_field,False,Grocery,kirana,Partnership,Pune,Maharashtra,False,2024-06-26 00:00:00,False,ACCOUNT_NUMBER,6028,ACTIVE,792.09,False,1
MCH2696,MCH2696,"Dave, Chaudhari and Bhatti",5411,mcc_field,False,Grocery,groceries,Individual,Delhi,Delhi,False,2024-11-25 00:00:00,False,MASKED,0248,ACTIVE,9658.06,True,2
MCH2697,MCH2697,Shan-Warrior,4131,mcc_field,False,Transportation,Transport,Private Limited,Bengaluru,Karnataka,False,2024-02-08 04:05:00,False,MISSING,,INACTIVE,1199.93,False,1
MCH2698,MCH2698,Kala LLC,7011,mcc_field,False,Hotels & Lodging,hotel_lodging,Individual,Lucknow,Uttar Pradesh,False,2023-08-19 00:00:00,False,VIRTUAL_ACCOUNT,7898,INACTIVE,3590.19,False,3
MCH2701,MCH-2701,Bail Ltd,5999,inferred_from_category,False,Misc Retail,Other,Individual,Jaipur,Rajasthan,False,2025-02-27 08:06:00,False,VIRTUAL_ACCOUNT,0509,ACTIVE,863.24,False,2
MCH2704,MCH2704,Sengupta-Sarin,5699,mcc_field,False,Apparel,CLOTHS,Private Limited,Pune,Maharashtra,False,2023-03-08 07:11:36,False,VIRTUAL_ACCOUNT,8556,ACTIVE,2593.67,False,1
MCH2708,MCH2708,"Mand, Zacharia and Vora",4131,mcc_field,False,Transportation,TRAVEL,Sole Proprietor,Chennai,Tamil Nadu,False,2026-01-20 00:00:00,False,MASKED,2440,ACTIVE,363.56,False,1
MCH2709,MCH2709,"Iyengar, Dugar and Chacko",7011,mcc_field,False,Hotels & Lodging,HOTEL_LODGING,Private Limited,Jaipur,Rajasthan,False,2023-09-16 04:28:40,False,MASKED,4012,ACTIVE,2413.11,False,1
MCH2710,MCH 2710,"Batta, Shetty and Kalita",5699,mcc_field,False,Apparel,Apparel,Individual,Hyderabad,Telangana,False,2025-08-17 02:25:30,False,ACCOUNT_NUMBER,7887,ACTIVE,109.84,False,4
MCH2712,mch2712,"Rai, Ghose and Wadhwa",5411,mcc_field,False,Grocery,Grocery,Private Limited,Amritsar,Punjab,False,2023-09-30 00:00:00,False,MASKED,9691,ACTIVE,2957.32,False,1
MCH2713,MCH2713,Dayal Group,5699,mcc_field,False,Apparel,Fashion,Individual,Pune,Maharashtra,False,2024-08-10 00:00:00,False,ACCOUNT_NUMBER,1668,SUSPENDED,1199.07,False,1
MCH2718,MCH2718,"Krishna, Prabhu and Kara",7011,mcc_field,False,Hotels & Lodging,Hotels,Individual,Bengaluru,Karnataka,False,2024-12-20 00:00:00,False,VIRTUAL_ACCOUNT,2324,ACTIVE,529.14,False,1
MCH2719,MCH 2719,"Ranganathan, Mall and Aggarwal",5812,mcc_field,False,Restaurants,FOOD_SERVICES,Partnership,Lucknow,Uttar Pradesh,False,2024-05-24 21:02:58,False,MISSING,,ACTIVE,2283.24,False,2
MCH2723,MCH2723,Purohit-Dani,5812,inferred_from_category,False,Restaurants,Food,Individual,Amritsar,Punjab,False,2024-04-16 04:10:00,False,MASKED,6527,ACTIVE,1384.67,False,2
MCH2724,MCH2724,Saha Group,5311,inferred_from_category,False,Department Stores,Department Store,Individual,Jaipur,Rajasthan,False,2026-02-09 01:33:05,False,VIRTUAL_ACCOUNT,6603,INACTIVE,,False,2
MCH2725,MCH2725,Varma-Loke,5812,mcc_field,False,Restaurants,FOOD_SERVICES,Partnership,Kolkata,West Bengal,False,2023-12-21 15:48:41,False,MISSING,,INACTIVE,4486.37,False,2
MCH2726,MCH2726,"Chawla, Tata and Chander",5699,mcc_field,False,Apparel,Clothing,Partnership,Chennai,Tamil Nadu,False,2025-10-11 02:35:19,False,MASKED,2870,CLOSED,2102.32,False,4
MCH2727,MCH2727,"Viswanathan, Kamdar and Raman",4814,mcc_field,False,Telecom,TELECOM,Partnership,Jaipur,Rajasthan,False,2026-01-22 00:00:00,False,MISSING,,ACTIVE,2886.2,False,2
MCH2730,MCH-2730,Hans LLC,5999,inferred_from_category,False,Misc Retail,Miscellaneous,Individual,Jaipur,Rajasthan,False,2025-06-23 00:00:00,False,MISSING,,ACTIVE,1392.27,False,2
MCH2731,MCH-2731,Krishna-Kumar,5311,mcc_field,False,Department Stores,Department Store,Private Limited,Ludhiana,Punjab,False,2025-12-18 00:00:00,False,MASKED,8549,ACTIVE,1031.53,False,1
MCH2733,MCH2733,Chauhan Ltd,5411,mcc_field,False,Grocery,Grocery,Sole Proprietor,Delhi,Delhi,False,2024-12-27 00:00:00,False,MISSING,,ACTIVE,872.28,False,1
MCH2737,2737,"Sani, Chowdhury and Ganesan",5999,mcc_field,False,Misc Retail,Retail Other,Partnership,Bengaluru,Karnataka,False,2023-05-01 00:00:00,False,ACCOUNT_NUMBER,7451,ACTIVE,610.07,False,1
MCH2738,MCH2738,Grover Plc,4131,mcc_field,False,Transportation,TRAVEL,Partnership,Pune,Maharashtra,False,2025-11-22 22:59:56,False,MISSING,,ACTIVE,4547.63,False,2
MCH2741,MCH2741,"Palan, Bhalla and Srinivasan",5812,mcc_field,False,Restaurants,FOOD_SERVICES,Individual,Jaipur,Rajasthan,False,2025-12-19 01:05:00,False,MASKED,0289,ACTIVE,1319.0,False,2
MCH2742,MCH-2742,"Manne, Patil and Mukhopadhyay",5942,mcc_field,False,Books & Stationery,Stationery,Sole Proprietor,Pune,Maharashtra,False,2025-03-10 00:00:00,False,VIRTUAL_ACCOUNT,6214,ACTIVE,1389.0,False,2
MCH2743,MCH2743,Joshi Plc,5912,inferred_from_category,False,Pharmacy,chemist,Private Limited,Kolkata,West Bengal,False,2024-12-02 17:56:14,False,MISSING,,ACTIVE,,False,1
MCH2744,MCH-2744,"Divan, Narang and Jhaveri",5912,mcc_field,False,Pharmacy,MEDICAL_STORE,Partnership,Lucknow,Uttar Pradesh,False,2025-11-04 23:49:11,False,ACCOUNT_NUMBER,4279,SUSPENDED,734.64,False,1
MCH2746,MCH2746,"Tella, Mane and Pillai",7011,mcc_field,False,Hotels & Lodging,Hotels,Private Limited,Ludhiana,Punjab,False,2023-03-12 00:00:00,False,ACCOUNT_NUMBER,7180,CLOSED,395.56,False,1
MCH2748,MCH-2748,"Banerjee, Wason and Dyal",5812,mcc_field,False,Restaurants,Restaurant,Private Limited,Pune,Maharashtra,False,2023-11-16 23:24:41,False,MASKED,5034,ACTIVE,1037.44,False,1
MCH2749,MCH2749,Borde Plc,7011,mcc_field,False,Hotels & Lodging,HOTEL_LODGING,Partnership,Jalandhar,Punjab,False,2025-11-15 14:42:20,False,VIRTUAL_ACCOUNT,4900,ACTIVE,299.85,False,3
MCH2750,MCH2750,Rao-Narayanan,5942,mcc_field,False,Books & Stationery,Books,Individual,Ludhiana,Punjab,False,2024-05-13 00:00:00,False,MISSING,,ACTIVE,3052.68,True,1
MCH2752,mch2752,Palla LLC,4131,mcc_field,False,Transportation,TRAVEL,Sole Proprietor,Lucknow,Uttar Pradesh,False,2023-01-13 21:44:09,False,MASKED,1787,ACTIVE,69.28,False,1
MCH2753,MCH2753,"Karan, Ganguly and Desai",5999,mcc_field,False,Misc Retail,Misc Retail,Private Limited,Amritsar,Punjab,False,2023-03-31 00:00:00,False,MISSING,,ACTIVE,1254.6,False,1
MCH2754,MCH2754,Chahal Group,5812,mcc_field,False,Restaurants,Food,Sole Proprietor,Amritsar,Punjab,False,2023-09-27 00:00:00,False,MISSING,,ACTIVE,1452.51,False,3
MCH2755,MCH-2755,"Majumdar, Ravi and Dave",5999,mcc_field,False,Misc Retail,Miscellaneous,Partnership,Mumbai,Maharashtra,False,2026-02-13 00:00:00,False,MISSING,,ACTIVE,889.32,True,3
MCH2757,MCH2757,Chhabra-Dugar,5699,mcc_field,False,Apparel,Clothing,Sole Proprietor,Kolkata,West Bengal,False,2025-11-16 00:00:00,False,MASKED,2280,ACTIVE,1214.2,False,2
MCH2761,MCH2761,Sabharwal-Patil,5999,mcc_field,False,Misc Retail,Other,Private Limited,Hyderabad,Telangana,False,2025-04-04 00:00:00,False,MISSING,,CLOSED,2607.92,False,1
MCH2763,MCH2763,Thaman-Virk,5912,mcc_field,False,Pharmacy,chemist,Private Limited,Bengaluru,Karnataka,False,2025-07-23 00:00:00,False,MASKED,7625,ACTIVE,563.88,False,1
MCH2764,MCH2764,"Yogi, Jani and Choudhry",4814,mcc_field,False,Telecom,phone service,Individual,Ludhiana,Punjab,False,2024-04-19 00:00:00,False,ACCOUNT_NUMBER,1350,ACTIVE,516.18,False,1
MCH2765,MCH2765,Buch LLC,4814,mcc_field,False,Telecom,TELECOM,Individual,Jaipur,Rajasthan,False,2024-12-27 22:16:28,False,MISSING,,ACTIVE,132.32,False,3
MCH2766,MCH2766,Kanda-Brahmbhatt,5311,mcc_field,False,Department Stores,DEPT_STORE,Sole Proprietor,Chennai,Tamil Nadu,False,2025-06-18 00:00:00,False,ACCOUNT_NUMBER,1473,ACTIVE,1540.08,False,3
MCH2767,MCH2767,"Munshi, Kohli and Pai",5699,inferred_from_category,False,Apparel,garments,Private Limited,Lucknow,Uttar Pradesh,False,2026-02-28 11:47:10,False,ACCOUNT_NUMBER,2395,ACTIVE,1994.09,False,3
MCH2769,MCH2769,Sehgal Plc,4814,mcc_field,False,Telecom,TELECOM,Private Limited,Amritsar,Punjab,False,2023-09-19 00:00:00,False,ACCOUNT_NUMBER,7952,ACTIVE,131.0,False,1
MCH2770,MCH2770,"Deep, Ganguly and Solanki",5699,mcc_field,False,Apparel,Clothing,Individual,Chennai,Tamil Nadu,False,2025-07-31 00:00:00,False,MISSING,,ACTIVE,660.0,False,2
MCH2772,mch2772,Rajagopalan-Lal,5699,mcc_field,False,Apparel,CLOTHS,Partnership,Jalandhar,Punjab,False,2025-05-03 00:00:00,False,VIRTUAL_ACCOUNT,6125,SUSPENDED,594.07,False,2
MCH2776,MCH2776,Datta Ltd,4814,mcc_field,False,Telecom,Telecom,Partnership,Jaipur,Rajasthan,False,2024-11-09 21:59:20,False,VIRTUAL_ACCOUNT,0390,ACTIVE,1643.13,False,2
MCH2778,MCH2778,Madan Plc,5912,mcc_field,False,Pharmacy,Medical,Sole Proprietor,Amritsar,Punjab,False,2024-03-25 00:00:00,False,MASKED,3934,ACTIVE,4029.72,False,2
MCH2786,MCH 2786,Gola Inc,5699,mcc_field,False,Apparel,Clothing,Partnership,Chennai,Tamil Nadu,False,2024-12-19 14:34:15,False,MASKED,8423,ACTIVE,576.47,False,3
MCH2788,2788,"Dash, Mallick and Sachdev",5812,mcc_field,False,Restaurants,Restaurant,Individual,Bengaluru,Karnataka,False,2025-04-06 04:08:29,False,VIRTUAL_ACCOUNT,6463,ACTIVE,3989.94,False,1
MCH2789,MCH2789,Peri-Panchal,5311,mcc_field,False,Department Stores,DEPT_STORE,Partnership,Jalandhar,Punjab,False,,False,MISSING,,ACTIVE,1044.19,False,1
MCH2791,MCH2791,"Rastogi, Mannan and Sabharwal",5912,inferred_from_category,False,Pharmacy,chemist,Sole Proprietor,Delhi,Delhi,False,2025-08-21 00:00:00,False,MISSING,,ACTIVE,,False,1
MCH2792,MCH2792,"Varkey, Uppal and Mitter",4131,inferred_from_category,False,Transportation,Transport,Partnership,Delhi,Delhi,False,2024-11-06 13:47:30,False,ACCOUNT_NUMBER,2367,ACTIVE,130.0,False,2
MCH2797,MCH 2797,Sandhu-Singh,7011,mcc_field,False,Hotels & Lodging,HOTEL_LODGING,Partnership,Bengaluru,Karnataka,False,2025-05-27 00:00:00,False,MASKED,2336,ACTIVE,1083.54,False,1
MCH2799,MCH 2799,Kadakia-Nayak,5812,mcc_field,False,Restaurants,eating place,Sole Proprietor,Delhi,Delhi,False,2025-05-04 23:51:09,False,VIRTUAL_ACCOUNT,1896,ACTIVE,249.35,True,1
MCH2800,MCH2800,Raja-Naik,5311,mcc_field,False,Department Stores,Department Store,Private Limited,Bengaluru,Karnataka,False,2024-04-18 00:00:00,False,ACCOUNT_NUMBER,7388,CLOSED,1096.85,False,1
MCH2801,MCH2801,"Khurana, Oza and Divan",4814,mcc_field,False,Telecom,Mobile Recharge,Private Limited,Delhi,Delhi,False,2025-10-14 00:00:00,False,MISSING,,ACTIVE,406.76,False,1
MCH2806,MCH2806,"Raman, Aggarwal and Salvi",5999,mcc_field,False,Misc Retail,Retail Other,Partnership,Hyderabad,Telangana,False,2024-10-16 00:00:00,False,MISSING,,ACTIVE,2271.51,False,2
MCH2813,MCH-2813,"Panchal, Pradhan and Bora",5812,mcc_field,False,Restaurants,Food,Individual,Jalandhar,Punjab,False,2026-01-05 00:00:00,False,MISSING,,ACTIVE,169.64,True,3
MCH2814,MCH2814,"Sani, Khare and Ramachandran",5912,mcc_field,False,Pharmacy,MEDICAL_STORE,Partnership,Jalandhar,Punjab,False,2024-02-24 00:00:00,False,MASKED,1070,ACTIVE,1581.52,False,1
MCH2816,MCH2816,Yogi-Palan,5999,inferred_from_category,False,Misc Retail,Miscellaneous,Individual,Mumbai,Maharashtra,False,2025-02-14 00:00:00,False,VIRTUAL_ACCOUNT,6896,SUSPENDED,2753.81,False,2
MCH2817,MCH2817,Keer and Sons,5999,mcc_field,False,Misc Retail,Misc Retail,Private Limited,Ludhiana,Punjab,False,2025-05-19 00:00:00,False,MASKED,7166,INACTIVE,2074.28,False,2
MCH2818,MCH2818,Sibal Inc,5411,mcc_field,False,Grocery,GROCERY_STORE,Sole Proprietor,Jalandhar,Punjab,False,2025-06-03 00:00:00,False,VIRTUAL_ACCOUNT,1129,ACTIVE,600.04,False,1
MCH2825,MCH2825,Koshy-Gola,5812,mcc_field,False,Restaurants,Restaurant,Partnership,Bengaluru,Karnataka,False,2025-09-25 00:14:43,False,VIRTUAL_ACCOUNT,1502,ACTIVE,3012.53,True,2
MCH2827,MCH2827,Bala-Bhatti,5999,mcc_field,False,Misc Retail,Miscellaneous,Individual,Bengaluru,Karnataka,False,2024-05-10 20:16:00,False,ACCOUNT_NUMBER,9246,INACTIVE,381.0,False,1
MCH2829,MCH2829,Narain Ltd,5999,mcc_field,False,Misc Retail,Retail Other,Sole Proprietor,Bengaluru,Karnataka,False,2023-02-15 14:46:04,False,MISSING,,ACTIVE,1912.36,False,1
MCH2830,MCH2830,"Joshi,chaudhariand Toor",5411,mcc_field,False,Grocery,Grocery Stores,Individual,Bengaluru,Karnataka,False,2023-04-15 14:55:00,False,MISSING,,ACTIVE,756.0,False,1
MCH2831,MCH2831,Rastogi-Devi,5999,inferred_from_category,False,Misc Retail,Miscellaneous,Private Limited,Delhi,Delhi,False,2023-10-20 00:00:00,False,MASKED,4746,ACTIVE,501.88,False,1
MCH2832,MCH2832,Parmer Inc,5311,mcc_field,False,Department Stores,Retail,Private Limited,Pune,Maharashtra,False,2025-10-26 00:00:00,False,MISSING,,ACTIVE,831.48,False,1
MCH2833,MCH2833,Kapoor-Shankar,7011,mcc_field,False,Hotels & Lodging,HOTEL_LODGING,Sole Proprietor,Jalandhar,Punjab,False,,False,VIRTUAL_ACCOUNT,7768,ACTIVE,474.69,False,1
MCH2836,MCH 2836,Rai and Sons,5912,mcc_field,False,Pharmacy,Pharmacy,Private Limited,Chennai,Tamil Nadu,False,2024-07-15 12:28:59,False,MASKED,2773,INACTIVE,3262.99,False,1
MCH2838,MCH2838,"Goel, Chand and Pai",5999,mcc_field,False,Misc Retail,Retail Other,Partnership,Pune,Maharashtra,False,2024-12-28 00:00:00,False,MISSING,,ACTIVE,1086.22,True,2
MCH2839,MCH2839,"Brar, Varughese and Cherian",5411,mcc_field,False,Grocery,kirana,Partnership,Pune,Maharashtra,False,2025-04-21 03:59:43,False,MISSING,,ACTIVE,614.31,False,1
MCH2841,MCH2841,"Memon, Samra and Rajagopal",5942,mcc_field,False,Books & Stationery,Book Store,Sole Proprietor,Mumbai,Maharashtra,False,2024-06-13 00:00:00,False,MISSING,,ACTIVE,,False,1
MCH2842,2842,Patel-Chacko,7011,inferred_from_category,False,Hotels & Lodging,Hotels,Individual,Bengaluru,Karnataka,False,2025-08-13 00:00:00,False,MISSING,,ACTIVE,2354.89,False,2
MCH2844,MCH 2844,Misra-Seth,4131,mcc_field,False,Transportation,Transportation,Individual,Amritsar,Punjab,False,2023-05-24 00:00:00,False,MASKED,4860,ACTIVE,162.5,False,1
MCH2845,mch2845,Narasimhan LLC,5999,mcc_field,False,Misc Retail,Other,Partnership,Amritsar,Punjab,False,2024-10-01 00:00:00,False,ACCOUNT_NUMBER,3176,ACTIVE,5926.94,False,1
MCH2846,MCH2846,"Sha, Ramanathan and Kota",5411,mcc_field,False,Grocery,Grocery,Individual,Jaipur,Rajasthan,False,2025-09-30 00:00:00,False,ACCOUNT_NUMBER,6998,INACTIVE,2995.95,False,1
MCH2849,mch2849,"Bhavsar, Kota and Zacharia",7011,mcc_field,False,Hotels & Lodging,hotel_lodging,Private Limited,Ludhiana,Punjab,False,2025-09-23 00:00:00,False,MISSING,,INACTIVE,2432.18,False,4
MCH2850,MCH 2850,Reddy-Kara,4131,mcc_field,False,Transportation,Bus/Taxi,Private Limited,Jaipur,Rajasthan,False,2024-04-22 00:00:00,False,MASKED,7186,ACTIVE,953.86,True,2
MCH2851,MCH2851,Kalla-Jain,7011,mcc_field,False,Hotels & Lodging,HOTEL_LODGING,Individual,Mumbai,Maharashtra,False,2025-11-29 00:00:00,False,MASKED,3740,ACTIVE,3022.0,False,3
MCH2857,MCH2857,Bhattacharyya Inc,4131,mcc_field,False,Transportation,transprt,Private Limited,Jalandhar,Punjab,False,2025-07-13 00:00:00,False,VIRTUAL_ACCOUNT,5690,ACTIVE,4557.38,False,1
MCH2859,MCH2859,"Doctor, Bir and Lanka",5411,mcc_field,False,Grocery,GROCERY_STORE,Private Limited,Hyderabad,Telangana,False,2025-04-03 00:00:00,False,MISSING,,ACTIVE,2296.45,False,1
MCH2860,MCH2860,Ahluwalia Ltd,7011,mcc_field,False,Hotels & Lodging,HOTEL_LODGING,Private Limited,Bengaluru,Karnataka,False,2026-01-27 00:00:00,False,VIRTUAL_ACCOUNT,7941,ACTIVE,250.0,False,1
MCH2861,MCH2861,Hayer Inc,5311,mcc_field,False,Department Stores,Department Stores,Private Limited,Pune,Maharashtra,False,2024-11-09 19:09:35,False,MASKED,6916,ACTIVE,676.0,False,1
MCH2862,MCH2862,Bhasin Group,5699,mcc_field,False,Apparel,garments,Partnership,Jaipur,Rajasthan,False,2023-07-20 00:00:00,False,VIRTUAL_ACCOUNT,4655,ACTIVE,544.8,False,1
MCH2870,MCH2870,"Loyal, Buch and Ghose",5812,mcc_field,False,Restaurants,Restaurants,Sole Proprietor,Delhi,Delhi,False,2025-05-27 02:11:43,False,MISSING,,ACTIVE,2213.61,False,1
MCH2875,MCH2875,Chander-Parmer,5311,mcc_field,False,Department Stores,Department Store,Partnership,Ludhiana,Punjab,False,2024-11-12 00:00:00,False,MASKED,0207,ACTIVE,351.55,False,1
MCH2879,MCH2879,"Pillay, Vora and Karnik",5812,mcc_field,False,Restaurants,Restaurant,Individual,Ludhiana,Punjab,False,2024-05-20 19:55:26,False,ACCOUNT_NUMBER,8654,ACTIVE,,False,2
MCH2881,MCH2881,Johal Plc,5812,inferred_from_category,False,Restaurants,FOOD_SERVICES,Partnership,Amritsar,Punjab,False,2023-05-16 23:44:00,False,VIRTUAL_ACCOUNT,9337,ACTIVE,807.63,False,1
MCH2884,MCH2884,Malhotra-Sarin,5942,mcc_field,False,Books & Stationery,BOOKS_STATIONERY,Sole Proprietor,Pune,Maharashtra,False,2025-02-27 00:00:00,False,MISSING,,ACTIVE,683.54,False,1
MCH2885,2885,"Varkey, Goda and Bala",5812,mcc_field,False,Restaurants,eating place,Private Limited,Mumbai,Maharashtra,False,2023-01-23 00:00:00,False,ACCOUNT_NUMBER,2844,ACTIVE,4853.92,False,2
MCH2886,MCH2886,"Raja, Hayre and Deshmukh",5912,mcc_field,False,Pharmacy,Medical,Private Limited,Kolkata,West Bengal,False,2024-07-04 00:00:00,False,MISSING,,ACTIVE,511.0,False,3
MCH2887,MCH2887,Rau-Saha,5699,mcc_field,False,Apparel,Clothing,Sole Proprietor,Delhi,Delhi,False,2023-08-17 00:00:00,False,MASKED,7555,ACTIVE,,False,1
MCH2888,MCH2888,Chahal LLC,5912,mcc_field,False,Pharmacy,Pharmacies,Private Limited,Mumbai,Maharashtra,False,2023-04-21 00:00:00,False,MASKED,3951,ACTIVE,631.05,False,1
MCH2894,MCH2894,Rege-Baria,5699,mcc_field,False,Apparel,garments,Private Limited,Delhi,Delhi,False,2024-12-22 00:00:00,False,MASKED,3813,ACTIVE,2107.84,False,2
MCH2896,mch2896,Jayaraman-Nazareth,5912,mcc_field,False,Pharmacy,MEDICAL_STORE,Private Limited,Kolkata,West Bengal,False,2025-07-30 12:10:42,False,MISSING,,ACTIVE,1312.79,False,2
MCH2897,MCH2897,Bath Ltd,5999,mcc_field,False,Misc Retail,Other,Private Limited,Hyderabad,Telangana,False,2025-07-23 05:48:07,False,MISSING,,ACTIVE,2239.12,False,1
MCH2899,MCH2899,Sampath-Mannan,5812,mcc_field,False,Restaurants,eating place,Individual,Bengaluru,Karnataka,False,2023-05-27 00:00:00,False,MISSING,,ACTIVE,379.53,True,2
MCH2902,MCH-2902,Samra-Kapur,5411,mcc_field,False,Grocery,GROCERY_STORE,Individual,Chennai,Tamil Nadu,False,2024-04-24 00:00:00,False,MASKED,9404,ACTIVE,,False,3
MCH2903,MCH2903,Swamy-Parsa,5699,mcc_field,False,Apparel,Fashion,Individual,Mumbai,Maharashtra,False,2023-04-14 00:00:00,False,MISSING,,CLOSED,1218.16,False,1
MCH2904,MCH2904,Iyengar-Comar,5999,mcc_field,False,Misc Retail,Other,Private Limited,Delhi,Delhi,False,2026-01-05 00:00:00,False,MASKED,7160,ACTIVE,1147.91,False,1
MCH2905,MCH2905,Goyal-Gopal,5912,mcc_field,False,Pharmacy,Medical,Individual,Delhi,Delhi,False,2024-02-13 00:00:00,False,MISSING,,SUSPENDED,2312.5,False,1
MCH2907,MCH-2907,Varughese-Mani,5912,mcc_field,False,Pharmacy,MEDICAL_STORE,Sole Proprietor,Chennai,Tamil Nadu,False,2023-04-25 00:00:00,False,MISSING,,ACTIVE,1106.0,False,1
MCH2910,MCH 2910,"Mall, Sankaran and Mittal",4131,mcc_field,False,Transportation,Bus/Taxi,Private Limited,Delhi,Delhi,False,2025-09-28 00:00:00,False,MASKED,0107,ACTIVE,3631.28,False,4
MCH2912,MCH2912,Natt-Kohli,5411,inferred_from_category,False,Grocery,groceries,Private Limited,Jalandhar,Punjab,False,2024-07-09 22:05:41,False,MASKED,0399,INACTIVE,1895.43,False,2
MCH2914,MCH2914,Sharaf-Tara,5311,mcc_field,False,Department Stores,Retail,Individual,Kolkata,West Bengal,False,2025-07-02 00:00:00,False,MISSING,,ACTIVE,542.0,False,2
MCH2915,MCH2915,"Vohra, Pathak and Bumb",5912,mcc_field,False,Pharmacy,Pharmacies,Individual,Kolkata,West Bengal,False,2025-09-06 00:00:00,False,MISSING,,ACTIVE,459.58,False,2
MCH2917,MCH2917,Gole-Rau,5812,mcc_field,False,Restaurants,Food,Sole Proprietor,Chennai,Tamil Nadu,False,2025-10-10 00:00:00,False,MASKED,0356,INACTIVE,1917.48,True,3
MCH2919,MCH2919,Menon-Vaidya,5912,inferred_from_category,False,Pharmacy,Pharmacy,Sole Proprietor,Delhi,Delhi,False,2023-03-20 14:46:24,False,MISSING,,ACTIVE,3825.85,False,1
MCH2921,mch2921,Bakshi-Narayanan,7011,mcc_field,False,Hotels & Lodging,Hospitality,Private Limited,Lucknow,Uttar Pradesh,False,2024-06-18 00:00:00,False,MASKED,0910,ACTIVE,6327.48,True,1
MCH2922,MCH2922,Chhabra-Jha,5999,mcc_field,False,Misc Retail,Retail Other,Sole Proprietor,Mumbai,Maharashtra,False,2024-10-10 00:00:00,False,VIRTUAL_ACCOUNT,7973,ACTIVE,1096.49,True,1
MCH2923,MCH2923,Bahri Plc,5912,mcc_field,False,Pharmacy,Pharmacies,Sole Proprietor,Bengaluru,Karnataka,False,2024-11-11 00:00:00,False,MISSING,,ACTIVE,1195.19,False,2
MCH2924,MCH2924,Chaudhary-Dugar,5942,mcc_field,False,Books & Stationery,Stationery,Individual,Mumbai,Maharashtra,False,2024-12-26 03:07:13,False,ACCOUNT_NUMBER,0099,ACTIVE,770.99,False,1
MCH2926,MCH2926,Sule-Thaker,5942,mcc_field,False,Books & Stationery,Stationery,Partnership,Bengaluru,Karnataka,False,2024-12-16 18:18:00,False,MASKED,3557,ACTIVE,1590.53,False,1
MCH2928,2928,"Hans, Parmer and Buch",5812,mcc_field,False,Restaurants,FOOD_SERVICES,Private Limited,Ludhiana,Punjab,False,2025-12-04 00:00:00,False,MISSING,,CLOSED,1903.0,False,1
MCH2934,mch2934,Warrior-Sibal,5999,mcc_field,False,Misc Retail,Other,Individual,Amritsar,Punjab,False,2025-04-07 00:00:00,False,MISSING,,ACTIVE,,False,2
MCH2938,MCH2938,"Babu, Lata and Zacharia",5411,mcc_field,False,Grocery,kirana,Private Limited,Pune,Maharashtra,False,2024-09-06 00:00:00,False,VIRTUAL_ACCOUNT,4228,ACTIVE,823.9,False,1
MCH2941,MCH2941,Sen Group,5311,mcc_field,False,Department Stores,Department Store,Sole Proprietor,Mumbai,Maharashtra,False,2024-09-22 00:00:00,False,MASKED,4390,ACTIVE,1783.76,False,1
MCH2943,MCH2943,Khosla LLC,5812,mcc_field,False,Restaurants,Restaurant,Private Limited,Mumbai,Maharashtra,False,2024-03-29 00:00:00,False,MASKED,8006,ACTIVE,2741.64,False,2
MCH2945,MCH 2945,Agarwal-Cherian,4814,inferred_from_category,False,Telecom,Mobile Recharge,Sole Proprietor,Jalandhar,Punjab,False,2025-10-06 00:00:00,False,MASKED,2889,INACTIVE,1759.15,False,1
MCH2946,MCH2946,Divan Inc,4814,mcc_field,False,Telecom,Telecom,Private Limited,Jaipur,Rajasthan,False,2024-09-22 00:00:00,False,MASKED,7575,ACTIVE,1246.97,False,2
MCH2949,2949,"Mahal, Natt and Ghosh",5999,mcc_field,False,Misc Retail,Miscellaneous,Partnership,Jaipur,Rajasthan,False,2024-07-19 00:00:00,False,ACCOUNT_NUMBER,5290,ACTIVE,2320.74,True,1
MCH2950,MCH2950,"Rastogi, Bhavsar and Varghese",5942,mcc_field,False,Books & Stationery,Stationery,Private Limited,Bengaluru,Karnataka,False,2024-11-26 00:00:00,False,ACCOUNT_NUMBER,0146,ACTIVE,2370.66,False,1
MCH2951,2951,"Thakur, Subramaniam and Agrawal",7011,mcc_field,False,Hotels & Lodging,Hotel,Partnership,Mumbai,Maharashtra,False,2026-02-06 00:00:00,False,ACCOUNT_NUMBER,1392,ACTIVE,3115.69,True,1
MCH2954,MCH2954,"Keer, Borra and Hayre",7011,mcc_field,False,Hotels & Lodging,Hotels,Private Limited,Ludhiana,Punjab,False,2025-12-23 00:00:00,False,MISSING,,ACTIVE,1556.07,True,2
MCH2956,MCH2956,"Wali, Khatri and Mistry",4814,mcc_field,False,Telecom,Mobile Recharge,Sole Proprietor,Lucknow,Uttar Pradesh,False,2025-06-02 00:00:00,False,ACCOUNT_NUMBER,3150,INACTIVE,4934.63,False,2
MCH2959,MCH2959,Kanda LLC,5812,mcc_field,False,Restaurants,Food,Private Limited,Kolkata,West Bengal,False,2023-10-08 00:00:00,False,MISSING,,ACTIVE,6588.76,False,1
MCH2960,MCH2960,Malhotra-Buch,4131,mcc_field,False,Transportation,Bus/Taxi,Private Limited,Chennai,Tamil Nadu,False,2023-01-06 00:00:00,False,MASKED,6660,ACTIVE,2348.07,False,1
MCH2962,MCH 2962,"Naik, Ranganathan and Sahota",4814,mcc_field,False,Telecom,Telecom,Partnership,Pune,Maharashtra,False,2024-08-23 00:00:00,False,MASKED,5665,ACTIVE,174.64,False,2
MCH2964,MCH2964,Bala-Sarkar,4814,mcc_field,False,Telecom,phone service,Individual,Jalandhar,Punjab,False,2025-06-20 00:00:00,False,ACCOUNT_NUMBER,7882,ACTIVE,1298.45,False,2
MCH2965,MCH2965,Shroff-Prabhakar,5411,mcc_field,False,Grocery,groceries,Partnership,Amritsar,Punjab,False,,False,VIRTUAL_ACCOUNT,4281,ACTIVE,2028.0,False,1
MCH2969,mch2969,Randhawa-Karnik,7011,mcc_field,False,Hotels & Lodging,Hotel,Sole Proprietor,Bengaluru,Karnataka,False,2023-07-27 00:00:00,False,MISSING,,ACTIVE,310.59,False,1
MCH2970,MCH2970,Golla-Vora,5699,mcc_field,False,Apparel,Apparel,Individual,Kolkata,West Bengal,False,2025-02-01 00:00:00,False,MISSING,,ACTIVE,326.25,False,1
MCH2971,MCH2971,"Garg, Merchant and Kuruvilla",5699,mcc_field,False,Apparel,Fashion,Individual,Ludhiana,Punjab,False,2024-08-28 00:00:00,False,MISSING,,ACTIVE,205.16,True,1
MCH2973,MCH-2973,"Bhargava, Dani and Krishnamurthy",4131,mcc_field,False,Transportation,transprt,Partnership,Ludhiana,Punjab,False,2023-08-30 00:00:00,False,MISSING,,ACTIVE,3748.31,False,1
MCH2975,mch2975,"Bora, Mander and Dalal",5942,mcc_field,False,Books & Stationery,Books,Sole Proprietor,Chennai,Tamil Nadu,False,2023-09-05 00:00:00,False,MISSING,,INACTIVE,3477.51,False,1
MCH2978,mch2978,Deshpande LLC,7011,mcc_field,False,Hotels & Lodging,Hospitality,Private Limited,Lucknow,Uttar Pradesh,False,2023-02-01 23:57:31,False,MASKED,0228,ACTIVE,194.6,False,1
MCH2979,MCH2979,"Kurian, Guha and Gaba",5999,mcc_field,False,Misc Retail,Miscellaneous,Individual,Chennai,Tamil Nadu,False,2023-03-11 13:48:16,False,MASKED,6692,ACTIVE,7883.21,False,1
MCH2980,MCH2980,Mander and Sons,5411,mcc_field,False,Grocery,groceries,Sole Proprietor,Kolkata,West Bengal,False,2023-04-03 00:00:00,False,MISSING,,ACTIVE,1129.72,False,1
MCH2981,MCH 2981,"Rastogi, Varma and Sarraf",5999,mcc_field,False,Misc Retail,Misc Retail,Partnership,Lucknow,Uttar Pradesh,False,2023-10-07 00:00:00,False,MASKED,3025,ACTIVE,1266.61,False,5
MCH2986,MCH2986,Kade-Anne,4131,mcc_field,False,Transportation,TRAVEL,Partnership,Amritsar,Punjab,False,2025-11-29 00:00:00,False,MISSING,,BLOCKED,736.81,False,1
MCH2988,mch2988,"Mangal, Gokhale and Malhotra",5812,mcc_field,False,Restaurants,FOOD_SERVICES,Sole Proprietor,Mumbai,Maharashtra,False,2023-10-10 10:11:05,False,MISSING,,ACTIVE,3595.96,False,1
MCH2990,MCH2990,Rout and Sons,7011,mcc_field,False,Hotels & Lodging,Hotel,Sole Proprietor,Ludhiana,Punjab,False,2025-08-30 00:00:00,False,MASKED,7294,ACTIVE,1050.53,False,2
MCH2993,MCH2993,"Dube, Yadav and Konda",5942,mcc_field,False,Books & Stationery,Stationery,Individual,Jaipur,Rajasthan,False,2025-07-14 00:00:00,False,VIRTUAL_ACCOUNT,1915,ACTIVE,2422.76,False,1
MCH2994,MCH2994,Kumar Plc,4814,mcc_field,False,Telecom,Mobile Recharge,Sole Proprietor,Jalandhar,Punjab,False,2024-11-13 00:00:00,False,MISSING,,ACTIVE,653.34,False,2
MCH2995,mch2995,Patil Ltd,7011,mcc_field,False,Hotels & Lodging,Hotel,Private Limited,Amritsar,Punjab,False,2025-12-25 00:00:00,False,ACCOUNT_NUMBER,4538,ACTIVE,492.36,False,2
MCH2996,MCH2996,Rege-Khanna,5411,mcc_field,False,Grocery,Grocery,Individual,Lucknow,Uttar Pradesh,False,2023-10-15 00:00:00,False,MISSING,,CLOSED,745.45,True,1
MCH2997,MCH2997,Nadkarni Inc,5411,inferred_from_category,False,Grocery,groceries,Private Limited,Hyderabad,Telangana,False,2025-10-08 23:15:00,False,MISSING,,ACTIVE,761.67,False,3
MCH3002,MCH3002,"Dey, Chopra and Vig",5699,mcc_field,False,Apparel,Clothing,Individual,Ludhiana,Punjab,False,2024-10-27 00:00:00,False,ACCOUNT_NUMBER,8029,ACTIVE,761.12,False,1
MCH3005,MCH3005,"Saxena, Narain and Mander",5699,mcc_field,False,Apparel,Apparel,Private Limited,Kolkata,West Bengal,False,2024-03-25 00:00:00,False,VIRTUAL_ACCOUNT,9457,INACTIVE,1149.79,False,1
MCH3006,MCH3006,Biswas-Ram,5999,mcc_field,False,Misc Retail,Miscellaneous,Individual,Lucknow,Uttar Pradesh,False,2023-08-14 00:00:00,False,MASKED,8226,ACTIVE,638.0,False,1
MCH3008,MCH3008,"Datta, Sarkar and Nori",5311,mcc_field,False,Department Stores,Department Store,Partnership,Ludhiana,Punjab,False,2024-11-11 00:00:00,False,MISSING,,ACTIVE,522.31,True,1
MCH3011,MCH3011,"Ahluwalia, Contractor and Comar",5311,mcc_field,False,Department Stores,Department Stores,Sole Proprietor,Delhi,Delhi,False,2023-11-30 00:00:00,False,MASKED,1217,CLOSED,2626.62,False,1
MCH3012,MCH3012,Sathe LLC,5411,inferred_from_category,False,Grocery,groceries,Private Limited,Chennai,Tamil Nadu,False,2024-10-23 02:09:00,False,MISSING,,SUSPENDED,448.76,False,1
MCH3014,MCH3014,Nagarajan-Bandi,5311,mcc_field,False,Department Stores,Retail,Individual,Delhi,Delhi,False,2025-06-09 00:00:00,False,MASKED,4761,ACTIVE,3013.17,False,1
MCH3017,MCH-3017,Ramanathan and Sons,5311,mcc_field,False,Department Stores,Department Stores,Partnership,Delhi,Delhi,False,2024-07-06 00:00:00,False,MISSING,,ACTIVE,3967.02,True,1
MCH3021,mch3021,"Gupta, Mukherjee and Setty",4131,mcc_field,False,Transportation,Bus/Taxi,Sole Proprietor,Mumbai,Maharashtra,False,2026-02-14 00:00:00,False,MASKED,2366,ACTIVE,614.86,False,2
MCH3023,3023,Arora LLC,7011,mcc_field,False,Hotels & Lodging,Hospitality,Individual,Bengaluru,Karnataka,False,2025-02-03 00:00:00,False,MISSING,,INACTIVE,1722.88,False,3
MCH3024,MCH 3024,Kade-Bhatia,5812,mcc_field,False,Restaurants,eating place,Partnership,Delhi,Delhi,False,2025-09-22 17:31:43,False,MISSING,,ACTIVE,2093.0,False,1
MCH3025,MCH3025,"Sachdeva, Bora and Hegde",4131,mcc_field,False,Transportation,Transport,Private Limited,Pune,Maharashtra,False,2024-08-15 00:00:00,False,ACCOUNT_NUMBER,5664,ACTIVE,611.84,False,1
MCH3029,MCH3029,Sarma Plc,4131,mcc_field,False,Transportation,transprt,Sole Proprietor,Mumbai,Maharashtra,False,2024-06-15 00:00:00,False,ACCOUNT_NUMBER,0080,ACTIVE,163.28,False,2
MCH3030,MCH3030,"Sengupta, Bhagat and Kota",5942,mcc_field,False,Books & Stationery,Stationery,Private Limited,Chennai,Tamil Nadu,False,2025-09-07 00:00:00,False,MISSING,,ACTIVE,194.19,False,1
MCH3031,MCH 3031,Morar and Sons,5411,mcc_field,False,Grocery,groceries,Individual,Pune,Maharashtra,False,2025-04-23 00:00:00,False,MISSING,,ACTIVE,4053.43,False,1
MCH3037,MCH3037,Wagle Ltd,5411,mcc_field,False,Grocery,Grocery Stores,Individual,Hyderabad,Telangana,False,2026-01-30 00:00:00,False,MASKED,1382,ACTIVE,2391.24,False,3
MCH3039,MCH3039,Murty Inc,5411,mcc_field,False,Grocery,Grocery Stores,Individual,Delhi,Delhi,False,2023-12-03 08:34:21,False,VIRTUAL_ACCOUNT,5915,ACTIVE,1465.47,False,1
MCH3040,mch3040,"Dhar, Kunda and Desai",5411,mcc_field,False,Grocery,GROCERY_STORE,Partnership,Jaipur,Rajasthan,False,2025-03-05 00:00:00,False,MISSING,,ACTIVE,267.0,False,1
MCH3044,mch3044,Gupta Plc,5942,mcc_field,False,Books & Stationery,Stationery,Sole Proprietor,Bengaluru,Karnataka,False,2023-04-27 00:00:00,False,MISSING,,INACTIVE,582.54,False,1
MCH3046,MCH3046,Walla Plc,5942,mcc_field,False,Books & Stationery,Book Store,Private Limited,Jalandhar,Punjab,False,2023-12-03 00:00:00,False,VIRTUAL_ACCOUNT,5479,SUSPENDED,6756.54,False,1
MCH3048,MCH-3048,Kala Group,7011,mcc_field,False,Hotels & Lodging,Hotels,Private Limited,Jaipur,Rajasthan,False,2023-11-11 00:00:00,False,MISSING,,ACTIVE,613.58,False,1
MCH3051,MCH3051,Hora-Mahajan,5699,mcc_field,False,Apparel,garments,Private Limited,Jaipur,Rajasthan,False,2023-03-04 00:00:00,False,MISSING,,ACTIVE,3699.21,False,1
MCH3055,MCH-3055,"Batta, Sha and Dugar",7011,mcc_field,False,Hotels & Lodging,Hotel,Private Limited,Chennai,Tamil Nadu,False,2025-08-18 17:51:00,False,MASKED,2455,ACTIVE,262.1,False,1
MCH3057,MCH3057,Nagy-Banik,5311,mcc_field,False,Department Stores,Department Stores,Partnership,Kolkata,West Bengal,False,2024-03-15 00:00:00,False,VIRTUAL_ACCOUNT,7610,ACTIVE,764.15,False,1
MCH3058,MCH 3058,Patla-Padmanabhan,5942,mcc_field,False,Books & Stationery,Books,Individual,Pune,Maharashtra,False,2024-10-18 00:00:00,False,VIRTUAL_ACCOUNT,3223,ACTIVE,974.77,False,1
MCH3060,MCH3060,Deep-Tata,5311,mcc_field,False,Department Stores,DEPT_STORE,Individual,Amritsar,Punjab,False,2023-04-17 00:00:00,False,MISSING,,ACTIVE,2601.81,True,1
MCH3061,MCH3061,Viswanathan Ltd,5942,mcc_field,False,Books & Stationery,BOOKS_STATIONERY,Private Limited,Lucknow,Uttar Pradesh,False,2025-04-25 00:00:00,False,MISSING,,INACTIVE,574.59,False,3
MCH3063,MCH3063,Bansal Inc,4131,mcc_field,False,Transportation,Transport,Individual,Jaipur,Rajasthan,False,2025-07-02 00:00:00,False,MISSING,,INACTIVE,282.67,False,1
MCH3069,MCH3069,Magar Inc,5699,mcc_field,False,Apparel,Fashion,Individual,Mumbai,Maharashtra,False,2024-10-18 00:00:00,False,MISSING,,ACTIVE,5346.85,False,1
MCH3070,MCH3070,"Patel, Sandal and Sinha",4814,mcc_field,False,Telecom,TELECOM,Individual,Hyderabad,Telangana,False,2025-09-18 00:00:00,False,MASKED,6846,ACTIVE,1706.27,False,2
MCH3071,MCH3071,Misra-Padmanabhan,5812,mcc_field,False,Restaurants,Restaurants,Sole Proprietor,Ludhiana,Punjab,False,2024-07-24 08:52:44,False,VIRTUAL_ACCOUNT,9652,ACTIVE,,False,1
MCH3072,MCH3072,Vora-Soman,5699,mcc_field,False,Apparel,Clothing,Individual,Amritsar,Punjab,False,2026-02-13 04:04:19,False,VIRTUAL_ACCOUNT,8595,ACTIVE,1993.93,False,3
MCH3075,MCH3075,Bedi-Ramanathan,4131,mcc_field,False,Transportation,transprt,Individual,Jalandhar,Punjab,False,2023-09-29 00:00:00,False,MASKED,7029,ACTIVE,1301.0,False,2
MCH3077,MCH3077,Warrior Ltd,4131,mcc_field,False,Transportation,transprt,Partnership,Kolkata,West Bengal,False,2023-04-02 00:00:00,False,MISSING,,ACTIVE,1448.69,False,1
MCH3078,MCH3078,"Gandhi, Rout and Sankaran",7011,mcc_field,False,Hotels & Lodging,Hotel,Sole Proprietor,Bengaluru,Karnataka,False,2023-07-10 04:10:18,False,MISSING,,ACTIVE,752.09,False,1
MCH3079,MCH-3079,Anne-Sen,5942,mcc_field,False,Books & Stationery,Book Store,Individual,Pune,Maharashtra,False,2025-08-04 00:00:00,False,MISSING,,ACTIVE,,False,2
MCH3080,MCH-3080,Lad-Soman,5411,mcc_field,False,Grocery,groceries,Sole Proprietor,Jalandhar,Punjab,False,2024-12-01 13:22:52,False,MISSING,,ACTIVE,152.69,True,1
MCH3081,mch3081,"Anne, Choudhry and Nanda",5912,mcc_field,False,Pharmacy,MEDICAL_STORE,Partnership,Hyderabad,Telangana,False,2024-12-23 00:00:00,False,ACCOUNT_NUMBER,0840,ACTIVE,590.0,False,1
MCH3084,MCH3084,Mani-Chowdhury,5699,mcc_field,False,Apparel,CLOTHS,Partnership,Hyderabad,Telangana,False,2023-09-27 01:37:00,False,MISSING,,ACTIVE,1594.62,False,1
MCH3085,MCH3085,"Sarkar, Memon and Mand",4131,inferred_from_category,False,Transportation,Bus/Taxi,Individual,Pune,Maharashtra,False,2025-07-16 00:00:00,False,MISSING,,ACTIVE,1826.45,True,4
MCH3086,MCH 3086,Pant Inc,5812,mcc_field,False,Restaurants,Food,Private Limited,Chennai,Tamil Nadu,False,2023-10-13 11:54:24,False,MASKED,6152,ACTIVE,287.52,False,2
MCH3088,MCH3088,Suresh LLC,5411,mcc_field,False,Grocery,Grocery,Partnership,Chennai,Tamil Nadu,False,2024-03-08 00:00:00,False,MISSING,,ACTIVE,4739.6,False,1
MCH3089,MCH3089,Tata Plc,5942,mcc_field,False,Books & Stationery,Stationery,Sole Proprietor,Jalandhar,Punjab,False,2025-08-30 00:00:00,False,MASKED,2474,ACTIVE,2328.32,True,1
MCH3092,MCH3092,"Dutta, Vasa and Jayaraman",5999,mcc_field,False,Misc Retail,Miscellaneous,Private Limited,Amritsar,Punjab,False,,False,ACCOUNT_NUMBER,7056,ACTIVE,1605.55,False,1
MCH3093,MCH3093,"Bobal, Madan and Narain",5999,inferred_from_category,False,Misc Retail,Miscellaneous,Individual,Jalandhar,Punjab,False,2025-06-12 00:00:00,False,ACCOUNT_NUMBER,7779,INACTIVE,2015.86,False,3
MCH3094,MCH 3094,Wagle-Thakkar,5699,mcc_field,False,Apparel,garments,Individual,Bengaluru,Karnataka,False,2024-12-30 00:00:00,False,VIRTUAL_ACCOUNT,3410,ACTIVE,1038.48,False,2
MCH3095,MCH3095,Hans-Shan,5999,mcc_field,False,Misc Retail,Misc Retail,Partnership,Kolkata,West Bengal,False,2024-05-28 00:00:00,False,ACCOUNT_NUMBER,2011,ACTIVE,1208.82,False,1
MCH3096,MCH3096,"Pradhan, Anne and Dhillon",5812,mcc_field,False,Restaurants,Food,Individual,Kolkata,West Bengal,False,2025-02-25 00:00:00,False,MASKED,9447,ACTIVE,,False,1
MCH3099,MCH3099,Peri-Parmer,5699,mcc_field,False,Apparel,garments,Partnership,Delhi,Delhi,False,2024-06-22 00:00:00,False,MISSING,,ACTIVE,2046.1,False,1
MCH3105,MCH3105,Bandi Plc,5311,mcc_field,False,Department Stores,Department Stores,Sole Proprietor,Mumbai,Maharashtra,False,2026-01-05 07:13:24,False,ACCOUNT_NUMBER,0023,ACTIVE,1578.41,False,1
MCH3107,MCH3107,Kapoor Inc,5912,inferred_from_category,False,Pharmacy,Medical,Partnership,Pune,Maharashtra,False,2023-10-28 00:00:00,False,ACCOUNT_NUMBER,4643,ACTIVE,1009.16,True,1
MCH3111,mch3111,Cherian-Goswami,4814,inferred_from_category,False,Telecom,Telecom,Private Limited,Bengaluru,Karnataka,False,,False,MISSING,,ACTIVE,1311.29,False,1
MCH3119,MCH3119,Chana-Deshmukh,5311,mcc_field,False,Department Stores,Department Stores,Private Limited,Hyderabad,Telangana,False,2024-12-02 00:00:00,False,MISSING,,ACTIVE,4993.0,False,1
MCH3122,MCH3122,"Toor, Kunda and Munshi",5942,mcc_field,False,Books & Stationery,Stationery,Partnership,Mumbai,Maharashtra,False,2025-04-14 21:07:00,False,ACCOUNT_NUMBER,0123,ACTIVE,797.24,False,3
MCH3123,MCH3123,"Hegde, Bahl and Comar",4131,inferred_from_category,False,Transportation,TRAVEL,Private Limited,Delhi,Delhi,False,2023-06-01 00:00:00,False,ACCOUNT_NUMBER,7962,ACTIVE,2133.64,False,1
MCH3125,MCH3125,Din-Dara,5699,mcc_field,False,Apparel,CLOTHS,Partnership,Delhi,Delhi,False,2025-11-15 00:00:00,False,VIRTUAL_ACCOUNT,2741,ACTIVE,3672.47,False,1
MCH3129,MCH3129,"Ghose,hariand Garde",5411,mcc_field,False,Grocery,GROCERY_STORE,Sole Proprietor,Ludhiana,Punjab,False,2025-06-27 03:24:00,False,VIRTUAL_ACCOUNT,7824,ACTIVE,1908.27,False,1
MCH3130,MCH3130,"Arora, Karnik and Sarraf",5942,mcc_field,False,Books & Stationery,Book Store,Sole Proprietor,Kolkata,West Bengal,False,2023-07-10 21:24:05,False,MISSING,,INACTIVE,1573.29,False,1
MCH3134,MCH-3134,Rajan Plc,5311,mcc_field,False,Department Stores,DEPT_STORE,Individual,Jaipur,Rajasthan,False,2024-09-30 00:49:20,False,VIRTUAL_ACCOUNT,5566,ACTIVE,993.0,False,1
MCH3139,mch3139,"Dhar, Kumar and Sawhney",5699,mcc_field,False,Apparel,garments,Partnership,Pune,Maharashtra,False,2025-01-24 00:00:00,False,MASKED,0682,INACTIVE,2338.9,False,3
MCH3140,MCH3140,"Zachariah,rajagopaland Samra",4814,mcc_field,False,Telecom,TELECOM,Private Limited,Amritsar,Punjab,False,2023-09-04 17:37:45,False,MISSING,,ACTIVE,363.21,False,2
MCH3142,MCH3142,"Dugar, Merchant and Kala",5942,mcc_field,False,Books & Stationery,Books,Private Limited,Jaipur,Rajasthan,False,2024-01-01 08:46:47,False,VIRTUAL_ACCOUNT,5925,ACTIVE,619.08,False,1
MCH3143,MCH3143,"Zacharia, Buch and Yadav",5311,mcc_field,False,Department Stores,DEPT_STORE,Partnership,Hyderabad,Telangana,False,2023-03-13 00:00:00,False,VIRTUAL_ACCOUNT,1807,ACTIVE,4822.0,False,1
MCH3144,MCH3144,Raval-Korpal,7011,mcc_field,False,Hotels & Lodging,Hotels,Partnership,Delhi,Delhi,False,,False,MISSING,,ACTIVE,1879.74,False,1
MCH3145,MCH3145,Chaudry and Sons,5311,mcc_field,False,Department Stores,Department Store,Individual,Bengaluru,Karnataka,False,2026-01-29 00:00:00,False,MISSING,,ACTIVE,,False,1
MCH3146,MCH3146,Batta-Sharaf,4131,mcc_field,False,Transportation,Transport,Individual,Pune,Maharashtra,False,2024-10-02 00:00:00,False,VIRTUAL_ACCOUNT,8102,ACTIVE,898.04,False,1
MCH3147,MCH3147,Acharya-Uppal,4131,mcc_field,False,Transportation,travel,Individual,Chennai,Tamil Nadu,False,2024-02-10 02:28:00,False,ACCOUNT_NUMBER,1239,ACTIVE,343.0,False,2
MCH3148,MCH3148,Rao Ltd,4814,mcc_field,False,Telecom,Telecom,Individual,Delhi,Delhi,False,2023-01-16 00:00:00,False,MISSING,,ACTIVE,1684.65,False,1
MCH3154,MCH3154,Bhardwaj Ltd,4131,mcc_field,False,Transportation,Transport,Individual,Mumbai,Maharashtra,False,2024-10-28 07:15:31,False,MASKED,9089,INACTIVE,633.37,False,1
MCH3155,MCH 3155,Agarwal Ltd,5311,mcc_field,False,Department Stores,DEPT_STORE,Partnership,Chennai,Tamil Nadu,False,2023-11-23 15:28:55,False,MISSING,,ACTIVE,1414.89,False,1
MCH3156,MCH3156,"Bal, Deo and Kala",5999,mcc_field,False,Misc Retail,Miscellaneous,Partnership,Lucknow,Uttar Pradesh,False,,False,ACCOUNT_NUMBER,4715,ACTIVE,2486.0,False,1
MCH3161,MCH3161,Mittal-Bawa,5999,mcc_field,False,Misc Retail,Other,Private Limited,Jalandhar,Punjab,False,2023-04-01 15:06:38,False,MISSING,,ACTIVE,2703.14,False,1
MCH3163,MCH3163,Dada-Kalita,5912,mcc_field,False,Pharmacy,chemist,Partnership,Hyderabad,Telangana,False,2026-01-16 00:00:00,False,MISSING,,ACTIVE,963.91,False,3
MCH3167,MCH3167,"Grewal, Biswas and Naidu",5411,mcc_field,False,Grocery,Grocery Stores,Sole Proprietor,Jaipur,Rajasthan,False,2024-02-19 00:00:00,False,MISSING,,ACTIVE,2704.22,False,1
MCH3172,MCH-3172,Kumarand Sons,5311,mcc_field,False,Department Stores,Department Store,Partnership,Amritsar,Punjab,False,2026-01-14 00:00:00,False,MISSING,,ACTIVE,3144.22,False,2
MCH3176,3176,Gera Inc,4814,mcc_field,False,Telecom,phone service,Private Limited,Lucknow,Uttar Pradesh,False,2024-03-10 00:00:00,False,VIRTUAL_ACCOUNT,4373,ACTIVE,1047.58,False,1
MCH3177,mch3177,"Pingle, Ra0 and Varty",4131,mcc_field,False,Transportation,TRAVEL,Individual,Kolkata,West Bengal,False,2025-04-19 12:39:17,False,MASKED,0077,SUSPENDED,1840.14,False,2
MCH3178,MCH3178,Ganesan Group,5699,mcc_field,False,Apparel,Clothing,Individual,Delhi,Delhi,False,2025-12-01 00:00:00,False,MISSING,,ACTIVE,136.0,False,1
MCH3179,MCH3179,"Din,mukhopadhyayand Bawa",5999,mcc_field,False,Misc Retail,Misc Retail,Sole Proprietor,Chennai,Tamil Nadu,False,2023-10-31 00:00:00,False,VIRTUAL_ACCOUNT,7343,SUSPENDED,1687.99,False,2
MCH3180,MCH3180,Sanghvi and Sons,5912,mcc_field,False,Pharmacy,chemist,Private Limited,Delhi,Delhi,False,2023-06-03 00:00:00,False,MASKED,6774,ACTIVE,2608.0,False,1
MCH3181,3181,"Kothari, Sengupta and Sandal",4131,mcc_field,False,Transportation,Bus/Taxi,Private Limited,Lucknow,Uttar Pradesh,False,2025-12-06 23:52:00,False,MISSING,,ACTIVE,9001.75,False,1
MCH3184,MCH3184,"Sane, Dhawan and Prabhakar",4814,mcc_field,False,Telecom,Telecom,Individual,Mumbai,Maharashtra,False,2023-12-09 00:00:00,False,MISSING,,ACTIVE,1192.54,False,1
MCH3187,MCH3187,"Mand, Singhal and Raman",5912,mcc_field,False,Pharmacy,Pharmacy,Sole Proprietor,Kolkata,West Bengal,False,2023-07-11 07:10:22,False,VIRTUAL_ACCOUNT,3897,ACTIVE,4276.66,False,1
MCH3189,MCH3189,Prasad Inc,4814,mcc_field,False,Telecom,Telecom,Individual,Lucknow,Uttar Pradesh,False,2025-07-30 00:00:00,False,MISSING,,ACTIVE,2516.09,False,4
MCH3191,MCH 3191,Dhawan-Warrior,4131,mcc_field,False,Transportation,Bus/Taxi,Sole Proprietor,Hyderabad,Telangana,False,2024-09-12 01:09:18,False,MISSING,,ACTIVE,1885.9,False,1
MCH3199,3199,Deshmukh-Karnik,5311,mcc_field,False,Department Stores,Department Stores,Partnership,Jaipur,Rajasthan,False,2023-08-10 00:00:00,False,VIRTUAL_ACCOUNT,4011,ACTIVE,2251.19,False,1
MCH3201,mch3201,Bahl and Sons,5942,mcc_field,False,Books & Stationery,Book Store,Sole Proprietor,Amritsar,Punjab,False,2024-05-27 00:00:00,False,ACCOUNT_NUMBER,5431,ACTIVE,576.96,False,1
MCH3203,MCH3203,Randhawa-Pant,5311,mcc_field,False,Department Stores,Retail,Partnership,Jaipur,Rajasthan,False,2024-12-16 07:20:41,False,MASKED,9443,ACTIVE,,False,1
MCH3206,mch3206,Ahuja-Din,5311,mcc_field,False,Department Stores,Retail,Sole Proprietor,Hyderabad,Telangana,False,2026-01-11 13:50:54,False,MASKED,4117,ACTIVE,1244.0,False,2
MCH3207,MCH3207,"Gala, Khatri and Khalsa",5912,mcc_field,False,Pharmacy,chemist,Partnership,Amritsar,Punjab,False,2024-04-23 00:00:00,False,ACCOUNT_NUMBER,4821,ACTIVE,929.51,False,1
MCH3211,MCH3211,"Mani, Hora and Hayer",5912,mcc_field,False,Pharmacy,Pharmacy,Private Limited,Bengaluru,Karnataka,False,2026-01-31 00:00:00,False,VIRTUAL_ACCOUNT,4687,ACTIVE,3678.27,False,1
MCH3212,MCH3212,Merchant LLC,5999,mcc_field,False,Misc Retail,Miscellaneous,Private Limited,Bengaluru,Karnataka,False,2023-07-06 11:16:53,False,ACCOUNT_NUMBER,9545,ACTIVE,980.37,False,1
MCH3214,MCH3214,Dubey Inc,4131,mcc_field,False,Transportation,transprt,Individual,Bengaluru,Karnataka,False,2024-07-24 00:45:00,False,ACCOUNT_NUMBER,6450,ACTIVE,2052.0,False,1
MCH3216,3216,Kothari-Bhatia,5411,mcc_field,False,Grocery,Grocery Stores,Sole Proprietor,Hyderabad,Telangana,False,2025-01-28 12:09:00,False,ACCOUNT_NUMBER,9166,ACTIVE,1987.15,False,1
MCH3218,MCH3218,"Keer, Soni and Deshpande",5912,mcc_field,False,Pharmacy,chemist,Sole Proprietor,Mumbai,Maharashtra,False,2024-03-10 00:00:00,False,ACCOUNT_NUMBER,6650,ACTIVE,3727.56,False,1
MCH3219,mch3219,Aggarwal Group,5311,mcc_field,False,Department Stores,Department Store,Partnership,Lucknow,Uttar Pradesh,False,2025-08-29 00:00:00,False,VIRTUAL_ACCOUNT,1191,ACTIVE,1058.64,False,1
MCH3221,MCH3221,Baria-Dube,7011,mcc_field,False,Hotels & Lodging,Hotels,Sole Proprietor,Kolkata,West Bengal,False,,False,VIRTUAL_ACCOUNT,0716,INACTIVE,338.34,False,1
MCH3229,MCH3229,Keer-Kale,5912,mcc_field,False,Pharmacy,Pharmacy,Sole Proprietor,Mumbai,Maharashtra,False,2024-02-28 21:40:00,False,VIRTUAL_ACCOUNT,9948,ACTIVE,276.23,False,1
MCH3231,MCH3231,Gokhale Group,5411,mcc_field,False,Grocery,Grocery,Individual,Jalandhar,Punjab,False,,False,MISSING,,ACTIVE,205.0,False,1
MCH3232,MCH 3232,"Sarraf,chaudhuriand Acharya",5812,mcc_field,False,Restaurants,FOOD_SERVICES,Sole Proprietor,Kolkata,West Bengal,False,2024-05-29 00:00:00,False,MISSING,,ACTIVE,,False,2
MCH3233,MCH 3233,"Dada, Pingle and Date",5699,mcc_field,False,Apparel,Fashion,Individual,Pune,Maharashtra,False,2025-11-23 00:00:00,False,MISSING,,INACTIVE,5434.84,False,1
MCH3234,MCH 3234,Lad Inc,4814,inferred_from_category,False,Telecom,Mobile Recharge,Individual,Kolkata,West Bengal,False,2024-02-21 00:00:00,False,VIRTUAL_ACCOUNT,2857,ACTIVE,9763.29,True,1
MCH3237,MCH3237,Gaba Inc,5999,mcc_field,False,Misc Retail,miscellaneous,Sole Proprietor,Delhi,Delhi,False,2023-03-06 15:03:00,False,VIRTUAL_ACCOUNT,6869,SUSPENDED,,False,2
MCH3240,mch3240,"Roy, Dash and Bobal",5411,mcc_field,False,Grocery,GROCERY_STORE,Partnership,Pune,Maharashtra,False,2023-11-13 00:00:00,False,VIRTUAL_ACCOUNT,8811,ACTIVE,1077.02,False,1
MCH3242,3242,"Upadhyay, Dash and Vaidya",5999,mcc_field,False,Misc Retail,Misc Retail,Partnership,Jaipur,Rajasthan,False,,False,MISSING,,ACTIVE,1731.73,False,1
MCH3244,MCH3244,Murthy Group,5912,mcc_field,False,Pharmacy,MEDICAL_STORE,Private Limited,Jalandhar,Punjab,False,2025-03-07 05:29:26,False,MISSING,,ACTIVE,3366.47,False,1
MCH3247,MCH3247,Nagarajan-Shan,5912,inferred_from_category,False,Pharmacy,Pharmacy,Individual,Chennai,Tamil Nadu,False,2025-04-07 21:55:00,False,ACCOUNT_NUMBER,7447,INACTIVE,2666.23,False,1
MCH3250,MCH3250,Bose-Kalita,5311,mcc_field,False,Department Stores,Department Stores,Sole Proprietor,Mumbai,Maharashtra,False,,False,MISSING,,INACTIVE,1514.47,False,1
MCH3251,MCH3251,Balan-Kunda,5411,mcc_field,False,Grocery,Grocery,Individual,Ludhiana,Punjab,False,2024-12-14 00:00:00,False,MISSING,,ACTIVE,3266.06,False,1
MCH3252,MCH 3252,"Patel, Saran and Bala",5699,mcc_field,False,Apparel,garments,Individual,Pune,Maharashtra,False,2023-06-18 00:00:00,False,ACCOUNT_NUMBER,5999,ACTIVE,1917.91,False,1
MCH3253,mch3253,Khatri-Krishnamurthy,5942,mcc_field,False,Books & Stationery,Books,Partnership,Lucknow,Uttar Pradesh,False,2023-12-19 08:58:42,False,MISSING,,ACTIVE,2086.58,False,1
MCH3254,mch3254,"Chanda, Maharaj and Chandra",4131,mcc_field,False,Transportation,Transportation,Partnership,Hyderabad,Telangana,False,2025-11-03 00:00:00,False,VIRTUAL_ACCOUNT,4859,ACTIVE,1842.04,False,2
MCH3255,MCH3255,"Shah, Kala and Sarraf",7011,mcc_field,False,Hotels & Lodging,Hotels,Private Limited,Jalandhar,Punjab,False,2024-06-09 00:00:00,False,MASKED,8773,ACTIVE,807.0,False,1
MCH3256,MCH3256,"Patil, Tripathi and Seshadri",5942,mcc_field,False,Books & Stationery,Books,Partnership,Ludhiana,Punjab,False,2025-02-11 00:00:00,False,ACCOUNT_NUMBER,1461,ACTIVE,4035.32,False,1
MCH3259,MCH3259,Bajaj-Mann,4131,mcc_field,False,Transportation,transprt,Individual,Amritsar,Punjab,False,2024-05-09 00:00:00,False,VIRTUAL_ACCOUNT,2272,ACTIVE,426.0,False,3
MCH3260,MCH3260,Viswanathan Inc,4131,mcc_field,False,Transportation,Transport,Individual,Amritsar,Punjab,False,2025-09-24 18:33:11,False,MISSING,,INACTIVE,2698.89,False,2
MCH3263,MCH3263,Sarna-Chauhan,5812,mcc_field,False,Restaurants,FOOD_SERVICES,Sole Proprietor,Lucknow,Uttar Pradesh,False,2025-05-18 00:00:00,False,ACCOUNT_NUMBER,5203,ACTIVE,2348.1,False,2
MCH3264,mch3264,"Narayanan, Krishnan and Bail",5411,mcc_field,False,Grocery,Grocery Stores,Sole Proprietor,Jaipur,Rajasthan,False,2025-03-25 00:00:00,False,MASKED,4525,ACTIVE,3885.91,False,2
MCH3265,MCH3265,"Prakash, Wable and Ganesh",4814,inferred_from_category,False,Telecom,TELECOM,Individual,Jaipur,Rajasthan,False,2025-11-13 00:00:00,False,MISSING,,INACTIVE,1446.0,False,3
MCH3266,mch3266,"Lalla, Baral and Pau",5311,mcc_field,False,Department Stores,Department Store,Private Limited,Chennai,Tamil Nadu,False,2025-09-17 12:56:00,False,VIRTUAL_ACCOUNT,6824,ACTIVE,1627.34,False,1
MCH3267,MCH3267,Balasubramanian-Butala,5699,inferred_from_category,False,Apparel,CLOTHS,Individual,Chennai,Tamil Nadu,False,2025-10-20 00:00:00,False,MASKED,4438,ACTIVE,1843.39,False,2
MCH3268,MCH3268,Kadakia-Rajan,5699,mcc_field,False,Apparel,Clothing,Sole Proprietor,Pune,Maharashtra,False,2024-11-16 14:24:23,False,MISSING,,ACTIVE,2055.32,False,1
MCH3269,MCH3269,Kara-Ramaswamy,5812,inferred_from_category,False,Restaurants,eating place,Partnership,Pune,Maharashtra,False,2023-12-07 00:00:00,False,MISSING,,ACTIVE,1481.0,False,1
MCH3270,mch3270,"Chokshi, Dash and Srivastava",4131,mcc_field,False,Transportation,Transport,Partnership,Chennai,Tamil Nadu,False,2024-10-07 00:00:00,False,MISSING,,ACTIVE,1910.46,False,1
MCH3272,MCH3272,Gera Group,5699,mcc_field,False,Apparel,CLOTHS,Sole Proprietor,Chennai,Tamil Nadu,False,2023-03-04 12:44:00,False,VIRTUAL_ACCOUNT,7807,ACTIVE,2272.01,False,1
MCH3274,mch3274,Sen-Chawla,5311,mcc_field,False,Department Stores,DEPT_STORE,Private Limited,Chennai,Tamil Nadu,False,2023-02-25 00:00:00,False,ACCOUNT_NUMBER,7096,ACTIVE,1472.57,True,1
MCH3275,MCH 3275,Sridhar and Sons,5699,mcc_field,False,Apparel,garments,Partnership,Delhi,Delhi,False,2024-04-15 07:33:51,False,MISSING,,SUSPENDED,,False,1
MCH3277,MCH3277,Issac-Lata,4814,inferred_from_category,False,Telecom,phone service,Partnership,Delhi,Delhi,False,2025-09-22 00:00:00,False,VIRTUAL_ACCOUNT,1265,ACTIVE,1571.63,False,1
MCH3279,MCH3279,"Zachariah, Gill and Palla",5812,mcc_field,False,Restaurants,Restaurants,Individual,Pune,Maharashtra,False,2025-12-25 00:00:00,False,MISSING,,ACTIVE,,False,1
MCH3280,3280,"Vohra, Bora and Vasa",5411,mcc_field,False,Grocery,GROCERY_STORE,Private Limited,Pune,Maharashtra,False,2023-10-16 16:01:00,False,MISSING,,SUSPENDED,412.76,False,1
MCH3281,MCH3281,Ranganathan and Sons,5311,mcc_field,False,Department Stores,Retail,Partnership,Kolkata,West Bengal,False,2024-03-01 00:00:00,False,MASKED,9655,ACTIVE,649.49,True,2
MCH3284,MCH 3284,Lal and Sons,4814,inferred_from_category,False,Telecom,Mobile Recharge,Private Limited,Ludhiana,Punjab,False,2024-02-18 00:00:00,False,MASKED,5805,CLOSED,3943.29,False,1
MCH3285,MCH-3285,"Prasad, Luthra and Suri",5311,mcc_field,False,Department Stores,Retail,Partnership,Bengaluru,Karnataka,False,2023-02-22 00:00:00,False,ACCOUNT_NUMBER,2550,ACTIVE,669.58,False,1
MCH3287,MCH3287,"Dave, Ganesan and Biswas",5311,mcc_field,False,Department Stores,Retail,Individual,Bengaluru,Karnataka,False,,False,ACCOUNT_NUMBER,5111,ACTIVE,1007.0,False,1
MCH3288,MCH3288,"Bains, Arya and Sanghvi",7011,mcc_field,False,Hotels & Lodging,Hotels,Partnership,Mumbai,Maharashtra,False,2025-11-26 00:00:00,False,VIRTUAL_ACCOUNT,1030,SUSPENDED,3587.5,True,2
MCH3289,MCH3289,Rajagopalan-Master,5912,mcc_field,False,Pharmacy,Medical,Private Limited,Mumbai,Maharashtra,False,2025-05-17 00:00:00,False,VIRTUAL_ACCOUNT,9971,ACTIVE,,False,2
MCH3291,mch3291,Sanghvi-Nair,7011,mcc_field,False,Hotels & Lodging,HOTEL_LODGING,Private Limited,Bengaluru,Karnataka,False,2023-09-25 00:00:00,False,MISSING,,ACTIVE,3917.0,False,1
MCH3292,MCH-3292,Sehgal-Kapur,5912,mcc_field,False,Pharmacy,Medical,Private Limited,Jalandhar,Punjab,False,2025-03-06 00:00:00,False,MISSING,,ACTIVE,751.44,False,4
MCH3294,MCH3294,"Murty, Vala and Pall",4131,mcc_field,False,Transportation,Transport,Individual,Ludhiana,Punjab,False,2024-12-10 00:00:00,False,ACCOUNT_NUMBER,9470,ACTIVE,822.03,False,1
MCH3296,MCH3296,Sampath-Chopra,5999,mcc_field,False,Misc Retail,Miscellaneous,Individual,Bengaluru,Karnataka,False,2025-11-18 00:00:00,False,MASKED,2813,ACTIVE,1074.2,False,1
MCH3298,MCH3298,"Kurian, Sheth and Bains",5699,mcc_field,False,Apparel,Fashion,Individual,Delhi,Delhi,False,2025-04-20 00:00:00,False,MASKED,3758,ACTIVE,3789.0,False,1
MCH3299,MCH3299,"Varghese, Tripathi and Ganesh",5999,mcc_field,False,Misc Retail,Retail Other,Sole Proprietor,Bengaluru,Karnataka,False,2023-07-12 00:00:00,False,MISSING,,INACTIVE,2177.34,False,1
MCH3301,MCH-3301,Reddy and Sons,5942,mcc_field,False,Books & Stationery,Books,Partnership,Jaipur,Rajasthan,False,2023-06-25 03:39:00,False,ACCOUNT_NUMBER,0178,ACTIVE,2571.65,False,1
MCH3307,3307,Uppal and Sons,7011,mcc_field,False,Hotels & Lodging,HOTEL_LODGING,Private Limited,Pune,Maharashtra,False,2023-07-03 20:38:00,False,VIRTUAL_ACCOUNT,3269,ACTIVE,1033.39,False,1
MCH3308,MCH3308,"Dhawan, Ranganathan and Luthra",5699,mcc_field,False,Apparel,garments,Partnership,Amritsar,Punjab,False,2026-01-09 00:00:00,False,MASKED,7835,INACTIVE,2438.38,False,3
MCH3311,mch3311,Sule Ltd,5942,mcc_field,False,Books & Stationery,BOOKS_STATIONERY,Sole Proprietor,Pune,Maharashtra,False,2026-01-30 17:36:53,False,MASKED,2539,ACTIVE,1079.15,False,2
MCH3313,MCH3313,Comar-Sidhu,5311,mcc_field,False,Department Stores,DEPT_STORE,Sole Proprietor,Lucknow,Uttar Pradesh,False,2023-07-30 00:00:00,False,VIRTUAL_ACCOUNT,0907,CLOSED,408.55,False,1
MCH3319,3319,"Jani, Tailor and Radhakrishnan",5699,mcc_field,False,Apparel,Apparel,Sole Proprietor,Jalandhar,Punjab,False,2024-08-26 05:30:00,False,VIRTUAL_ACCOUNT,7398,ACTIVE,516.88,True,1
MCH3321,MCH3321,Barad-Trivedi,4131,inferred_from_category,False,Transportation,transprt,Sole Proprietor,Amritsar,Punjab,False,2025-09-19 04:50:00,False,MISSING,,ACTIVE,2096.6,False,1
MCH3323,mch3323,Dey Plc,4814,mcc_field,False,Telecom,Telecom,Sole Proprietor,Jaipur,Rajasthan,False,2024-12-24 05:37:48,False,MASKED,2284,INACTIVE,559.08,False,1
MCH3324,MCH3324,Char-Gera,5699,mcc_field,False,Apparel,garments,Partnership,Pune,Maharashtra,False,2026-02-20 00:00:00,False,VIRTUAL_ACCOUNT,8894,SUSPENDED,2076.73,False,3
MCH3325,MCH3325,Varty-Vig,5912,mcc_field,False,Pharmacy,Pharmacy,Partnership,Kolkata,West Bengal,False,2023-10-29 00:00:00,False,MASKED,1753,ACTIVE,4212.0,False,2
MCH3327,MCH3327,Balay Ltd,5912,mcc_field,False,Pharmacy,Medical,Partnership,Amritsar,Punjab,False,2024-06-10 00:00:00,False,ACCOUNT_NUMBER,9142,ACTIVE,799.92,False,1
MCH3328,MCH3328,Singh-Comar,5912,mcc_field,False,Pharmacy,MEDICAL_STORE,Sole Proprietor,Pune,Maharashtra,False,2025-12-14 00:00:00,False,MASKED,6840,ACTIVE,3993.96,True,4
MCH3330,MCH3330,"Keer, Gupta and Som",5311,mcc_field,False,Department Stores,Department Stores,Private Limited,Jalandhar,Punjab,False,2025-11-26 00:00:00,False,VIRTUAL_ACCOUNT,9837,ACTIVE,3134.69,False,1
MCH3331,MCH3331,"Shukla, Kadakia and Kata",5699,mcc_field,False,Apparel,garments,Private Limited,Ludhiana,Punjab,False,2025-03-18 00:00:00,False,MISSING,,ACTIVE,1008.43,False,1
MCH3333,MCH3333,Dada Plc,5999,mcc_field,False,Misc Retail,Miscellaneous,Private Limited,Mumbai,Maharashtra,False,2024-03-18 00:00:00,False,MISSING,,ACTIVE,668.0,False,1
MCH3334,MCH3334,Majumdar-Raja,4814,mcc_field,False,Telecom,Mobile Recharge,Private Limited,Hyderabad,Telangana,False,2023-09-02 04:50:00,False,ACCOUNT_NUMBER,8806,ACTIVE,2941.2,False,1
MCH3335,MCH3335,Choudhary Ltd,5699,mcc_field,False,Apparel,Apparel,Partnership,Lucknow,Uttar Pradesh,False,2025-08-11 00:00:00,False,MISSING,,ACTIVE,413.6,False,1
MCH3338,mch3338,"Mistry, Majumdar and Ghosh",4814,mcc_field,False,Telecom,Mobile Recharge,Individual,Ludhiana,Punjab,False,2024-04-26 08:50:51,False,VIRTUAL_ACCOUNT,8958,ACTIVE,1989.0,False,1
MCH3340,MCH 3340,Bhargava LLC,5699,mcc_field,False,Apparel,CLOTHS,Sole Proprietor,Kolkata,West Bengal,False,2025-10-12 02:52:58,False,MISSING,,SUSPENDED,4266.92,True,2
MCH3341,MCH3341,Ramesh Inc,5912,mcc_field,False,Pharmacy,Pharmacy,Individual,Mumbai,Maharashtra,False,2024-11-15 02:33:00,False,MISSING,,ACTIVE,1745.15,False,1
MCH3348,MCH 3348,"Chauhan, Chowdhury and Dhillon",5942,mcc_field,False,Books & Stationery,Stationery,Individual,Amritsar,Punjab,False,2023-12-16 00:00:00,False,VIRTUAL_ACCOUNT,3125,ACTIVE,3038.21,True,1
MCH3351,MCH3351,"Loke, Narasimhan and Gandhi",5912,mcc_field,False,Pharmacy,chemist,Partnership,Amritsar,Punjab,False,2023-06-22 00:00:00,False,MISSING,,SUSPENDED,1029.99,False,1
MCH3353,MCH3353,Sachar Ltd,5942,mcc_field,False,Books & Stationery,Book Store,Private Limited,Jalandhar,Punjab,False,2023-06-06 00:00:00,False,MISSING,,INACTIVE,446.0,False,2
MCH3354,MCH3354,"Barad, Ahluwalia and Mahal",5942,mcc_field,False,Books & Stationery,BOOKS_STATIONERY,Partnership,Lucknow,Uttar Pradesh,False,2026-02-06 09:23:45,False,MASKED,7924,ACTIVE,906.14,False,1
MCH3357,MCH3357,"Sundaram, Kara and Sibal",7011,mcc_field,False,Hotels & Lodging,Hospitality,Partnership,Amritsar,Punjab,False,2025-11-14 12:11:27,False,VIRTUAL_ACCOUNT,8234,ACTIVE,246.81,False,2
MCH3358,3358,Suri-Dhillon,4131,mcc_field,False,Transportation,TRAVEL,Individual,Kolkata,West Bengal,False,2023-09-22 00:00:00,False,ACCOUNT_NUMBER,2949,INACTIVE,665.29,False,1
MCH3361,mch3361,Sabharwal-Shah,4131,inferred_from_category,False,Transportation,transprt,Partnership,Jalandhar,Punjab,False,2024-01-06 00:00:00,False,VIRTUAL_ACCOUNT,5561,CLOSED,887.23,False,1
MCH3362,MCH-3362,Chander-Sangha,5411,mcc_field,False,Grocery,groceries,Private Limited,Amritsar,Punjab,False,2026-02-26 04:43:00,False,MISSING,,SUSPENDED,12795.59,False,1
MCH3369,MCH3369,"Yadav, Deep and Bassi",5999,mcc_field,False,Misc Retail,Misc Retail,Individual,Lucknow,Uttar Pradesh,False,2024-05-16 00:00:00,False,ACCOUNT_NUMBER,4103,ACTIVE,786.0,False,2
MCH3371,MCH3371,Raju Inc,4131,mcc_field,False,Transportation,Transport,Partnership,Hyderabad,Telangana,False,2025-04-19 05:25:00,False,VIRTUAL_ACCOUNT,2143,ACTIVE,4057.11,False,3
MCH3376,MCH3376,Sama-Gaba,5411,mcc_field,False,Grocery,kirana,Individual,Hyderabad,Telangana,False,,False,MASKED,4890,ACTIVE,732.24,False,1
MCH3379,MCH3379,Sura Inc,5411,mcc_field,False,Grocery,Grocery Stores,Sole Proprietor,Chennai,Tamil Nadu,False,2023-11-28 00:00:00,False,MISSING,,ACTIVE,851.53,False,1
MCH3382,MCH3382,"Patla, Thakur and Kaur",4131,mcc_field,False,Transportation,Transportation,Private Limited,Pune,Maharashtra,False,2025-02-06 19:20:09,False,MISSING,,ACTIVE,470.22,False,2
MCH3383,MCH3383,Muni Inc,5999,mcc_field,False,Misc Retail,Other,Sole Proprietor,Delhi,Delhi,False,2023-04-21 22:36:00,False,MASKED,2845,ACTIVE,5804.6,False,1
MCH3384,MCH-3384,Gill-Bakshi,5999,mcc_field,False,Misc Retail,Misc Retail,Partnership,Kolkata,West Bengal,False,2023-06-27 00:00:00,False,ACCOUNT_NUMBER,7640,ACTIVE,1223.35,False,2
MCH3386,MCH3386,"Balay, Chacko and Dani",5311,mcc_field,False,Department Stores,Department Stores,Private Limited,Jaipur,Rajasthan,False,2025-10-27 15:17:05,False,MASKED,2339,ACTIVE,2775.53,False,2
MCH3387,MCH 3387,Boase Ltd,4814,mcc_field,False,Telecom,Mobile Recharge,Sole Proprietor,Chennai,Tamil Nadu,False,2024-10-20 00:00:00,False,MISSING,,ACTIVE,4926.8,False,1
MCH3388,MCH-3388,"Chaudhary, Patel and Bhatti",7011,mcc_field,False,Hotels & Lodging,Hotel,Partnership,Delhi,Delhi,False,2026-02-10 03:56:14,False,MISSING,,INACTIVE,2198.14,False,3
MCH3389,mch3389,"Barad, Murthy and Muni",5912,inferred_from_category,False,Pharmacy,chemist,Individual,Amritsar,Punjab,False,2025-03-19 00:00:00,False,MISSING,,ACTIVE,234.09,False,2
MCH3391,MCH3391,Dass Inc,4131,mcc_field,False,Transportation,transprt,Partnership,Lucknow,Uttar Pradesh,False,,False,MASKED,1148,ACTIVE,1298.0,False,1
MCH3393,MCH3393,"Panchal, Mistry and Sawhney",5411,inferred_from_category,False,Grocery,Grocery,Sole Proprietor,Amritsar,Punjab,False,,False,MISSING,,ACTIVE,612.0,False,1
MCH3395,mch3395,"Boase, Dutt and Sami",5912,mcc_field,False,Pharmacy,Pharmacy,Partnership,Jaipur,Rajasthan,False,2024-07-22 00:00:00,False,MISSING,,INACTIVE,619.0,False,2
MCH3398,MCH3398,Chaudhary Ltd,5699,mcc_field,False,Apparel,Apparel,Sole Proprietor,Chennai,Tamil Nadu,False,2023-11-18 08:31:43,False,ACCOUNT_NUMBER,6306,INACTIVE,1864.25,False,1
MCH3399,MCH3399,Muni and Sons,5699,mcc_field,False,Apparel,garments,Private Limited,Amritsar,Punjab,False,2024-07-04 00:00:00,False,ACCOUNT_NUMBER,7070,ACTIVE,3737.76,True,2
MCH3401,MCH3401,Chana LLC,5411,mcc_field,False,Grocery,Grocery Stores,Individual,Chennai,Tamil Nadu,False,,False,MASKED,4048,ACTIVE,3703.23,False,1
MCH3402,3402,"Lala, Loyal and Trivedi",5999,mcc_field,False,Misc Retail,Miscellaneous,Partnership,Pune,Maharashtra,False,2025-12-14 00:00:00,False,ACCOUNT_NUMBER,2751,CLOSED,1152.61,False,1
MCH3404,3404,"Parekh, Lad and Soman",5311,mcc_field,False,Department Stores,DEPT_STORE,Individual,Mumbai,Maharashtra,False,2023-02-16 00:00:00,False,VIRTUAL_ACCOUNT,7390,ACTIVE,1405.46,True,1
MCH3405,MCH3405,"Dara, Boase and Chada",5999,mcc_field,False,Misc Retail,Misc Retail,Partnership,Pune,Maharashtra,False,2024-03-06 00:00:00,False,MASKED,5690,ACTIVE,210.2,False,1
MCH3406,MCH3406,"Swamy, Borah and Sampath",5311,mcc_field,False,Department Stores,Retail,Individual,Mumbai,Maharashtra,False,2024-05-22 03:05:47,False,MASKED,9630,INACTIVE,438.79,False,1
MCH3407,MCH3407,Lal LLC,5999,inferred_from_category,False,Misc Retail,Other,Private Limited,Jalandhar,Punjab,False,2023-09-27 00:00:00,False,MASKED,9006,ACTIVE,3232.78,False,1
MCH3409,MCH-3409,Badami and Sons,7011,mcc_field,False,Hotels & Lodging,Hotel,Sole Proprietor,Bengaluru,Karnataka,False,2024-05-31 00:00:00,False,MISSING,,ACTIVE,1179.18,False,1
MCH3410,MCH3410,Mutti Plc,7011,mcc_field,False,Hotels & Lodging,Hotel,Sole Proprietor,Chennai,Tamil Nadu,False,2023-05-23 00:00:00,False,ACCOUNT_NUMBER,0528,ACTIVE,4042.64,False,1
MCH3412,MCH3412,Tak and Sons,7011,mcc_field,False,Hotels & Lodging,HOTEL_LODGING,Sole Proprietor,Jaipur,Rajasthan,False,2024-10-31 00:00:00,False,MASKED,3873,ACTIVE,4884.39,False,1
MCH3414,MCH3414,Sahota Ltd,4814,mcc_field,False,Telecom,Telecom,Private Limited,Amritsar,Punjab,False,2025-12-29 00:00:00,False,ACCOUNT_NUMBER,5439,ACTIVE,1607.54,False,1
MCH3415,MCH3415,Keer Inc,5812,mcc_field,False,Restaurants,Restaurant,Sole Proprietor,Chennai,Tamil Nadu,False,2025-06-05 05:53:37,False,MASKED,8129,ACTIVE,184.25,True,1
MCH3416,MCH3416,"Rau, Baral and Karan",4814,mcc_field,False,Telecom,phone service,Private Limited,Ludhiana,Punjab,False,2024-02-02 00:00:00,False,MISSING,,ACTIVE,894.0,False,1
MCH3418,MCH 3418,Parsa-Parikh,5912,mcc_field,False,Pharmacy,chemist,Partnership,Hyderabad,Telangana,False,2024-07-15 00:00:00,False,VIRTUAL_ACCOUNT,6608,ACTIVE,8725.31,False,1
MCH3419,MCH3419,"Bansal, Naidu and Baria",5912,mcc_field,False,Pharmacy,Pharmacies,Private Limited,Pune,Maharashtra,False,2024-03-26 00:00:00,False,MISSING,,ACTIVE,357.64,False,1
MCH3420,mch3420,"Mani, Kota and Deol",4131,mcc_field,False,Transportation,TRAVEL,Individual,Jaipur,Rajasthan,False,2024-01-18 11:43:00,False,MISSING,,INACTIVE,453.43,False,1
MCH3421,MCH3421,"Sandhu, Saxena and Talwar",5942,mcc_field,False,Books & Stationery,Stationery,Sole Proprietor,Delhi,Delhi,False,,False,MASKED,6543,SUSPENDED,1117.58,False,1
MCH3423,mch3423,Sant-Singh,7011,mcc_field,False,Hotels & Lodging,HOTEL_LODGING,Partnership,Delhi,Delhi,False,2023-01-01 09:47:09,False,ACCOUNT_NUMBER,9967,ACTIVE,11283.23,False,1
MCH3424,MCH3424,Tandon-Raja,5411,mcc_field,False,Grocery,Grocery Stores,Private Limited,Pune,Maharashtra,False,2023-08-09 00:00:00,False,VIRTUAL_ACCOUNT,6498,CLOSED,1643.97,False,1
MCH3426,MCH3426,"Morar, Dar and Raja",5311,mcc_field,False,Department Stores,DEPT_STORE,Individual,Jalandhar,Punjab,False,2023-10-25 00:00:00,False,MASKED,0393,INACTIVE,1252.0,False,1
MCH3431,mch3431,Ghosh and Sons,5812,inferred_from_category,False,Restaurants,eating place,Sole Proprietor,Mumbai,Maharashtra,False,2025-11-24 00:00:00,False,VIRTUAL_ACCOUNT,5519,SUSPENDED,1904.92,False,1
MCH3433,MCH3433,"Pathak, Sathe and Rama",5411,mcc_field,False,Grocery,GROCERY_STORE,Private Limited,Kolkata,West Bengal,False,2025-12-22 00:00:00,False,MASKED,0746,INACTIVE,3697.0,False,1
MCH3435,MCH3435,"Mitter, Chakrabarti and Swaminathan",5812,mcc_field,False,Restaurants,Food,Individual,Ludhiana,Punjab,False,2023-04-23 00:00:00,False,MASKED,3745,ACTIVE,1050.63,False,1
MCH3438,MCH3438,Murty-Parmar,4814,inferred_from_category,False,Telecom,Mobile Recharge,Private Limited,Amritsar,Punjab,False,2024-04-10 00:00:00,False,VIRTUAL_ACCOUNT,4897,ACTIVE,621.11,False,3
MCH3439,MCH3439,"Grewal, Kar and Krishnan",4814,mcc_field,False,Telecom,phone service,Partnership,Ludhiana,Punjab,False,2025-08-08 00:00:00,False,MISSING,,INACTIVE,761.0,False,2
MCH3440,MCH-3440,"Sahni, Thakur and Kale",5411,mcc_field,False,Grocery,GROCERY_STORE,Partnership,Hyderabad,Telangana,False,2024-10-14 11:53:00,False,VIRTUAL_ACCOUNT,2661,ACTIVE,797.0,False,1
MCH3441,MCH3441,"Naidu, Nayar and Chand",5942,mcc_field,False,Books & Stationery,Books,Partnership,Ludhiana,Punjab,False,2023-05-29 00:00:00,False,ACCOUNT_NUMBER,8849,ACTIVE,817.0,False,1
MCH3442,MCH3442,Choudhry-Ravi,5699,mcc_field,False,Apparel,Clothing,Partnership,Mumbai,Maharashtra,False,2025-09-09 00:00:00,False,MASKED,0565,ACTIVE,3189.0,False,4
MCH3445,MCH3445,"Madan, Naidu and Andra",7011,mcc_field,False,Hotels & Lodging,Hotels,Private Limited,Jaipur,Rajasthan,False,2023-07-09 00:00:00,False,ACCOUNT_NUMBER,3966,ACTIVE,983.3,False,1
MCH3446,mch3446,Ganesan-Contractor,5411,mcc_field,False,Grocery,GROCERY_STORE,Sole Proprietor,Lucknow,Uttar Pradesh,False,2026-01-24 03:27:14,False,ACCOUNT_NUMBER,6735,INACTIVE,348.14,False,1
MCH3447,MCH3447,Andra-Edwin,5699,mcc_field,False,Apparel,Fashion,Individual,Hyderabad,Telangana,False,2023-10-09 13:58:47,False,MASKED,8236,ACTIVE,1619.69,False,1
MCH3449,MCH3449,Nigam-Agate,5999,mcc_field,False,Misc Retail,Miscellaneous,Partnership,Mumbai,Maharashtra,False,2026-02-13 03:43:32,False,VIRTUAL_ACCOUNT,2457,ACTIVE,236.02,False,2
MCH3451,MCH3451,Amble-Nair,5912,mcc_field,False,Pharmacy,Pharmacy,Sole Proprietor,Amritsar,Punjab,False,2025-10-06 00:00:00,False,MASKED,8569,SUSPENDED,,False,1
MCH3452,mch3452,"Tandon, Oza and Sharma",5411,mcc_field,False,Grocery,Grocery Stores,Sole Proprietor,Pune,Maharashtra,False,2025-04-08 00:00:00,False,MISSING,,CLOSED,186.45,True,1
MCH3453,MCH3453,"Sangha, Minhas and Patil",7011,mcc_field,False,Hotels & Lodging,Hospitality,Private Limited,Jaipur,Rajasthan,False,2023-11-15 00:00:00,False,ACCOUNT_NUMBER,9653,ACTIVE,1768.03,True,1
MCH3454,MCH 3454,Rajagopal-Wason,5812,mcc_field,False,Restaurants,Restaurant,Partnership,Hyderabad,Telangana,False,2024-08-22 15:32:00,False,MASKED,7731,ACTIVE,1479.06,True,1
MCH3455,MCH 3455,Singhal LLC,5311,mcc_field,False,Department Stores,Department Store,Individual,Jalandhar,Punjab,False,2026-01-06 05:10:00,False,MISSING,,ACTIVE,11222.95,False,1
MCH3459,MCH3459,Nagi-Saini,4814,mcc_field,False,Telecom,TELECOM,Sole Proprietor,Hyderabad,Telangana,False,2023-09-03 00:00:00,False,VIRTUAL_ACCOUNT,2112,ACTIVE,2617.26,False,1
MCH3460,MCH3460,Chand-Bora,5411,mcc_field,False,Grocery,Grocery Stores,Individual,Kolkata,West Bengal,False,2025-02-05 10:51:56,False,MISSING,,ACTIVE,,False,1
MCH3461,MCH 3461,"Balakrishnan, Sachdeva and Sekhon",5999,mcc_field,False,Misc Retail,Miscellaneous,Individual,Mumbai,Maharashtra,False,2025-09-23 02:42:23,False,VIRTUAL_ACCOUNT,6012,ACTIVE,1049.37,False,1
MCH3465,MCH3465,"Patla, Tiwari and Bobal",4814,mcc_field,False,Telecom,Mobile Recharge,Private Limited,Amritsar,Punjab,False,2024-09-10 22:44:00,False,VIRTUAL_ACCOUNT,1926,ACTIVE,662.0,False,1
MCH3468,mch3468,Aurora-Ben,7011,inferred_from_category,False,Hotels & Lodging,Hospitality,Private Limited,Hyderabad,Telangana,False,2025-03-16 00:00:00,False,MISSING,,ACTIVE,199.0,False,1
MCH3469,mch3469,Halder-Bains,4814,inferred_from_category,False,Telecom,Telecom,Private Limited,Ludhiana,Punjab,False,,False,VIRTUAL_ACCOUNT,4134,ACTIVE,943.76,False,1
MCH3470,MCH3470,Chopra-Garde,4814,mcc_field,False,Telecom,Telecom,Individual,Bengaluru,Karnataka,False,2025-03-02 00:00:00,False,MISSING,,ACTIVE,509.62,False,1
MCH3473,MCH-3473,"Mahal, Butala and Shenoy",4131,mcc_field,False,Transportation,TRAVEL,Individual,Amritsar,Punjab,False,2025-11-20 23:26:00,False,ACCOUNT_NUMBER,6351,INACTIVE,456.8,False,1
MCH3475,MCH3475,"Wadhwa, Banik and Prakash",5812,mcc_field,False,Restaurants,Restaurant,Private Limited,Jaipur,Rajasthan,False,2025-01-16 00:00:00,False,ACCOUNT_NUMBER,7270,ACTIVE,335.53,False,1
MCH3477,MCH3477,"Mangal, Comar and Krish",5311,mcc_field,False,Department Stores,Department Store,Sole Proprietor,Mumbai,Maharashtra,False,2025-03-30 09:40:40,False,MISSING,,ACTIVE,13897.21,False,1
MCH3481,MCH3481,"Raja, Brar and Nagar",5411,inferred_from_category,False,Grocery,Grocery Stores,Private Limited,Delhi,Delhi,False,2023-03-13 00:00:00,False,MASKED,8620,ACTIVE,1791.83,False,1
MCH3483,MCH3483,"Puri, Sachdeva and Jhaveri",5812,mcc_field,False,Restaurants,Restaurants,Private Limited,Jaipur,Rajasthan,False,2025-08-15 00:00:00,False,MASKED,0583,CLOSED,1128.9,False,1
MCH3484,MCH3484,Sidhu LLC,5999,mcc_field,False,Misc Retail,Misc Retail,Individual,Ludhiana,Punjab,False,,False,MISSING,,ACTIVE,876.31,True,1
MCH3487,MCH3487,Subramanian Inc,5812,mcc_field,False,Restaurants,Restaurant,Individual,Pune,Maharashtra,False,2025-07-26 00:00:00,False,MISSING,,ACTIVE,1612.87,False,3
MCH3488,MCH-3488,Sarna-Ramaswamy,5699,mcc_field,False,Apparel,Clothing,Private Limited,Kolkata,West Bengal,False,2025-12-10 17:02:29,False,MASKED,7182,ACTIVE,1118.6,False,1
MCH3489,MCH3489,Bahl-Bhavsar,4131,mcc_field,False,Transportation,Transportation,Partnership,Delhi,Delhi,False,,False,MASKED,6898,ACTIVE,908.03,False,1
MCH3490,MCH3490,Sachdev-Din,5411,mcc_field,False,Grocery,kirana,Individual,Delhi,Delhi,False,2023-02-21 00:00:00,False,VIRTUAL_ACCOUNT,6089,BLOCKED,570.0,False,1
MCH3491,MCH-3491,"Chawla, Tella and Madan",4814,inferred_from_category,False,Telecom,Mobile Recharge,Sole Proprietor,Lucknow,Uttar Pradesh,False,2025-05-23 00:00:00,False,MISSING,,ACTIVE,1044.7,False,1
MCH3497,mch3497,"Gokhale, Parmer and Contractor",4131,inferred_from_category,False,Transportation,Transport,Individual,Jalandhar,Punjab,False,2023-11-03 21:39:51,False,MISSING,,ACTIVE,403.24,True,1
MCH3498,MCH3498,Agate and Sons,4814,mcc_field,False,Telecom,TELECOM,Individual,Chennai,Tamil Nadu,False,,False,MISSING,,ACTIVE,1499.04,False,1
MCH3499,MCH3499,"Mand, Munshi and Bali",5311,mcc_field,False,Department Stores,Retail,Sole Proprietor,Chennai,Tamil Nadu,False,2026-02-01 00:00:00,False,MISSING,,ACTIVE,1115.88,False,3
MCH3501,MCH3501,Chandran-Tripathi,5999,mcc_field,False,Misc Retail,Miscellaneous,Private Limited,Mumbai,Maharashtra,False,,False,ACCOUNT_NUMBER,5978,ACTIVE,1658.21,False,1
MCH3502,MCH-3502,"Bail, Sawhney and Majumdar",5812,inferred_from_category,False,Restaurants,eating place,Individual,Hyderabad,Telangana,False,2024-02-05 16:37:39,False,MISSING,,ACTIVE,4792.39,False,1
MCH3504,mch3504,"Ram, Dora and Bhatti",5942,mcc_field,False,Books & Stationery,Book Store,Individual,Pune,Maharashtra,False,2025-05-08 00:00:00,False,VIRTUAL_ACCOUNT,5198,INACTIVE,520.17,False,1
MCH3506,mch3506,Peri Group,7011,mcc_field,False,Hotels & Lodging,Hospitality,Individual,Bengaluru,Karnataka,False,,False,VIRTUAL_ACCOUNT,4682,ACTIVE,3808.09,False,1
MCH3507,mch3507,"Sundaram, Shan and Subramanian",7011,mcc_field,False,Hotels & Lodging,HOTEL_LODGING,Individual,Amritsar,Punjab,False,2023-01-28 00:00:00,False,ACCOUNT_NUMBER,8153,ACTIVE,950.31,False,1
MCH3508,MCH 3508,Prabhu and Sons,4131,mcc_field,False,Transportation,TRAVEL,Private Limited,Delhi,Delhi,False,2024-07-26 00:00:00,False,MISSING,,ACTIVE,1850.0,False,1
MCH3509,MCH-3509,Tandon-Thakur,5999,mcc_field,False,Misc Retail,Other,Private Limited,Pune,Maharashtra,False,2024-03-27 19:41:52,False,VIRTUAL_ACCOUNT,6916,ACTIVE,253.7,False,2
MCH3510,MCH3510,Sankaran Inc,5699,mcc_field,False,Apparel,Apparel,Individual,Hyderabad,Telangana,False,2026-02-18 00:00:00,False,ACCOUNT_NUMBER,5819,INACTIVE,2317.0,False,1
MCH3511,MCH3511,"Konda, Venkatesh and Jha",5411,mcc_field,False,Grocery,Grocery,Individual,Lucknow,Uttar Pradesh,False,2025-06-28 00:00:00,False,VIRTUAL_ACCOUNT,1598,ACTIVE,,False,1
MCH3512,MCH3512,"Bhatti, Khosla and Chhabra",4814,inferred_from_category,False,Telecom,phone service,Private Limited,Amritsar,Punjab,False,2023-05-04 23:36:19,False,MISSING,,ACTIVE,1112.0,False,1
MCH3513,MCH3513,"Gade, Raghavan and Ben",5942,mcc_field,False,Books & Stationery,Stationery,Individual,Chennai,Tamil Nadu,False,2024-07-21 08:51:00,False,VIRTUAL_ACCOUNT,9529,INACTIVE,1116.95,False,1
MCH3518,MCH 3518,Borah and Sons,4131,mcc_field,False,Transportation,Transportation,Sole Proprietor,Mumbai,Maharashtra,False,2026-02-06 15:51:00,False,VIRTUAL_ACCOUNT,5126,ACTIVE,451.33,False,1
MCH3520,MCH3520,"Kannan, Bail and Sundaram",5699,mcc_field,False,Apparel,CLOTHS,Sole Proprietor,Ludhiana,Punjab,False,2024-09-16 08:13:00,False,MASKED,2156,ACTIVE,383.3,True,2
MCH3523,MCH3523,"Khare, Radhakrishnan and Gala",5812,mcc_field,False,Restaurants,Food,Individual,Jaipur,Rajasthan,False,2025-12-04 00:00:00,False,MISSING,,ACTIVE,577.79,True,1
MCH3530,MCH3530,Dugar Plc,5699,mcc_field,False,Apparel,garments,Individual,Ludhiana,Punjab,False,2024-10-08 01:53:00,False,MISSING,,ACTIVE,,False,1
MCH3533,MCH3533,Tiwari-Gulati,7011,mcc_field,False,Hotels & Lodging,HOTEL_LODGING,Private Limited,Mumbai,Maharashtra,False,2025-10-07 00:00:00,False,VIRTUAL_ACCOUNT,9579,ACTIVE,709.41,False,1
MCH3535,MCH 3535,"Mammen, Patla and Kala",4131,mcc_field,False,Transportation,TRAVEL,Sole Proprietor,Jaipur,Rajasthan,False,2025-08-08 00:00:00,False,MISSING,,ACTIVE,1091.98,False,2
MCH3536,mch3536,Shankar Group,5942,mcc_field,False,Books & Stationery,Books,Partnership,Kolkata,West Bengal,False,2024-11-03 17:18:07,False,MISSING,,ACTIVE,1640.82,False,2
MCH3539,MCH3539,"Korpal, Nair and Chana",5699,mcc_field,False,Apparel,Apparel,Sole Proprietor,Mumbai,Maharashtra,False,2024-05-29 00:00:00,False,VIRTUAL_ACCOUNT,3369,CLOSED,2681.05,False,1
MCH3541,MCH 3541,"Srivastava, Tella and Konda",4814,mcc_field,False,Telecom,Mobile Recharge,Private Limited,Delhi,Delhi,False,2024-10-31 00:00:00,False,MASKED,6960,ACTIVE,2341.43,False,2
MCH3545,MCH3545,"Chacko, Oza and Jaggi",7011,mcc_field,False,Hotels & Lodging,Hotels,Sole Proprietor,Hyderabad,Telangana,False,2023-09-30 00:00:00,False,MISSING,,ACTIVE,867.82,False,1
MCH3547,MCH3547,Ramanathan-Dada,5812,mcc_field,False,Restaurants,Food,Private Limited,Delhi,Delhi,False,2025-02-03 00:00:00,False,MISSING,,ACTIVE,5262.6,False,1
MCH3548,MCH3548,"Bhakta, Dhaliwal and Comar",4814,mcc_field,False,Telecom,phone service,Individual,Jaipur,Rajasthan,False,,False,VIRTUAL_ACCOUNT,8268,ACTIVE,1931.09,False,1
MCH3549,MCH-3549,Khalsa and Sons,5812,mcc_field,False,Restaurants,Food,Individual,Amritsar,Punjab,False,2025-01-07 00:00:00,False,VIRTUAL_ACCOUNT,4867,ACTIVE,1756.73,False,1
MCH3551,MCH3551,"Chaudry, Toor and Lala",4814,mcc_field,False,Telecom,phone service,Sole Proprietor,Bengaluru,Karnataka,False,2023-12-15 17:19:51,False,MISSING,,ACTIVE,941.64,False,1
MCH3552,MCH3552,"Morar, Ahuja and Ravel",5942,mcc_field,False,Books & Stationery,Stationery,Sole Proprietor,Pune,Maharashtra,False,2024-08-03 00:00:00,False,ACCOUNT_NUMBER,7743,ACTIVE,8846.0,False,1
MCH3553,mch3553,"Bajwa, Tata and Narula",5912,mcc_field,False,Pharmacy,MEDICAL_STORE,Private Limited,Lucknow,Uttar Pradesh,False,2023-01-02 19:20:00,False,ACCOUNT_NUMBER,4910,ACTIVE,1334.71,True,2
MCH3554,mch3554,"Chowdhury, Mann and Mitter",4131,mcc_field,False,Transportation,Transportation,Individual,Jalandhar,Punjab,False,2025-04-27 19:48:07,False,MASKED,2146,ACTIVE,893.92,False,1
MCH3555,3555,Chaudhari-Dutta,5311,mcc_field,False,Department Stores,DEPT_STORE,Partnership,Kolkata,West Bengal,False,2023-03-31 00:00:00,False,VIRTUAL_ACCOUNT,8836,ACTIVE,712.21,False,1
MCH3556,MCH3556,Andra-Nagar,5999,mcc_field,False,Misc Retail,Misc Retail,Sole Proprietor,Pune,Maharashtra,False,2025-05-04 18:43:19,False,MISSING,,ACTIVE,1107.13,False,2
MCH3558,MCH 3558,Brahmbhatt-Peri,7011,mcc_field,False,Hotels & Lodging,Hotels,Sole Proprietor,Pune,Maharashtra,False,2025-10-14 11:56:55,False,VIRTUAL_ACCOUNT,2637,ACTIVE,,False,3
MCH3559,MCH3559,Chokshi Inc,5812,mcc_field,False,Restaurants,Food,Private Limited,Bengaluru,Karnataka,False,2024-12-23 00:00:00,False,MASKED,5330,SUSPENDED,535.7,True,2
MCH3561,MCH3561,Kumar LLC,5812,mcc_field,False,Restaurants,Food,Partnership,Chennai,Tamil Nadu,False,2025-10-18 00:00:00,False,ACCOUNT_NUMBER,7445,ACTIVE,715.0,False,2
MCH3563,MCH3563,Shan Inc,5912,mcc_field,False,Pharmacy,chemist,Sole Proprietor,Bengaluru,Karnataka,False,2024-04-01 06:07:35,False,MASKED,8095,ACTIVE,335.55,False,3
MCH3564,MCH3564,"Konda, Natarajan and Chawla",5999,mcc_field,False,Misc Retail,Misc Retail,Private Limited,Amritsar,Punjab,False,2025-10-08 00:00:00,False,MISSING,,ACTIVE,982.65,False,2
MCH3567,MCH3567,"Ahuja, Mody and Radhakrishnan",5411,mcc_field,False,Grocery,Grocery Stores,Sole Proprietor,Lucknow,Uttar Pradesh,False,2023-09-24 03:33:54,False,MISSING,,ACTIVE,1060.67,False,3
MCH3568,MCH3568,"Choudhury, Trivedi and Bhatnagar",5311,mcc_field,False,Department Stores,Department Stores,Private Limited,Ludhiana,Punjab,False,2025-04-10 00:00:00,False,MASKED,4927,ACTIVE,1208.3,False,1
MCH3569,MCH3569,Choudhury-Prashad,5942,mcc_field,False,Books & Stationery,Stationery,Sole Proprietor,Lucknow,Uttar Pradesh,False,2025-02-17 00:00:00,False,MISSING,,ACTIVE,1411.0,False,1
MCH3570,MCH3570,Sura-Barman,5999,mcc_field,False,Misc Retail,Other,Private Limited,Jalandhar,Punjab,False,2023-05-22 22:03:03,False,ACCOUNT_NUMBER,7872,CLOSED,1099.0,False,1
MCH3571,MCH3571,"Aurora, Kamdar and Vasa",5411,mcc_field,False,Grocery,kirana,Private Limited,Lucknow,Uttar Pradesh,False,2023-02-03 00:00:00,False,MISSING,,ACTIVE,583.65,False,1
MCH3572,MCH3572,Kohli Plc,4131,inferred_from_category,False,Transportation,TRAVEL,Sole Proprietor,Delhi,Delhi,False,2025-11-20 00:00:00,False,MASKED,5864,ACTIVE,1042.66,True,2
MCH3574,MCH3574,Sodhi-Shan,4131,mcc_field,False,Transportation,Transport,Partnership,Pune,Maharashtra,False,2025-05-31 00:00:00,False,VIRTUAL_ACCOUNT,8670,INACTIVE,4407.0,False,1
MCH3577,MCH 3577,"Dhawan, Bobal and Vala",5942,inferred_from_category,False,Books & Stationery,BOOKS_STATIONERY,Sole Proprietor,Lucknow,Uttar Pradesh,False,2025-01-26 18:18:18,False,VIRTUAL_ACCOUNT,7402,ACTIVE,,False,2
MCH3578,MCH3578,"Badal, Gopal and Walla",4131,mcc_field,False,Transportation,Transportation,Individual,Amritsar,Punjab,False,2024-05-19 20:33:00,False,VIRTUAL_ACCOUNT,2575,ACTIVE,14795.0,False,1
MCH3581,MCH3581,"Chadha, Sankaran and Pau",5699,mcc_field,False,Apparel,Clothing,Partnership,Kolkata,West Bengal,False,2024-05-07 00:00:00,False,MISSING,,ACTIVE,,False,1
MCH3586,MCH3586,Dayal-Nagar,5912,inferred_from_category,False,Pharmacy,Pharmacies,Partnership,Hyderabad,Telangana,False,2026-01-28 00:00:00,False,ACCOUNT_NUMBER,7480,ACTIVE,2093.13,False,2
MCH3587,MCH3587,Sagar-Raval,7011,mcc_field,False,Hotels & Lodging,HOTEL_LODGING,Partnership,Jalandhar,Punjab,False,2024-07-31 00:00:00,False,MISSING,,ACTIVE,1064.25,False,2
MCH3591,MCH3591,"Panchal, Balasubramanian and Dey",5942,mcc_field,False,Books & Stationery,Stationery,Private Limited,Kolkata,West Bengal,False,2025-03-15 00:00:00,False,ACCOUNT_NUMBER,6733,ACTIVE,2193.61,False,1
MCH3592,MCH 3592,"Sem, Chandran and Dara",5999,mcc_field,False,Misc Retail,Other,Sole Proprietor,Delhi,Delhi,False,2023-11-15 09:32:00,False,ACCOUNT_NUMBER,8913,INACTIVE,1166.62,True,1
MCH3593,MCH3593,"Kara,brarand Apte",4814,mcc_field,False,Telecom,phone service,Private Limited,Mumbai,Maharashtra,False,2023-12-04 15:44:19,False,MISSING,,ACTIVE,474.6,False,2
MCH3594,MCH3594,Om-Tiwari,4131,inferred_from_category,False,Transportation,Bus/Taxi,Partnership,Pune,Maharashtra,False,2024-07-28 00:22:00,False,VIRTUAL_ACCOUNT,4916,ACTIVE,1023.26,True,2
MCH3595,mch3595,"Srivastava, Merchant and Kota",5311,mcc_field,False,Department Stores,Retail,Private Limited,Ludhiana,Punjab,False,2025-01-03 13:32:00,False,ACCOUNT_NUMBER,1600,INACTIVE,1153.0,False,1
MCH3596,MCH3596,Choudhry Ltd,4131,mcc_field,False,Transportation,Transport,Private Limited,Lucknow,Uttar Pradesh,False,2024-11-11 00:00:00,False,VIRTUAL_ACCOUNT,7623,ACTIVE,311.69,False,2
MCH3598,MCH3598,Kapur-Sahni,4814,mcc_field,False,Telecom,phone service,Private Limited,Bengaluru,Karnataka,False,2024-12-07 15:58:25,False,ACCOUNT_NUMBER,3753,ACTIVE,7252.05,False,1
MCH3600,MCH3600,Gole and Sons,4131,mcc_field,False,Transportation,Transport,Sole Proprietor,Delhi,Delhi,False,2023-09-10 00:00:00,False,MISSING,,SUSPENDED,1548.59,False,2
MCH3601,MCH3601,Lanka Inc,5942,mcc_field,False,Books & Stationery,Book Store,Individual,Pune,Maharashtra,False,2025-05-14 07:26:19,False,MISSING,,ACTIVE,4672.85,False,2
MCH3602,MCH-3602,"Panchal, Karpe and Bhatti",7011,mcc_field,False,Hotels & Lodging,Hotels,Partnership,Amritsar,Punjab,False,2023-08-29 00:00:00,False,VIRTUAL_ACCOUNT,6765,ACTIVE,754.95,False,1
MCH3604,MCH3604,Dara-Borde,5942,mcc_field,False,Books & Stationery,Stationery,Sole Proprietor,Ludhiana,Punjab,False,2025-10-03 00:00:00,False,MISSING,,ACTIVE,,False,3
MCH3605,MCH3605,Bhasin Ltd,4131,mcc_field,False,Transportation,TRAVEL,Partnership,Ludhiana,Punjab,False,2023-11-15 00:00:00,False,MISSING,,ACTIVE,1858.98,False,1
MCH3607,MCH 3607,Vala-Dora,5812,mcc_field,False,Restaurants,eating place,Individual,Ludhiana,Punjab,False,2024-11-09 00:00:00,False,MISSING,,ACTIVE,1953.09,False,1
MCH3608,MCH3608,"Raj, Sarin and Sibal",4814,mcc_field,False,Telecom,Telecom,Partnership,Jaipur,Rajasthan,False,2024-12-08 00:00:00,False,MASKED,8045,INACTIVE,1956.65,False,1
MCH3610,MCH3610,"Deo, Krish and Lanka",5699,mcc_field,False,Apparel,Apparel,Private Limited,Chennai,Tamil Nadu,False,2025-01-07 11:18:09,False,ACCOUNT_NUMBER,9399,ACTIVE,,False,2
MCH3611,MCH-3611,"Ratti, Sunder and Kapoor",4131,mcc_field,False,Transportation,TRAVEL,Private Limited,Bengaluru,Karnataka,False,,False,MASKED,2260,ACTIVE,787.19,False,1
MCH3612,MCH3612,Kala Inc,5812,mcc_field,False,Restaurants,Restaurant,Sole Proprietor,Mumbai,Maharashtra,False,2025-08-17 02:43:00,False,VIRTUAL_ACCOUNT,2701,ACTIVE,577.0,False,5
MCH3613,mch3613,Lad-Chacko,4814,mcc_field,False,Telecom,Mobile Recharge,Private Limited,Jaipur,Rajasthan,False,2025-04-02 00:00:00,False,MASKED,9897,ACTIVE,466.16,False,1
MCH3614,MCH 3614,Morar-Sundaram,5812,mcc_field,False,Restaurants,Food,Individual,Mumbai,Maharashtra,False,2023-08-09 00:00:00,False,MASKED,5060,ACTIVE,1484.85,False,1
MCH3616,MCH3616,Dua Group,5942,mcc_field,False,Books & Stationery,Book Store,Private Limited,Lucknow,Uttar Pradesh,False,2026-02-24 20:51:00,False,VIRTUAL_ACCOUNT,9891,ACTIVE,,False,4
MCH3618,MCH3618,"Narang, Atwal and Merchant",5912,inferred_from_category,False,Pharmacy,Medical,Sole Proprietor,Mumbai,Maharashtra,False,2023-07-25 00:00:00,False,VIRTUAL_ACCOUNT,4377,ACTIVE,1728.22,False,2
MCH3619,MCH3619,"Mody, Sami and Batta",5999,mcc_field,False,Misc Retail,Retail Other,Sole Proprietor,Kolkata,West Bengal,False,2026-01-27 07:14:00,False,ACCOUNT_NUMBER,5023,INACTIVE,3456.23,False,1
MCH3625,MCH3625,Singhal Ltd,5812,mcc_field,False,Restaurants,Restaurants,Sole Proprietor,Mumbai,Maharashtra,False,2025-10-28 12:02:57,False,MASKED,0908,ACTIVE,10079.36,False,2
MCH3627,MCH3627,"Chandra, Venkataraman and Palla",5912,mcc_field,False,Pharmacy,Medical,Sole Proprietor,Jaipur,Rajasthan,False,2025-10-09 00:00:00,False,ACCOUNT_NUMBER,1941,ACTIVE,379.66,False,1
MCH3628,MCH3628,Mitra Ltd,5699,mcc_field,False,Apparel,garments,Sole Proprietor,Delhi,Delhi,False,2023-08-05 00:00:00,False,MISSING,,ACTIVE,3214.64,False,1
MCH3630,MCH3630,Chacko Ltd,5812,mcc_field,False,Restaurants,Restaurant,Partnership,Mumbai,Maharashtra,False,2023-06-11 00:00:00,False,MISSING,,INACTIVE,2433.39,False,1
MCH3637,MCH3637,Pai-Parikh,5812,mcc_field,False,Restaurants,eating place,Sole Proprietor,Hyderabad,Telangana,False,2024-06-26 00:00:00,False,MISSING,,ACTIVE,3420.81,False,2
MCH3640,mch3640,Parikh-Raghavan,7011,mcc_field,False,Hotels & Lodging,Hotel,Sole Proprietor,Hyderabad,Telangana,False,2023-04-11 22:07:00,False,ACCOUNT_NUMBER,8829,ACTIVE,400.1,False,1
MCH3641,MCH3641,"Khurana, Barman and Suresh",5699,mcc_field,False,Apparel,Fashion,Individual,Delhi,Delhi,False,2025-08-06 08:41:00,False,MASKED,0826,ACTIVE,2224.44,False,1
MCH3642,MCH3642,Prabhu-Pai,5411,mcc_field,False,Grocery,groceries,Sole Proprietor,Kolkata,West Bengal,False,2025-11-24 00:00:00,False,MISSING,,ACTIVE,3223.63,False,1
MCH3649,MCH-3649,"Jain, Sama and Sarma",5999,mcc_field,False,Misc Retail,Miscellaneous,Partnership,Mumbai,Maharashtra,False,2025-06-08 21:51:00,False,MASKED,8840,ACTIVE,671.85,False,1
MCH3652,MCH3652,Varghese Plc,5999,inferred_from_category,False,Misc Retail,Other,Partnership,Ludhiana,Punjab,False,,False,MISSING,,ACTIVE,2254.0,False,1
MCH3654,MCH-3654,Ganesan Ltd,5812,mcc_field,False,Restaurants,Restaurants,Sole Proprietor,Jalandhar,Punjab,False,2024-02-11 00:00:00,False,MASKED,6762,ACTIVE,286.1,False,1
MCH3655,MCH-3655,Batra LLC,5912,mcc_field,False,Pharmacy,MEDICAL_STORE,Sole Proprietor,Pune,Maharashtra,False,2024-08-17 00:00:00,False,MISSING,,ACTIVE,528.59,True,1
MCH3656,MCH3656,Kurian-Chad,5812,inferred_from_category,False,Restaurants,Restaurant,Individual,Kolkata,West Bengal,False,2024-12-18 00:21:00,False,MISSING,,ACTIVE,,False,3
MCH3659,MCH3659,Kashyap LLC,4131,mcc_field,False,Transportation,Bus/Taxi,Partnership,Pune,Maharashtra,False,2025-07-06 00:00:00,False,MISSING,,ACTIVE,403.54,False,5
MCH3661,MCH3661,"Deshmukh, Patla and Goel",4131,mcc_field,False,Transportation,Transportation,Individual,Ludhiana,Punjab,False,2023-11-17 00:00:00,False,MASKED,0412,SUSPENDED,1439.0,False,2
MCH3662,mch3662,Dalal-Arora,4814,inferred_from_category,False,Telecom,Telecom,Sole Proprietor,Kolkata,West Bengal,False,2024-09-01 00:00:00,False,MISSING,,ACTIVE,4799.31,False,4
MCH3663,MCH3663,Saini-Gaba,5699,mcc_field,False,Apparel,Clothing,Sole Proprietor,Jaipur,Rajasthan,False,2025-02-03 00:00:00,False,MISSING,,ACTIVE,377.05,False,2
MCH3666,mch3666,Gera-Ranganathan,4131,mcc_field,False,Transportation,Transport,Partnership,Jaipur,Rajasthan,False,2023-04-12 00:00:00,False,MISSING,,ACTIVE,243.55,False,1
MCH3668,MCH3668,Pandey-Uppal,4131,mcc_field,False,Transportation,Transportation,Sole Proprietor,Pune,Maharashtra,False,2024-09-03 18:09:51,False,MASKED,9816,ACTIVE,795.26,False,1
MCH3669,MCH3669,"Dutta, Banerjee and Saini",5999,mcc_field,False,Misc Retail,Misc Retail,Private Limited,Lucknow,Uttar Pradesh,False,2024-09-03 00:00:00,False,ACCOUNT_NUMBER,3658,ACTIVE,2883.4,False,1
MCH3671,MCH3671,"Vala, Dhar and Wason",5912,mcc_field,False,Pharmacy,Medical,Individual,Chennai,Tamil Nadu,False,,False,MISSING,,ACTIVE,2167.0,False,1
MCH3672,mch3672,Ramaswamy Plc,5942,inferred_from_category,False,Books & Stationery,Books,Private Limited,Kolkata,West Bengal,False,2025-01-24 00:00:00,False,MASKED,8500,ACTIVE,9848.33,False,2
MCH3674,MCH3674,Wason and Sons,5812,mcc_field,False,Restaurants,Restaurant,Individual,Delhi,Delhi,False,2025-07-19 21:11:25,False,ACCOUNT_NUMBER,1084,ACTIVE,582.77,True,1
MCH3675,MCH3675,Soman LLC,5999,mcc_field,False,Misc Retail,Miscellaneous,Individual,Hyderabad,Telangana,False,2026-02-13 00:00:00,False,MISSING,,INACTIVE,223.0,False,2
MCH3677,MCH3677,Toor and Sons,5912,mcc_field,False,Pharmacy,MEDICAL_STORE,Sole Proprietor,Amritsar,Punjab,False,2025-03-03 06:28:03,False,MASKED,6857,ACTIVE,4703.03,False,2
MCH3678,3678,"Ramanathan, Oza and Aggarwal",5699,mcc_field,False,Apparel,Fashion,Partnership,Jalandhar,Punjab,False,2023-04-03 10:00:00,False,ACCOUNT_NUMBER,6267,ACTIVE,1617.86,False,1
MCH3679,MCH3679,Kumer LLC,4814,mcc_field,False,Telecom,Telecom,Private Limited,Hyderabad,Telangana,False,2025-12-15 00:00:00,False,ACCOUNT_NUMBER,7762,ACTIVE,587.47,False,1
MCH3680,MCH3680,Pradhan Ltd,4131,mcc_field,False,Transportation,TRAVEL,Private Limited,Hyderabad,Telangana,False,2025-11-22 00:00:00,False,VIRTUAL_ACCOUNT,9577,ACTIVE,519.26,False,2
MCH3682,MCH3682,"Dash, Kashyap and Goda",5311,mcc_field,False,Department Stores,Department Stores,Private Limited,Amritsar,Punjab,False,2025-12-01 18:10:00,False,VIRTUAL_ACCOUNT,0050,INACTIVE,1702.0,False,2
MCH3683,MCH3683,Mander Group,5411,mcc_field,False,Grocery,Grocery Stores,Individual,Mumbai,Maharashtra,False,2023-10-09 00:00:00,False,ACCOUNT_NUMBER,7562,ACTIVE,4247.99,False,1
MCH3684,MCH3684,Chahal-Reddy,5411,inferred_from_category,False,Grocery,GROCERY_STORE,Partnership,Delhi,Delhi,False,,False,MISSING,,ACTIVE,629.48,False,1
MCH3686,MCH3686,Prasad Inc,5812,mcc_field,False,Restaurants,Restaurants,Sole Proprietor,Mumbai,Maharashtra,False,2024-09-04 03:46:00,False,VIRTUAL_ACCOUNT,7219,ACTIVE,1179.14,False,1
MCH3688,MCH3688,"Nayak, Brar and Sahni",4814,mcc_field,False,Telecom,Mobile Recharge,Individual,Chennai,Tamil Nadu,False,2025-08-20 00:00:00,False,MISSING,,SUSPENDED,2787.88,False,1
MCH3689,MCH3689,"Palla, Gara and Malhotra",5942,mcc_field,False,Books & Stationery,Stationery,Partnership,Bengaluru,Karnataka,False,2025-02-04 00:00:00,False,VIRTUAL_ACCOUNT,7273,INACTIVE,1319.27,False,1
MCH3690,MCH-3690,Aurora Inc,4131,mcc_field,False,Transportation,TRAVEL,Partnership,Bengaluru,Karnataka,False,2025-04-26 00:00:00,False,MASKED,3060,ACTIVE,915.55,False,1
MCH3693,MCH3693,"Rajagopal, Savant and Ganesan",4814,mcc_field,False,Telecom,Mobile Recharge,Individual,Jalandhar,Punjab,False,2025-02-26 00:00:00,False,MASKED,6831,ACTIVE,893.17,False,1
MCH3694,MCH3694,"Date, Naidu and Raja",5912,mcc_field,False,Pharmacy,Pharmacies,Partnership,Jalandhar,Punjab,False,2024-11-22 04:13:38,False,VIRTUAL_ACCOUNT,0352,ACTIVE,4933.54,False,1
MCH3696,MCH 3696,"Pandya, Maharaj and Sundaram",5942,mcc_field,False,Books & Stationery,Book Store,Individual,Pune,Maharashtra,False,2025-08-07 00:00:00,False,MISSING,,SUSPENDED,416.04,False,1
MCH3697,MCH-3697,Cherian LLC,7011,mcc_field,False,Hotels & Lodging,Hotel,Individual,Chennai,Tamil Nadu,False,2023-11-04 13:30:00,False,MISSING,,ACTIVE,2525.65,False,1
MCH3698,mch3698,"Prashad, Viswanathan and Sama",5311,mcc_field,False,Department Stores,Retail,Partnership,Amritsar,Punjab,False,2026-02-09 00:00:00,False,MISSING,,ACTIVE,514.0,False,2
MCH3699,MCH3699,Borra and Sons,5942,mcc_field,False,Books & Stationery,Stationery,Private Limited,Pune,Maharashtra,False,2025-12-17 22:31:06,False,MISSING,,INACTIVE,790.7,False,2
MCH3700,MCH 3700,"Sinha, Purohit and Shetty",5912,mcc_field,False,Pharmacy,chemist,Individual,Bengaluru,Karnataka,False,2025-04-01 00:00:00,False,ACCOUNT_NUMBER,5091,INACTIVE,1238.03,False,2
MCH3701,MCH3701,Mand-Bhat,5999,mcc_field,False,Misc Retail,Retail Other,Sole Proprietor,Lucknow,Uttar Pradesh,False,2024-05-07 00:00:00,False,ACCOUNT_NUMBER,4164,CLOSED,231.29,False,1
MCH3703,MCH3703,Khatri-Shukla,5812,mcc_field,False,Restaurants,FOOD_SERVICES,Private Limited,Jalandhar,Punjab,False,,False,MISSING,,SUSPENDED,3523.05,False,1
MCH3705,MCH 3705,"Prakash, Korpal and Narasimhan",5812,mcc_field,False,Restaurants,eating place,Sole Proprietor,Jaipur,Rajasthan,False,2025-11-10 00:00:00,False,MISSING,,ACTIVE,753.96,False,2
MCH3712,MCH3712,Narain-Vaidya,7011,mcc_field,False,Hotels & Lodging,Hotels,Individual,Hyderabad,Telangana,False,2025-07-05 00:23:00,False,VIRTUAL_ACCOUNT,6325,ACTIVE,333.0,False,1
MCH3715,MCH3715,Bansal Inc,5942,mcc_field,False,Books & Stationery,Books,Individual,Lucknow,Uttar Pradesh,False,2024-11-27 00:00:00,False,MISSING,,SUSPENDED,2025.81,False,1
MCH3718,MCH3718,"Som, Barman and Bhavsar",5411,mcc_field,False,Grocery,kirana,Sole Proprietor,Pune,Maharashtra,False,,False,ACCOUNT_NUMBER,1898,ACTIVE,312.19,False,1
MCH3720,MCH3720,"Bedi, Sanghvi and Balakrishnan",5411,mcc_field,False,Grocery,groceries,Individual,Delhi,Delhi,False,2024-04-14 08:30:13,False,VIRTUAL_ACCOUNT,5514,ACTIVE,610.0,False,1
MCH3722,MCH3722,"Ben, Dhingra and Garde",5942,mcc_field,False,Books & Stationery,Books,Private Limited,Delhi,Delhi,False,2025-01-28 00:00:00,False,MISSING,,INACTIVE,163.22,False,3
MCH3723,MCH3723,Wagle-Dugar,5411,mcc_field,False,Grocery,Grocery,Individual,Bengaluru,Karnataka,False,2023-05-31 00:00:00,False,ACCOUNT_NUMBER,2973,ACTIVE,1906.51,False,1
MCH3725,MCH3725,Balan Inc,5912,mcc_field,False,Pharmacy,Medical,Sole Proprietor,Kolkata,West Bengal,False,2024-10-04 18:42:00,False,MASKED,4682,ACTIVE,2579.6,False,2
MCH3726,MCH3726,Varughese Plc,4814,mcc_field,False,Telecom,phone service,Individual,Lucknow,Uttar Pradesh,False,2024-11-13 08:40:19,False,MISSING,,ACTIVE,3572.06,False,1
MCH3732,MCH3732,"Bhat, Sarin and Wagle",7011,inferred_from_category,False,Hotels & Lodging,Hotel,Sole Proprietor,Lucknow,Uttar Pradesh,False,2025-06-23 19:32:43,False,MISSING,,ACTIVE,604.0,False,1
MCH3733,MCH 3733,Ramakrishnan-Chaudhuri,7011,mcc_field,False,Hotels & Lodging,Hotels,Sole Proprietor,Amritsar,Punjab,False,2025-03-15 00:00:00,False,MISSING,,ACTIVE,1213.25,False,1
MCH3736,MCH3736,Goyal-Thakur,5411,mcc_field,False,Grocery,kirana,Individual,Bengaluru,Karnataka,False,2023-12-08 00:00:00,False,MISSING,,ACTIVE,1865.39,False,4
MCH3737,MCH3737,Raval-Kurian,5812,mcc_field,False,Restaurants,Restaurants,Individual,Mumbai,Maharashtra,False,2026-01-23 00:00:00,False,MISSING,,ACTIVE,352.99,True,1
MCH3739,MCH3739,Murty Ltd,5311,mcc_field,False,Department Stores,Department Store,Private Limited,Chennai,Tamil Nadu,False,2025-09-15 00:00:00,False,MASKED,2052,ACTIVE,571.15,False,1
MCH3742,mch3742,"Mall, Sarma and Merchant",5999,mcc_field,False,Misc Retail,Miscellaneous,Partnership,Jalandhar,Punjab,False,2025-06-19 08:34:00,False,MISSING,,ACTIVE,330.87,False,1
MCH3743,MCH3743,Doctor Ltd,5912,mcc_field,False,Pharmacy,Pharmacy,Sole Proprietor,Hyderabad,Telangana,False,2023-01-16 20:06:00,False,VIRTUAL_ACCOUNT,0695,ACTIVE,12417.3,False,1
MCH3748,MCH3748,Bedi-Cherian,5311,mcc_field,False,Department Stores,Retail,Individual,Mumbai,Maharashtra,False,2025-03-19 00:00:00,False,MASKED,2002,SUSPENDED,1343.58,False,1
MCH3753,MCH 3753,Vohra-Din,5699,mcc_field,False,Apparel,Clothing,Private Limited,Kolkata,West Bengal,False,2025-03-30 00:00:00,False,ACCOUNT_NUMBER,3390,ACTIVE,754.9,False,3
MCH3754,3754,Dugal-Chawla,5812,mcc_field,False,Restaurants,FOOD_SERVICES,Partnership,Kolkata,West Bengal,False,2025-01-18 00:00:00,False,VIRTUAL_ACCOUNT,2119,ACTIVE,581.93,True,1
MCH3755,MCH3755,Hayer and Sons,5812,mcc_field,False,Restaurants,FOOD_SERVICES,Private Limited,Pune,Maharashtra,False,2025-08-02 17:59:03,False,ACCOUNT_NUMBER,6455,ACTIVE,1098.64,False,1
MCH3757,MCH3757,Chokshi Plc,4814,mcc_field,False,Telecom,TELECOM,Private Limited,Jaipur,Rajasthan,False,2025-10-23 10:04:00,False,VIRTUAL_ACCOUNT,9701,ACTIVE,2492.69,False,1
MCH3758,MCH3758,Dube Ltd,5999,mcc_field,False,Misc Retail,Misc Retail,Sole Proprietor,Delhi,Delhi,False,2023-09-10 22:18:52,False,ACCOUNT_NUMBER,1071,ACTIVE,1607.42,False,1
MCH3760,MCH-3760,Das-Ahuja,5812,mcc_field,False,Restaurants,eating place,Sole Proprietor,Lucknow,Uttar Pradesh,False,2023-01-13 00:00:00,False,VIRTUAL_ACCOUNT,3657,ACTIVE,755.0,False,1
MCH3761,MCH3761,"Bal,mittaland Prabhakar",5999,mcc_field,False,Misc Retail,Other,Private Limited,Pune,Maharashtra,False,2025-06-11 00:00:00,False,MISSING,,ACTIVE,6900.33,False,1
MCH3764,MCH3764,Tandon and Sons,5912,mcc_field,False,Pharmacy,Medical,Partnership,Mumbai,Maharashtra,False,2025-12-30 00:00:00,False,MISSING,,ACTIVE,3428.0,False,1
MCH3765,MCH3765,Mohanty LLC,5311,mcc_field,False,Department Stores,Department Store,Partnership,Hyderabad,Telangana,False,2023-06-20 05:11:20,False,ACCOUNT_NUMBER,8127,ACTIVE,1911.75,False,1
MCH3771,MCH3771,Bumb Inc,5999,mcc_field,False,Misc Retail,Retail Other,Partnership,Lucknow,Uttar Pradesh,False,2024-11-06 00:00:00,False,MISSING,,ACTIVE,2602.75,False,1
MCH3776,MCH3776,"Kapadia, Sathe and Shenoy",5311,mcc_field,False,Department Stores,DEPT_STORE,Partnership,Delhi,Delhi,False,,False,ACCOUNT_NUMBER,7884,ACTIVE,1854.99,False,1
MCH3778,mch3778,"Bhagat, Sama and Murthy",4814,inferred_from_category,False,Telecom,phone service,Individual,Amritsar,Punjab,False,2026-01-18 00:00:00,False,VIRTUAL_ACCOUNT,6292,INACTIVE,2790.66,False,2
MCH3779,MCH3779,Aggarwal-Hans,5311,mcc_field,False,Department Stores,Department Stores,Private Limited,Kolkata,West Bengal,False,2024-12-04 08:30:32,False,VIRTUAL_ACCOUNT,4270,ACTIVE,1502.01,True,1
MCH3780,MCH3780,Hegde Group,5311,mcc_field,False,Department Stores,dept_store,Private Limited,Lucknow,Uttar Pradesh,False,2026-02-27 20:38:00,False,MASKED,3079,SUSPENDED,315.62,False,3
MCH3786,MCH3786,Ratta-Bhasin,5999,mcc_field,False,Misc Retail,Misc Retail,Partnership,Bengaluru,Karnataka,False,2023-08-22 00:00:00,False,MISSING,,ACTIVE,1037.97,False,1
MCH3787,MCH3787,"Boase, Mand and Khatri",5411,mcc_field,False,Grocery,kirana,Partnership,Pune,Maharashtra,False,2025-03-21 00:49:00,False,ACCOUNT_NUMBER,3603,ACTIVE,1436.68,False,2
MCH3788,MCH3788,Bhargava and Sons,4131,mcc_field,False,Transportation,Bus/Taxi,Partnership,Bengaluru,Karnataka,False,2025-12-18 00:00:00,False,VIRTUAL_ACCOUNT,1991,ACTIVE,2495.65,False,4
MCH3793,MCH-3793,"Sankar, Parsa and Shere",7011,mcc_field,False,Hotels & Lodging,Hospitality,Sole Proprietor,Ludhiana,Punjab,False,2025-03-30 00:00:00,False,ACCOUNT_NUMBER,4371,ACTIVE,6906.85,False,1
MCH3795,MCH3795,Sinha-Ramesh,4814,mcc_field,False,Telecom,TELECOM,Partnership,Hyderabad,Telangana,False,2024-06-19 00:00:00,False,MASKED,9092,ACTIVE,1083.1,False,1
MCH3796,MCH3796,Mani-Saha,5812,inferred_from_category,False,Restaurants,Food,Individual,Chennai,Tamil Nadu,False,2023-08-06 00:00:00,False,VIRTUAL_ACCOUNT,0073,ACTIVE,860.72,False,2
MCH3797,MCH3797,"Dhaliwal, Parekh and Dey",7011,mcc_field,False,Hotels & Lodging,HOTEL_LODGING,Partnership,Jalandhar,Punjab,False,2024-11-02 00:00:00,False,MASKED,1096,SUSPENDED,,False,1
MCH3801,MCH3801,"Arya, Sachar and Khanna",5912,mcc_field,False,Pharmacy,Pharmacy,Partnership,Bengaluru,Karnataka,False,2024-01-03 13:59:47,False,MASKED,2457,SUSPENDED,639.86,False,1
MCH3803,MCH3803,"Tara, Wali and Sachdev",5942,mcc_field,False,Books & Stationery,Book Store,Individual,Lucknow,Uttar Pradesh,False,2025-10-14 23:06:00,False,MISSING,,ACTIVE,2461.72,False,1
MCH3804,MCH3804,"Pingle, Choudhry and Sastry",5942,mcc_field,False,Books & Stationery,Stationery,Sole Proprietor,Delhi,Delhi,False,2025-10-13 00:00:00,False,MISSING,,ACTIVE,729.5,False,1
MCH3805,MCH3805,Issac-Munshi,5999,mcc_field,False,Misc Retail,Misc Retail,Private Limited,Bengaluru,Karnataka,False,2023-02-19 00:00:00,False,ACCOUNT_NUMBER,9164,ACTIVE,7651.0,False,1
MCH3806,MCH3806,Parmer LLC,5411,mcc_field,False,Grocery,kirana,Sole Proprietor,Jaipur,Rajasthan,False,2024-11-04 00:00:00,False,ACCOUNT_NUMBER,4450,ACTIVE,1939.0,False,2
MCH3810,MCH3810,Mallick-Lall,5411,mcc_field,False,Grocery,kirana,Private Limited,Lucknow,Uttar Pradesh,False,2025-12-07 00:00:00,False,MASKED,7137,SUSPENDED,630.92,False,1
MCH3811,3811,"Bhat, Anand and Bakshi",7011,inferred_from_category,False,Hotels & Lodging,Hotels,Individual,Bengaluru,Karnataka,False,,False,ACCOUNT_NUMBER,2216,ACTIVE,563.14,False,1
MCH3817,mch3817,Subramanian Group,5311,mcc_field,False,Department Stores,DEPT_STORE,Sole Proprietor,Ludhiana,Punjab,False,,False,MASKED,6376,ACTIVE,3916.72,False,1
MCH3818,MCH3818,Gopal-Khalsa,4814,mcc_field,False,Telecom,TELECOM,Partnership,Amritsar,Punjab,False,,False,MISSING,,ACTIVE,200.35,False,1
MCH3819,MCH3819,Butala-Patla,5999,mcc_field,False,Misc Retail,Misc Retail,Individual,Delhi,Delhi,False,2023-04-08 00:00:00,False,MASKED,5729,ACTIVE,2466.12,False,1
MCH3820,MCH3820,Behl LLC,5311,mcc_field,False,Department Stores,Department Stores,Partnership,Jalandhar,Punjab,False,2023-05-30 00:00:00,False,ACCOUNT_NUMBER,4749,INACTIVE,983.06,False,1
MCH3822,MCH-3822,Anne and Sons,5411,mcc_field,False,Grocery,Grocery,Private Limited,Amritsar,Punjab,False,2026-01-21 20:10:57,False,MISSING,,ACTIVE,2115.91,False,1
MCH3824,MCH3824,Chand-Sarna,5812,mcc_field,False,Restaurants,FOOD_SERVICES,Sole Proprietor,Kolkata,West Bengal,False,2025-08-24 00:00:00,False,MISSING,,ACTIVE,733.85,False,1
MCH3829,MCH3829,Bansal Ltd,7011,mcc_field,False,Hotels & Lodging,Hotels,Private Limited,Pune,Maharashtra,False,2024-12-04 00:00:00,False,MASKED,7846,ACTIVE,2565.33,False,2
MCH3835,MCH-3835,"Pillai, Ratti and Chaudhuri",4814,mcc_field,False,Telecom,Mobile Recharge,Partnership,Ludhiana,Punjab,False,2023-01-15 10:05:00,False,ACCOUNT_NUMBER,6710,INACTIVE,6901.65,False,1
MCH3837,MCH3837,"Char, Naik and Sachdev",5999,mcc_field,False,Misc Retail,Other,Private Limited,Delhi,Delhi,False,2026-01-25 00:00:00,False,MASKED,8517,ACTIVE,5233.0,False,5
MCH3841,MCH3841,"Sandhu, Khosla and Guha",5999,mcc_field,False,Misc Retail,Miscellaneous,Partnership,Bengaluru,Karnataka,False,2024-09-16 00:00:00,False,ACCOUNT_NUMBER,3593,CLOSED,2207.18,False,2
MCH3842,MCH 3842,"Rao, Rajagopal and Ratti",4131,mcc_field,False,Transportation,Bus/Taxi,Private Limited,Jaipur,Rajasthan,False,2024-01-27 00:00:00,False,MISSING,,ACTIVE,444.1,False,2
MCH3845,MCH3845,Hora-Bath,4131,mcc_field,False,Transportation,transprt,Individual,Bengaluru,Karnataka,False,2024-08-16 14:46:25,False,ACCOUNT_NUMBER,0800,ACTIVE,2098.39,False,2
MCH3846,MCH-3846,Khanna-Badal,5311,mcc_field,False,Department Stores,Retail,Private Limited,Delhi,Delhi,False,2025-04-18 21:01:00,False,ACCOUNT_NUMBER,4839,ACTIVE,3521.78,False,2
MCH3847,MCH-3847,Nair Plc,5311,mcc_field,False,Department Stores,Retail,Sole Proprietor,Pune,Maharashtra,False,,False,MISSING,,ACTIVE,660.47,False,1
MCH3849,MCH 3849,Das-Ratta,4814,mcc_field,False,Telecom,phone service,Individual,Chennai,Tamil Nadu,False,2024-06-13 00:11:00,False,VIRTUAL_ACCOUNT,6761,ACTIVE,4368.0,False,1
MCH3853,MCH3853,Bhat-Dutt,5411,mcc_field,False,Grocery,Grocery,Sole Proprietor,Hyderabad,Telangana,False,2023-03-05 00:00:00,False,MISSING,,ACTIVE,,False,1
MCH3854,MCH3854,"Wason, Chauhan and Ghose",5812,mcc_field,False,Restaurants,FOOD_SERVICES,Private Limited,Hyderabad,Telangana,False,2025-09-01 00:00:00,False,VIRTUAL_ACCOUNT,7265,ACTIVE,528.0,False,1
MCH3856,MCH3856,"Pandit, Karnik and Kurian",5912,mcc_field,False,Pharmacy,Medical,Individual,Ludhiana,Punjab,False,2025-07-07 00:00:00,False,MISSING,,ACTIVE,755.4,False,3
MCH3859,MCH3859,"Mall, Bassi and Seshadri",5411,mcc_field,False,Grocery,groceries,Partnership,Mumbai,Maharashtra,False,,False,MISSING,,ACTIVE,610.0,False,1
MCH3860,MCH3860,Sama Group,5699,mcc_field,False,Apparel,Clothing,Sole Proprietor,Chennai,Tamil Nadu,False,2023-10-03 00:00:00,False,MISSING,,ACTIVE,448.66,False,1
MCH3869,MCH3869,Hegde Ltd,5311,inferred_from_category,False,Department Stores,Department Store,Partnership,Pune,Maharashtra,False,2026-01-28 22:35:06,False,MISSING,,ACTIVE,342.59,True,1
MCH3872,MCH3872,Krish Group,5699,mcc_field,False,Apparel,CLOTHS,Partnership,Amritsar,Punjab,False,2024-03-14 00:00:00,False,MISSING,,ACTIVE,3660.6,False,1
MCH3873,MCH3873,"Dugal, Thakur and Puri",7011,mcc_field,False,Hotels & Lodging,Hotels,Private Limited,Jalandhar,Punjab,False,2023-07-02 00:00:00,False,MISSING,,ACTIVE,1499.22,False,1
MCH3874,MCH3874,"Dora,deshpandeand Seth",4814,inferred_from_category,False,Telecom,phone service,Private Limited,Jalandhar,Punjab,False,2024-05-18 00:12:00,False,MASKED,2093,ACTIVE,1119.69,False,1
MCH3875,3875,Natt Ltd,5812,mcc_field,False,Restaurants,Food,Private Limited,Jalandhar,Punjab,False,2025-04-07 00:00:00,False,MISSING,,ACTIVE,4372.03,False,2
MCH3880,MCH3880,Sankaran-Mody,4131,mcc_field,False,Transportation,Transportation,Sole Proprietor,Hyderabad,Telangana,False,2026-02-26 18:34:00,False,MASKED,4851,ACTIVE,794.44,False,3
MCH3882,mch3882,Kannan Plc,5912,mcc_field,False,Pharmacy,Medical,Individual,Pune,Maharashtra,False,2024-06-08 00:00:00,False,ACCOUNT_NUMBER,6395,ACTIVE,1470.9,False,1
MCH3883,MCH3883,Vohra and Sons,7011,mcc_field,False,Hotels & Lodging,Hotels,Individual,Mumbai,Maharashtra,False,2023-11-17 00:00:00,False,ACCOUNT_NUMBER,1949,ACTIVE,2320.22,True,1
MCH3885,MCH3885,Thakur Inc,4131,mcc_field,False,Transportation,transprt,Private Limited,Chennai,Tamil Nadu,False,,False,ACCOUNT_NUMBER,8188,ACTIVE,618.81,False,1
MCH3886,MCH3886,Gandhi Inc,5812,mcc_field,False,Restaurants,eating place,Sole Proprietor,Kolkata,West Bengal,False,2025-12-18 00:00:00,False,MASKED,0009,ACTIVE,3831.0,True,1
MCH3887,MCH3887,Pa11a-Sahota,7011,mcc_field,False,Hotels & Lodging,Hotel,Partnership,Kolkata,West Bengal,False,2025-11-19 10:50:37,False,VIRTUAL_ACCOUNT,9238,INACTIVE,1596.95,False,1
MCH3888,MCH-3888,"Gandhi, Cherian and Chhabra",4814,mcc_field,False,Telecom,phone service,Partnership,Hyderabad,Telangana,False,2025-02-27 00:00:00,False,ACCOUNT_NUMBER,8624,ACTIVE,1400.8,True,1
MCH3889,MCH 3889,Upadhyay-Chaudhry,4131,mcc_field,False,Transportation,Bus/Taxi,Individual,Ludhiana,Punjab,False,2026-01-16 00:00:00,False,ACCOUNT_NUMBER,4049,ACTIVE,,False,2
MCH3890,MCH3890,Tata-Bal,5912,inferred_from_category,False,Pharmacy,chemist,Individual,Pune,Maharashtra,False,2026-02-22 00:00:00,False,MISSING,,ACTIVE,668.0,False,1
MCH3893,MCH3893,Dhingra-Chaudhuri,5912,mcc_field,False,Pharmacy,MEDICAL_STORE,Sole Proprietor,Chennai,Tamil Nadu,False,2025-08-03 00:00:00,False,MASKED,2466,ACTIVE,2445.5,False,2
MCH3895,MCH3895,Wable-Sarna,7011,inferred_from_category,False,Hotels & Lodging,Hotels,Private Limited,Jaipur,Rajasthan,False,2024-06-20 00:00:00,False,MISSING,,CLOSED,797.39,False,1
MCH3896,MCH3896,"Bansal, Thakkar and Dar",5942,mcc_field,False,Books & Stationery,Books,Sole Proprietor,Bengaluru,Karnataka,False,2023-04-20 00:00:00,False,VIRTUAL_ACCOUNT,0394,ACTIVE,,False,1
MCH3898,MCH3898,Wadhwa-Sahni,5699,mcc_field,False,Apparel,Fashion,Private Limited,Ludhiana,Punjab,False,2025-08-05 00:00:00,False,MISSING,,ACTIVE,,False,1
MCH3899,mch3899,Goswami-Bath,4131,mcc_field,False,Transportation,Transportation,Sole Proprietor,Hyderabad,Telangana,False,2023-01-14 00:00:00,False,MISSING,,ACTIVE,1271.48,True,1
MCH3900,MCH3900,Mand-Bedi,5812,mcc_field,False,Restaurants,eating place,Private Limited,Kolkata,West Bengal,False,2025-02-20 00:00:00,False,MASKED,1674,ACTIVE,1036.74,False,1
MCH3903,MCH3903,"Khare, Balasubramanian and Mital",5942,mcc_field,False,Books & Stationery,BOOKS_STATIONERY,Sole Proprietor,Jaipur,Rajasthan,False,2024-08-25 14:04:47,False,ACCOUNT_NUMBER,1518,ACTIVE,3531.21,False,1
MCH3907,MCH3907,"Goswami, Chaudhary and Nanda",4814,mcc_field,False,Telecom,phone service,Individual,Ludhiana,Punjab,False,2025-06-13 00:00:00,False,MISSING,,ACTIVE,552.22,False,3
MCH3908,MCH3908,Kanda LLC,5999,mcc_field,False,Misc Retail,Retail Other,Sole Proprietor,Pune,Maharashtra,False,2024-07-05 00:00:00,False,ACCOUNT_NUMBER,4246,ACTIVE,7690.26,True,1
MCH3911,MCH3911,"Majumdar, Sane and Raval",5812,mcc_field,False,Restaurants,Restaurant,Sole Proprietor,Pune,Maharashtra,False,2025-09-05 21:26:37,False,ACCOUNT_NUMBER,8520,SUSPENDED,2093.32,False,2
MCH3913,MCH-3913,Tank-Pathak,5311,mcc_field,False,Department Stores,Department Stores,Individual,Jalandhar,Punjab,False,,False,MISSING,,ACTIVE,2215.86,False,1
MCH3916,MCH3916,"Parmer, Chakrabarti and Sibal",4131,mcc_field,False,Transportation,Transport,Individual,Jaipur,Rajasthan,False,2025-01-03 00:00:00,False,MASKED,6443,ACTIVE,794.0,False,1
MCH3917,MCH 3917,Chowdhury-Pandit,5699,inferred_from_category,False,Apparel,Fashion,Private Limited,Hyderabad,Telangana,False,2023-04-02 00:00:00,False,MASKED,2174,ACTIVE,445.99,True,2
MCH3920,MCH3920,Sharma LLC,5942,inferred_from_category,False,Books & Stationery,Book Store,Private Limited,Lucknow,Uttar Pradesh,False,2024-06-23 21:51:00,False,ACCOUNT_NUMBER,5069,SUSPENDED,1885.7,False,1
MCH3925,MCH3925,Buch-Zachariah,5999,mcc_field,False,Misc Retail,Other,Partnership,Amritsar,Punjab,False,2025-03-01 20:26:00,False,VIRTUAL_ACCOUNT,7969,ACTIVE,2071.12,True,2
MCH3926,MCH3926,Master-Sarin,5999,mcc_field,False,Misc Retail,Misc Retail,Individual,Hyderabad,Telangana,False,2025-05-08 00:00:00,False,MISSING,,ACTIVE,1913.5,False,1
MCH3927,MCH3927,Basak-Shukla,4814,mcc_field,False,Telecom,Mobile Recharge,Private Limited,Jalandhar,Punjab,False,2023-03-18 00:00:00,False,VIRTUAL_ACCOUNT,5375,CLOSED,980.64,False,1
MCH3930,mch3930,Kashyap-Rastogi,5699,mcc_field,False,Apparel,Apparel,Individual,Lucknow,Uttar Pradesh,False,,False,MASKED,4709,ACTIVE,510.04,False,1
MCH3935,3935,Natarajan-Karnik,4814,mcc_field,False,Telecom,Telecom,Sole Proprietor,Delhi,Delhi,False,2025-04-23 00:23:30,False,MISSING,,ACTIVE,461.4,False,2
MCH3936,3936,Bath Inc,5411,mcc_field,False,Grocery,GROCERY_STORE,Individual,Lucknow,Uttar Pradesh,False,2023-06-13 00:00:00,False,MISSING,,ACTIVE,879.38,False,1
MCH3938,MCH3938,Acharya Group,7011,mcc_field,False,Hotels & Lodging,Hotel,Sole Proprietor,Kolkata,West Bengal,False,2024-10-17 00:00:00,False,MISSING,,ACTIVE,2349.37,False,1
MCH3940,mch3940,Chad-Dara,5411,inferred_from_category,False,Grocery,groceries,Partnership,Chennai,Tamil Nadu,False,2024-11-09 00:00:00,False,MASKED,0176,ACTIVE,3610.64,True,1
MCH3941,MCH3941,Bassi-Deshmukh,4814,mcc_field,False,Telecom,TELECOM,Individual,Amritsar,Punjab,False,2025-10-25 00:00:00,False,MISSING,,ACTIVE,979.98,False,2
MCH3945,MCH3945,Mukhopadhyay-Raghavan,4131,mcc_field,False,Transportation,transprt,Sole Proprietor,Mumbai,Maharashtra,False,2023-03-05 00:00:00,False,MASKED,6774,ACTIVE,942.71,False,1
MCH3946,MCH3946,Dhar-Buch,5812,mcc_field,False,Restaurants,Food,Partnership,Delhi,Delhi,False,2025-07-02 06:28:57,False,VIRTUAL_ACCOUNT,9376,ACTIVE,1451.62,False,1
MCH3953,MCH 3953,"Ray, Minhas and Yohannan",5411,mcc_field,False,Grocery,Grocery Stores,Sole Proprietor,Kolkata,West Bengal,False,2023-03-18 00:00:00,False,MASKED,6303,ACTIVE,8126.93,False,1
MCH3955,MCH3955,"Swamy, Dhingra and Sheth",5311,mcc_field,False,Department Stores,Department Stores,Individual,Chennai,Tamil Nadu,False,2024-11-25 00:00:00,False,MISSING,,SUSPENDED,508.0,False,3
MCH3956,MCH3956,Kota Ltd,5311,mcc_field,False,Department Stores,Department Store,Private Limited,Hyderabad,Telangana,False,2023-11-14 00:00:00,False,MISSING,,ACTIVE,656.81,False,1
MCH3959,MCH 3959,"Kant, Goel and Pradhan",5999,mcc_field,False,Misc Retail,Miscellaneous,Individual,Hyderabad,Telangana,False,2025-03-19 00:00:00,False,MASKED,9762,ACTIVE,1214.73,False,1
MCH3964,MCH3964,"Bala, Chanda and Loyal",5942,mcc_field,False,Books & Stationery,Books,Partnership,Jaipur,Rajasthan,False,2023-09-05 00:00:00,False,VIRTUAL_ACCOUNT,4388,ACTIVE,2002.33,False,2
MCH3966,MCH3966,Nath-Dixit,5411,mcc_field,False,Grocery,kirana,Partnership,Pune,Maharashtra,False,2023-08-21 00:00:00,False,MASKED,2614,ACTIVE,1005.47,False,1
MCH3968,3968,"Peri, Sane and Mohanty",5812,mcc_field,False,Restaurants,eating place,Individual,Mumbai,Maharashtra,False,2024-06-10 04:21:00,False,MISSING,,ACTIVE,1174.15,False,1
MCH3970,MCH3970,"Chawla, Sami and Mani",5942,mcc_field,False,Books & Stationery,BOOKS_STATIONERY,Sole Proprietor,Pune,Maharashtra,False,2023-04-25 00:00:00,False,MASKED,3871,ACTIVE,2506.67,False,1
MCH3971,MCH3971,Sura Plc,7011,mcc_field,False,Hotels & Lodging,HOTEL_LODGING,Individual,Delhi,Delhi,False,2024-04-17 13:25:57,False,MISSING,,ACTIVE,748.82,False,2
MCH3974,mch3974,"Mishra, Baral and Char",5942,mcc_field,False,Books & Stationery,Book Store,Sole Proprietor,Chennai,Tamil Nadu,False,2026-02-22 00:00:00,False,MASKED,0042,SUSPENDED,2017.65,False,1
MCH3980,mch3980,Chadha-Raval,5699,mcc_field,False,Apparel,Apparel,Partnership,Bengaluru,Karnataka,False,2023-04-14 00:00:00,False,MASKED,9643,ACTIVE,1323.06,False,1
MCH3983,MCH3983,"Magar, Tara and Gera",5912,mcc_field,False,Pharmacy,Medical,Sole Proprietor,Amritsar,Punjab,False,2024-12-15 02:44:24,False,MASKED,1963,ACTIVE,511.0,False,2
MCH3984,MCH-3984,"Wadhwa, Sunder and Bobal",7011,mcc_field,False,Hotels & Lodging,HOTEL_LODGING,Private Limited,Chennai,Tamil Nadu,False,2023-08-10 16:06:00,False,VIRTUAL_ACCOUNT,6545,ACTIVE,1305.55,False,1
MCH3987,MCH3987,Pandya Inc,5912,inferred_from_category,False,Pharmacy,Pharmacy,Partnership,Amritsar,Punjab,False,2025-10-14 00:00:00,False,MISSING,,ACTIVE,,False,2
MCH3988,MCH3988,Barad-Bawa,7011,mcc_field,False,Hotels & Lodging,HOTEL_LODGING,Individual,Amritsar,Punjab,False,2023-11-20 00:00:00,False,MASKED,1285,ACTIVE,602.31,False,1
MCH3989,MCH3989,Madan LLC,5411,mcc_field,False,Grocery,Grocery Stores,Partnership,Jaipur,Rajasthan,False,2023-09-18 07:54:00,False,ACCOUNT_NUMBER,2686,ACTIVE,238.33,False,1
MCH3990,mch3990,Dey-Chaudhari,5912,mcc_field,False,Pharmacy,Pharmacy,Individual,Chennai,Tamil Nadu,False,2025-03-14 00:00:00,False,VIRTUAL_ACCOUNT,4167,ACTIVE,1780.37,True,1
MCH3993,MCH3993,Vaidya Ltd,5999,mcc_field,False,Misc Retail,Other,Partnership,Chennai,Tamil Nadu,False,2023-12-23 03:28:00,False,VIRTUAL_ACCOUNT,4125,ACTIVE,372.73,False,1
MCH3997,3997,Bhatia Inc,4814,mcc_field,False,Telecom,phone service,Partnership,Kolkata,West Bengal,False,2025-01-19 14:57:11,False,MASKED,8184,INACTIVE,702.23,True,2
MCH3998,3998,"Krish, Tak and Peri",4814,mcc_field,False,Telecom,TELECOM,Partnership,Ludhiana,Punjab,False,2023-08-16 00:00:00,False,MISSING,,ACTIVE,1019.25,False,1
MCH4000,MCH 4000,"Dewan, Sunder and Bhakta",5411,mcc_field,False,Grocery,groceries,Private Limited,Kolkata,West Bengal,False,2023-06-25 20:40:27,False,VIRTUAL_ACCOUNT,5943,ACTIVE,3205.97,True,1
MCH4002,MCH4002,"Bora, Kant and Chauhan",5411,mcc_field,False,Grocery,GROCERY_STORE,Individual,Bengaluru,Karnataka,False,2023-06-16 12:46:40,False,ACCOUNT_NUMBER,7147,ACTIVE,,False,1
MCH4006,MCH 4006,Thakur-Narayan,5411,mcc_field,False,Grocery,kirana,Private Limited,Amritsar,Punjab,False,2024-06-23 00:00:00,False,ACCOUNT_NUMBER,3278,CLOSED,282.17,False,2
MCH4008,MCH 4008,"Deep, Rajagopal and Tandon",4814,inferred_from_category,False,Telecom,phone service,Private Limited,Hyderabad,Telangana,False,2024-06-02 00:03:04,False,MISSING,,ACTIVE,1196.0,False,1
MCH4009,mch4009,Deo Plc,4814,mcc_field,False,Telecom,phone service,Sole Proprietor,Kolkata,West Bengal,False,2025-10-10 23:14:50,False,MISSING,,ACTIVE,1937.0,False,2
MCH4010,mch4010,"Barad, Mukherjee and Joshi",5411,mcc_field,False,Grocery,kirana,Sole Proprietor,Amritsar,Punjab,False,2024-01-28 00:00:00,False,MISSING,,ACTIVE,992.35,False,1
MCH4021,MCH4021,"Balakrishnan, Mistry and Vig",5912,mcc_field,False,Pharmacy,Pharmacy,Individual,Hyderabad,Telangana,False,2025-04-12 00:00:00,False,ACCOUNT_NUMBER,7264,ACTIVE,1395.91,False,1
MCH4022,MCH-4022,Varughese-Taneja,5699,mcc_field,False,Apparel,Apparel,Individual,Bengaluru,Karnataka,False,2025-12-12 06:48:08,False,VIRTUAL_ACCOUNT,7119,SUSPENDED,724.48,False,2
MCH4023,MCH4023,"Dhaliwal, Dugar and Vasa",5942,mcc_field,False,Books & Stationery,Stationery,Partnership,Chennai,Tamil Nadu,False,2023-01-02 00:00:00,False,ACCOUNT_NUMBER,6404,ACTIVE,2123.31,True,1
MCH4024,MCH 4024,Choudhury Ltd,5999,mcc_field,False,Misc Retail,Misc Retail,Individual,Ludhiana,Punjab,False,2025-03-28 00:00:00,False,VIRTUAL_ACCOUNT,5782,ACTIVE,2449.8,True,1
MCH4025,MCH4025,Hegde-Sule,5311,mcc_field,False,Department Stores,Retail,Individual,Hyderabad,Telangana,False,,False,MASKED,6804,INACTIVE,1108.29,False,1
MCH4026,MCH4026,Nagy Ltd,5812,mcc_field,False,Restaurants,Restaurant,Private Limited,Kolkata,West Bengal,False,,False,MISSING,,ACTIVE,1027.0,False,1
MCH4027,MCH-4027,"Hegde, Ratti and Gera",5411,mcc_field,False,Grocery,GROCERY_STORE,Private Limited,Hyderabad,Telangana,False,2025-02-08 00:00:00,False,MISSING,,ACTIVE,659.89,True,1
MCH4028,MCH4028,Taneja-Bhattacharyya,4131,mcc_field,False,Transportation,Transport,Partnership,Lucknow,Uttar Pradesh,False,2023-07-14 00:00:00,False,MISSING,,ACTIVE,2673.0,False,1
MCH4029,MCH4029,Kuruvilla and Sons,5411,mcc_field,False,Grocery,Grocery Stores,Private Limited,Pune,Maharashtra,False,,False,VIRTUAL_ACCOUNT,9908,ACTIVE,55.43,False,1
MCH4030,4030,Nayar Plc,5942,inferred_from_category,False,Books & Stationery,Books,Private Limited,Amritsar,Punjab,False,2023-08-02 19:27:00,False,MISSING,,ACTIVE,1079.32,False,1
MCH4031,MCH4031,"Mitra, Bali and Rai",5942,mcc_field,False,Books & Stationery,BOOKS_STATIONERY,Private Limited,Lucknow,Uttar Pradesh,False,2026-01-12 00:00:00,False,MISSING,,ACTIVE,9089.26,False,1
MCH4033,MCH4033,Kota Plc,5699,mcc_field,False,Apparel,Fashion,Individual,Ludhiana,Punjab,False,2025-02-23 00:33:29,False,ACCOUNT_NUMBER,9399,ACTIVE,1305.4,True,1
MCH4034,MCH4034,Tiwari-Lad,5999,mcc_field,False,Misc Retail,Other,Individual,Ludhiana,Punjab,False,2023-12-13 00:00:00,False,MASKED,6100,SUSPENDED,2041.77,False,1
MCH4037,MCH4037,Chaudhuri LLC,5311,mcc_field,False,Department Stores,DEPT_STORE,Individual,Hyderabad,Telangana,False,2024-11-23 00:00:00,False,ACCOUNT_NUMBER,7191,ACTIVE,2168.76,True,1
MCH4040,mch4040,"Bahri, Solanki and Magar",5311,mcc_field,False,Department Stores,Department Stores,Private Limited,Chennai,Tamil Nadu,False,2025-01-28 03:48:23,False,VIRTUAL_ACCOUNT,4675,ACTIVE,1173.0,False,1
MCH4041,MCH4041,Salvi-Mishra,5812,mcc_field,False,Restaurants,Restaurants,Sole Proprietor,Amritsar,Punjab,False,,False,VIRTUAL_ACCOUNT,3815,INACTIVE,1291.58,False,1
MCH4042,MCH4042,Rout-Maharaj,5999,mcc_field,False,Misc Retail,Miscellaneous,Partnership,Amritsar,Punjab,False,2024-12-01 06:50:00,False,VIRTUAL_ACCOUNT,9245,ACTIVE,696.23,False,1
MCH4043,MCH4043,Choudhry and Sons,5912,mcc_field,False,Pharmacy,Pharmacies,Private Limited,Bengaluru,Karnataka,False,2024-02-05 18:00:28,False,MASKED,3422,ACTIVE,367.6,False,2
MCH4047,MCH-4047,Kaul-Barad,5311,mcc_field,False,Department Stores,DEPT_STORE,Sole Proprietor,Mumbai,Maharashtra,False,2025-05-13 00:00:00,False,MASKED,0729,ACTIVE,986.5,False,1
MCH4048,MCH4048,"Lall, Kara and Uppal",5812,mcc_field,False,Restaurants,Food,Partnership,Jalandhar,Punjab,False,2024-06-14 00:00:00,False,MISSING,,CLOSED,1748.0,False,1
MCH4050,mch4050,"Arya, Dyal and Aurora",5411,mcc_field,False,Grocery,GROCERY_STORE,Partnership,Kolkata,West Bengal,False,2026-01-23 02:54:00,False,MISSING,,ACTIVE,980.29,False,2
MCH4051,MCH4051,Sharma-Viswanathan,4131,mcc_field,False,Transportation,Transport,Individual,Delhi,Delhi,False,2025-02-23 00:00:00,False,MISSING,,ACTIVE,1135.12,False,3
MCH4052,MCH-4052,Bal-Choudhary,5812,mcc_field,False,Restaurants,Food,Partnership,Jalandhar,Punjab,False,,False,MASKED,5480,ACTIVE,2217.99,False,1
MCH4055,mch4055,Rai Plc,5812,mcc_field,False,Restaurants,Restaurant,Private Limited,Ludhiana,Punjab,False,2023-08-12 00:00:00,False,MASKED,0097,ACTIVE,283.42,False,2
MCH4061,MCH4061,Mody-Vig,5999,mcc_field,False,Misc Retail,Miscellaneous,Individual,Amritsar,Punjab,False,2024-07-28 06:12:20,False,MISSING,,ACTIVE,2007.74,False,1
MCH4062,MCH4062,Rana Group,5999,mcc_field,False,Misc Retail,Retail Other,Individual,Mumbai,Maharashtra,False,2023-09-20 00:00:00,False,MASKED,3317,INACTIVE,1544.23,False,1
MCH4064,MCH4064,"Sidhu, Kunda and Hayre",7011,mcc_field,False,Hotels & Lodging,HOTEL_LODGING,Individual,Pune,Maharashtra,False,2025-02-05 00:00:00,False,MASKED,9354,ACTIVE,1462.39,False,2
MCH4066,mch4066,Swaminathan and Sons,5311,mcc_field,False,Department Stores,DEPT_STORE,Partnership,Hyderabad,Telangana,False,2025-05-24 14:56:00,False,MISSING,,ACTIVE,972.63,False,2
MCH4068,MCH4068,Balakrishnan Inc,4814,mcc_field,False,Telecom,TELECOM,Individual,Jalandhar,Punjab,False,2024-11-23 00:00:00,False,MISSING,,ACTIVE,1322.89,False,1
MCH4072,MCH4072,Singhal-Natarajan,5812,mcc_field,False,Restaurants,Restaurant,Sole Proprietor,Chennai,Tamil Nadu,False,,False,MASKED,4620,ACTIVE,2593.54,False,1
MCH4073,MCH4073,Gopal Plc,5812,mcc_field,False,Restaurants,Restaurants,Individual,Jaipur,Rajasthan,False,2024-12-27 20:52:16,False,MASKED,0031,ACTIVE,,False,1
MCH4075,mch4075,Sankar-Mandal,5812,mcc_field,False,Restaurants,eating place,Partnership,Ludhiana,Punjab,False,,False,MASKED,6718,ACTIVE,1056.32,False,1
MCH4077,MCH 4077,Din LLC,4131,mcc_field,False,Transportation,transprt,Sole Proprietor,Jaipur,Rajasthan,False,2024-09-21 00:00:00,False,MISSING,,ACTIVE,640.73,False,3
MCH4080,MCH4080,Shenoy-Kashyap,4814,mcc_field,False,Telecom,Mobile Recharge,Private Limited,Jaipur,Rajasthan,False,2025-10-04 03:56:06,False,VIRTUAL_ACCOUNT,5436,ACTIVE,2043.03,False,2
MCH4081,MCH4081,Srinivasan-Bahri,4814,mcc_field,False,Telecom,Mobile Recharge,Sole Proprietor,Delhi,Delhi,False,2025-06-07 00:00:00,False,MISSING,,ACTIVE,2928.84,False,1
MCH4082,MCH4082,Khurana Inc,5999,mcc_field,False,Misc Retail,Other,Private Limited,Delhi,Delhi,False,2023-06-02 00:00:00,False,VIRTUAL_ACCOUNT,3660,INACTIVE,288.7,False,1
MCH4083,MCH 4083,"Loyal, Dara and Sharaf",4814,mcc_field,False,Telecom,phone service,Individual,Chennai,Tamil Nadu,False,2024-02-15 01:01:36,False,MISSING,,ACTIVE,1752.1,False,1
MCH4084,MCH4084,Mitra Plc,5311,mcc_field,False,Department Stores,Department Stores,Individual,Jalandhar,Punjab,False,2023-12-15 00:00:00,False,MASKED,5719,ACTIVE,973.94,False,1
MCH4086,MCH4086,"Kannan, Varghese and Lalla",5311,mcc_field,False,Department Stores,Retail,Private Limited,Mumbai,Maharashtra,False,2024-12-08 00:00:00,False,ACCOUNT_NUMBER,0742,ACTIVE,1459.96,False,2
MCH4087,MCH4087,"Basak, Lal and Tailor",4814,mcc_field,False,Telecom,Mobile Recharge,Private Limited,Pune,Maharashtra,False,2025-10-03 00:37:00,False,MISSING,,ACTIVE,298.11,False,1
MCH4089,mch4089,Mistry and Sons,5411,mcc_field,False,Grocery,GROCERY_STORE,Sole Proprietor,Mumbai,Maharashtra,False,2024-07-20 00:00:00,False,VIRTUAL_ACCOUNT,7080,ACTIVE,1563.22,False,1
MCH4090,MCH4090,Dada LLC,5999,mcc_field,False,Misc Retail,Miscellaneous,Individual,Chennai,Tamil Nadu,False,2025-02-27 00:00:00,False,VIRTUAL_ACCOUNT,0101,ACTIVE,1538.0,False,4
MCH4092,MCH4092,Mukhopadhyay Group,5812,mcc_field,False,Restaurants,Food,Private Limited,Hyderabad,Telangana,False,2025-12-24 00:00:00,False,MASKED,3479,ACTIVE,504.84,False,2
MCH4093,MCH 4093,Krishnamurthy Plc,7011,mcc_field,False,Hotels & Lodging,Hotel,Private Limited,Lucknow,Uttar Pradesh,False,2024-03-15 00:00:00,False,MASKED,5675,INACTIVE,1291.9,False,1
MCH4094,MCH 4094,Thakur-Shah,5311,mcc_field,False,Department Stores,DEPT_STORE,Individual,Chennai,Tamil Nadu,False,2024-12-25 00:00:00,False,ACCOUNT_NUMBER,9146,ACTIVE,1848.8,False,2
MCH4096,MCH4096,"Bhat, Kapoor and Borah",5999,mcc_field,False,Misc Retail,Misc Retail,Private Limited,Hyderabad,Telangana,False,2024-11-27 00:00:00,False,ACCOUNT_NUMBER,4059,ACTIVE,2092.25,False,2
MCH4097,MCH4097,Venkataraman Plc,5912,mcc_field,False,Pharmacy,Pharmacy,Sole Proprietor,Bengaluru,Karnataka,False,2025-05-25 04:58:00,False,MISSING,,ACTIVE,405.21,False,3
MCH4099,4099,"Dewan, Rastogi and Jayaraman",5311,inferred_from_category,False,Department Stores,Retail,Individual,Ludhiana,Punjab,False,2025-08-06 12:15:48,False,MISSING,,ACTIVE,1926.0,False,1
MCH4100,MCH4100,Raja-Vasa,7011,mcc_field,False,Hotels & Lodging,Hospitality,Sole Proprietor,Jalandhar,Punjab,False,2025-06-28 00:00:00,False,ACCOUNT_NUMBER,4171,ACTIVE,479.15,False,1
MCH4101,MCH4101,"Sani, Ben and Subramaniam",5311,mcc_field,False,Department Stores,Department Stores,Private Limited,Pune,Maharashtra,False,2025-10-20 20:35:21,False,MASKED,9217,ACTIVE,1377.51,False,2
MCH4102,MCH4102,Dass LLC,5912,mcc_field,False,Pharmacy,chemist,Partnership,Kolkata,West Bengal,False,2026-02-19 00:00:00,False,MASKED,9287,ACTIVE,375.32,False,4
MCH4104,MCH4104,"Som, Rege and Thaker",7011,inferred_from_category,False,Hotels & Lodging,Hotel,Individual,Bengaluru,Karnataka,False,2024-07-21 00:00:00,False,MISSING,,ACTIVE,,False,3
MCH4106,MCH 4106,Dey and Sons,5411,mcc_field,False,Grocery,kirana,Private Limited,Hyderabad,Telangana,False,2026-01-31 00:00:00,False,MASKED,0072,ACTIVE,4216.77,False,2
MCH4107,MCH4107,Pandey-Sastry,5699,mcc_field,False,Apparel,CLOTHS,Sole Proprietor,Jalandhar,Punjab,False,2025-09-30 00:00:00,False,MISSING,,INACTIVE,319.0,False,1
MCH4109,4109,"Lal, Handa and Mammen",5942,mcc_field,False,Books & Stationery,BOOKS_STATIONERY,Individual,Kolkata,West Bengal,False,2024-07-01 21:55:00,False,MISSING,,ACTIVE,1181.07,False,1
MCH4110,MCH4110,Suresh-Bassi,5942,mcc_field,False,Books & Stationery,Stationery,Individual,Mumbai,Maharashtra,False,2024-09-18 08:58:00,False,MISSING,,INACTIVE,1527.43,False,1
MCH4111,MCH4111,Brahmbhatt LLC,5999,mcc_field,False,Misc Retail,Miscellaneous,Partnership,Lucknow,Uttar Pradesh,False,,False,MISSING,,SUSPENDED,682.69,False,1
MCH4112,MCH4112,Sodhi-Desai,5311,inferred_from_category,False,Department Stores,Department Store,Sole Proprietor,Hyderabad,Telangana,False,2023-06-06 00:00:00,False,MISSING,,INACTIVE,3193.0,False,1
MCH4113,MCH4113,"Anand,choudharyand Contractor",5912,mcc_field,False,Pharmacy,Pharmacy,Individual,Chennai,Tamil Nadu,False,2023-09-07 00:00:00,False,ACCOUNT_NUMBER,2771,ACTIVE,418.15,True,1
MCH4114,MCH-4114,"Pandya, Jayaraman and Ray",4814,mcc_field,False,Telecom,Mobile Recharge,Sole Proprietor,Hyderabad,Telangana,False,2025-01-15 00:00:00,False,VIRTUAL_ACCOUNT,0894,INACTIVE,436.15,False,2
MCH4115,MCH4115,"Bandi, Rau and Hayre",4131,mcc_field,False,Transportation,Transportation,Sole Proprietor,Jaipur,Rajasthan,False,2025-05-03 00:00:00,False,VIRTUAL_ACCOUNT,8558,SUSPENDED,748.37,False,1
MCH4118,4118,Upadhyay LLC,4131,mcc_field,False,Transportation,Transportation,Private Limited,Kolkata,West Bengal,False,2024-03-16 00:00:00,False,MISSING,,ACTIVE,,False,1
MCH4122,MCH4122,"Lata, Magar and Savant",5999,mcc_field,False,Misc Retail,Retail Other,Partnership,Bengaluru,Karnataka,False,2025-12-03 23:29:42,False,ACCOUNT_NUMBER,2898,ACTIVE,3699.77,False,1
MCH4123,MCH4123,"Parekh, Patla and Kar",5942,mcc_field,False,Books & Stationery,Book Store,Partnership,Jalandhar,Punjab,False,2024-11-09 00:00:00,False,ACCOUNT_NUMBER,0642,ACTIVE,2764.76,False,1
MCH4124,MCH4124,"Dara, Salvi and Sawhney",5411,mcc_field,False,Grocery,groceries,Sole Proprietor,Bengaluru,Karnataka,False,2025-10-12 00:00:00,False,VIRTUAL_ACCOUNT,0167,ACTIVE,2121.35,False,2
MCH4126,MCH 4126,"Wali, Mahal and Prabhu",4131,mcc_field,False,Transportation,Transportation,Individual,Hyderabad,Telangana,False,2023-12-09 15:51:00,False,VIRTUAL_ACCOUNT,7234,ACTIVE,1593.0,False,2
MCH4127,MCH 4127,Subramaniam-Jhaveri,4131,mcc_field,False,Transportation,bus/taxi,Sole Proprietor,Jaipur,Rajasthan,False,2024-05-22 00:00:00,False,MASKED,1628,SUSPENDED,5333.88,False,2
MCH4129,MCH4129,"Lad, Raja and Sachdev",7011,mcc_field,False,Hotels & Lodging,Hotel,Partnership,Mumbai,Maharashtra,False,2023-11-09 00:00:00,False,ACCOUNT_NUMBER,7946,ACTIVE,954.07,False,1
MCH4131,MCH4131,"Goyal, Krishnamurthy and Dewan",4131,mcc_field,False,Transportation,Transport,Individual,Jaipur,Rajasthan,False,2023-10-24 14:15:00,False,ACCOUNT_NUMBER,7745,INACTIVE,319.32,False,2
MCH4133,MCH4133,Buch-Hayre,5912,mcc_field,False,Pharmacy,Pharmacy,Partnership,Kolkata,West Bengal,False,2024-02-16 00:00:00,False,MISSING,,SUSPENDED,1903.02,True,2
MCH4135,mch4135,Sunder Ltd,5411,mcc_field,False,Grocery,Grocery,Partnership,Ludhiana,Punjab,False,2025-01-28 00:00:00,False,MISSING,,ACTIVE,6745.05,False,1
MCH4136,MCH4136,Sehgal Plc,5699,mcc_field,False,Apparel,garments,Partnership,Mumbai,Maharashtra,False,2024-07-30 00:00:00,False,MISSING,,ACTIVE,2564.97,False,1
MCH4141,MCH4141,Sarkar and Sons,4814,mcc_field,False,Telecom,Mobile Recharge,Partnership,Bengaluru,Karnataka,False,2023-06-10 00:00:00,False,MISSING,,ACTIVE,1485.34,False,1
MCH4145,MCH-4145,"Dalal, Dass and Vaidya",5942,mcc_field,False,Books & Stationery,Book Store,Sole Proprietor,Pune,Maharashtra,False,2025-09-16 00:00:00,False,VIRTUAL_ACCOUNT,6938,SUSPENDED,1294.48,True,1
MCH4148,MCH4148,"Muni, Chaudhari and De",5999,mcc_field,False,Misc Retail,Other,Private Limited,Kolkata,West Bengal,False,2024-12-20 00:00:00,False,ACCOUNT_NUMBER,7120,INACTIVE,2139.38,False,2
MCH4153,MCH4153,Shroff Ltd,5999,mcc_field,False,Misc Retail,Retail Other,Sole Proprietor,Kolkata,West Bengal,False,2025-11-07 00:00:00,False,MISSING,,ACTIVE,3578.7,False,1
MCH4157,mch4157,Minhas-Saran,4814,mcc_field,False,Telecom,Telecom,Partnership,Mumbai,Maharashtra,False,2025-11-02 00:00:00,False,MISSING,,ACTIVE,2413.97,True,1
MCH4158,4158,Sastry Inc,5942,inferred_from_category,False,Books & Stationery,BOOKS_STATIONERY,Partnership,Delhi,Delhi,False,2024-08-15 00:00:00,False,VIRTUAL_ACCOUNT,0572,INACTIVE,480.93,False,1
MCH4163,MCH-4163,Rajagopalan-Hans,5812,mcc_field,False,Restaurants,FOOD_SERVICES,Sole Proprietor,Pune,Maharashtra,False,2023-06-29 15:13:09,False,VIRTUAL_ACCOUNT,8024,ACTIVE,,False,2
MCH4164,MCH4164,Iyengar LLC,5999,mcc_field,False,Misc Retail,Misc Retail,Sole Proprietor,Jaipur,Rajasthan,False,,False,VIRTUAL_ACCOUNT,7207,ACTIVE,440.0,False,1
MCH4165,MCH4165,"Dhar,pallaand Korpal",4814,mcc_field,False,Telecom,TELECOM,Private Limited,Pune,Maharashtra,False,2024-05-29 00:00:00,False,VIRTUAL_ACCOUNT,0872,SUSPENDED,,False,2
MCH4167,mch4167,"Thakur, Purohit and Gade",5311,mcc_field,False,Department Stores,Retail,Individual,Lucknow,Uttar Pradesh,False,2024-06-08 00:00:00,False,MASKED,3875,ACTIVE,642.28,False,2
MCH4168,MCH4168,"Chad, Dyal and Golla",5999,mcc_field,False,Misc Retail,Retail Other,Partnership,Pune,Maharashtra,False,2023-06-10 10:22:54,False,MASKED,8341,ACTIVE,1194.41,False,2
MCH4169,MCH4169,"Vaidya, Vasa and Palan",4814,mcc_field,False,Telecom,Mobile Recharge,Individual,Hyderabad,Telangana,False,2024-11-15 00:00:00,False,MISSING,,ACTIVE,1965.48,False,1
MCH4170,MCH4170,Bassi Group,5999,mcc_field,False,Misc Retail,Misc Retail,Sole Proprietor,Ludhiana,Punjab,False,2024-10-13 06:13:37,False,ACCOUNT_NUMBER,5746,ACTIVE,591.58,False,3
MCH4172,MCH4172,"Khosla, Tak and Mahajan",5912,mcc_field,False,Pharmacy,MEDICAL_STORE,Partnership,Kolkata,West Bengal,False,2024-03-23 00:00:00,False,MISSING,,ACTIVE,1964.28,False,1
MCH4176,MCH4176,Sani-Bhalla,7011,inferred_from_category,False,Hotels & Lodging,HOTEL_LODGING,Individual,Delhi,Delhi,False,2024-07-22 00:00:00,False,MASKED,6805,ACTIVE,1216.13,False,1
MCH4179,MCH4179,"Choudhry, Bera and Pandit",5699,mcc_field,False,Apparel,Fashion,Partnership,Kolkata,West Bengal,False,2025-08-14 04:33:40,False,VIRTUAL_ACCOUNT,6782,ACTIVE,1930.08,False,1
MCH4180,4180,"Iyer, Saha and Kumar",7011,mcc_field,False,Hotels & Lodging,Hotels,Partnership,Lucknow,Uttar Pradesh,False,2025-04-16 00:00:00,False,ACCOUNT_NUMBER,0001,ACTIVE,3864.5,False,2
MCH4182,MCH4182,"More, Sarma and Baria",4814,mcc_field,False,Telecom,TELECOM,Individual,Mumbai,Maharashtra,False,2026-01-01 00:00:00,False,MASKED,3295,ACTIVE,4102.61,False,1
MCH4184,MCH4184,Sachdeva-Kara,5812,mcc_field,False,Restaurants,FOOD_SERVICES,Partnership,Jaipur,Rajasthan,False,2025-02-02 04:25:00,False,MISSING,,ACTIVE,704.96,False,2
MCH4185,MCH4185,Khanna and Sons,5942,mcc_field,False,Books & Stationery,Book Store,Private Limited,Pune,Maharashtra,False,2025-12-24 00:00:00,False,MISSING,,ACTIVE,1148.06,False,2
MCH4187,MCH4187,"Tella, Hayre and Patla",5812,mcc_field,False,Restaurants,eating place,Sole Proprietor,Jaipur,Rajasthan,False,2023-09-08 00:00:00,False,MISSING,,SUSPENDED,2332.84,False,1
MCH4191,MCH4191,"Mangal, Seshadri and Kakar",5699,mcc_field,False,Apparel,garments,Private Limited,Pune,Maharashtra,False,2024-01-26 00:00:00,False,MISSING,,ACTIVE,1192.21,False,1
MCH4194,MCH4194,Hegde-Chahal,5912,inferred_from_category,False,Pharmacy,MEDICAL_STORE,Sole Proprietor,Amritsar,Punjab,False,2025-11-15 00:00:00,False,MISSING,,INACTIVE,,False,2
MCH4197,MCH4197,Chaudry Group,5912,mcc_field,False,Pharmacy,Pharmacy,Private Limited,Pune,Maharashtra,False,,False,VIRTUAL_ACCOUNT,8099,ACTIVE,4814.44,False,1
MCH4200,MCH4200,"Sood, Kurian and Raghavan",5699,mcc_field,False,Apparel,Apparel,Individual,Jaipur,Rajasthan,False,2024-08-18 00:00:00,False,ACCOUNT_NUMBER,7450,ACTIVE,2010.35,False,3
MCH4205,MCH4205,Behl-Narula,5311,mcc_field,False,Department Stores,DEPT_STORE,Sole Proprietor,Kolkata,West Bengal,False,2023-11-27 20:51:25,False,MISSING,,ACTIVE,4442.0,False,1
MCH4208,MCH4208,Devi-Mangal,5942,mcc_field,False,Books & Stationery,Book Store,Sole Proprietor,Ludhiana,Punjab,False,2025-08-27 16:16:44,False,MISSING,,ACTIVE,1564.41,False,1
MCH4209,MCH4209,Bahri-Kari,4131,mcc_field,False,Transportation,Bus/Taxi,Individual,Jaipur,Rajasthan,False,2025-12-29 00:00:00,False,MISSING,,ACTIVE,1717.86,False,2
MCH4211,MCH-4211,Amble-Saha,5411,inferred_from_category,False,Grocery,groceries,Sole Proprietor,Delhi,Delhi,False,2023-06-27 00:00:00,False,MISSING,,ACTIVE,525.0,False,1
MCH4212,MCH4212,Raman-Kohli,5411,mcc_field,False,Grocery,Grocery Stores,Partnership,Ludhiana,Punjab,False,2024-10-27 10:39:27,False,VIRTUAL_ACCOUNT,4405,ACTIVE,3361.0,False,1
MCH4214,MCH 4214,"Mitra, Oak and Keer",5699,mcc_field,False,Apparel,Apparel,Individual,Bengaluru,Karnataka,False,2024-02-12 00:00:00,False,MISSING,,ACTIVE,1159.46,False,1
MCH4216,MCH4216,Ratta and Sons,5942,mcc_field,False,Books & Stationery,Stationery,Partnership,Jalandhar,Punjab,False,2023-10-07 00:00:00,False,MASKED,5580,ACTIVE,1337.5,False,1
MCH4218,MCH4218,Srivastava Ltd,5942,mcc_field,False,Books & Stationery,Book Store,Sole Proprietor,Mumbai,Maharashtra,False,2023-11-20 00:00:00,False,VIRTUAL_ACCOUNT,1300,ACTIVE,1744.69,False,1
MCH4220,MCH-4220,Gopal-Dara,5699,mcc_field,False,Apparel,Apparel,Individual,Bengaluru,Karnataka,False,2025-10-02 13:08:23,False,MISSING,,ACTIVE,532.47,False,2
MCH4221,MCH4221,"Rastogi, Goda and Naidu",5999,mcc_field,False,Misc Retail,Retail Other,Individual,Jalandhar,Punjab,False,,False,MISSING,,ACTIVE,745.75,False,1
MCH4223,MCH4223,"Bajwa, Khurana and Sinha",5311,inferred_from_category,False,Department Stores,Retail,Sole Proprietor,Bengaluru,Karnataka,False,2025-03-15 00:00:00,False,MISSING,,ACTIVE,585.1,False,2
MCH4225,MCH4225,Karnik LLC,5699,mcc_field,False,Apparel,CLOTHS,Individual,Ludhiana,Punjab,False,2025-02-05 13:25:31,False,ACCOUNT_NUMBER,3917,ACTIVE,537.99,False,1
MCH4227,mch4227,Panchal Plc,5999,mcc_field,False,Misc Retail,Other,Sole Proprietor,Kolkata,West Bengal,False,2025-01-09 00:00:00,False,MISSING,,ACTIVE,1533.36,False,2
MCH4228,MCH4228,"Singhal, Bhasin and Kaul",5699,mcc_field,False,Apparel,CLOTHS,Private Limited,Amritsar,Punjab,False,2025-05-23 00:00:00,False,ACCOUNT_NUMBER,0647,ACTIVE,896.57,False,1
MCH4230,MCH4230,Jha Group,5912,mcc_field,False,Pharmacy,Pharmacy,Private Limited,Jaipur,Rajasthan,False,,False,MASKED,6774,ACTIVE,911.06,False,1
MCH4232,MCH-4232,Raj Group,5912,mcc_field,False,Pharmacy,Pharmacies,Individual,Hyderabad,Telangana,False,2023-06-23 00:00:00,False,MISSING,,SUSPENDED,479.88,True,2
MCH4233,MCH4233,Padmanabhan and Sons,5999,mcc_field,False,Misc Retail,Misc Retail,Sole Proprietor,Ludhiana,Punjab,False,2025-02-04 00:00:00,False,ACCOUNT_NUMBER,5588,ACTIVE,1697.48,False,4
MCH4235,MCH4235,Nagar-Sharma,5311,mcc_field,False,Department Stores,Retail,Sole Proprietor,Kolkata,West Bengal,False,2024-10-02 00:00:00,False,MISSING,,ACTIVE,1671.65,False,1
MCH4236,4236,"Sinha, Shukla and Lad",5699,mcc_field,False,Apparel,Apparel,Sole Proprietor,Delhi,Delhi,False,2025-07-08 12:08:37,False,VIRTUAL_ACCOUNT,9139,ACTIVE,844.0,False,2
MCH4237,MCH4237,"Deshmukh, Ghose and Chhabra",5812,inferred_from_category,False,Restaurants,eating place,Sole Proprietor,Pune,Maharashtra,False,2024-02-12 12:00:50,False,MISSING,,BLOCKED,5905.65,False,1
MCH4243,MCH4243,"Ramesh, Venkatesh and Ravel",5311,mcc_field,False,Department Stores,Retail,Sole Proprietor,Amritsar,Punjab,False,2025-06-24 00:00:00,False,MISSING,,ACTIVE,133.28,False,1
MCH4244,MCH4244,"Doctor, Pillay and Nori",5311,mcc_field,False,Department Stores,Department Store,Individual,Ludhiana,Punjab,False,2026-02-22 00:00:00,False,ACCOUNT_NUMBER,9991,ACTIVE,2111.57,False,2
MCH4245,MCH4245,Dua Group,4131,mcc_field,False,Transportation,transprt,Partnership,Ludhiana,Punjab,False,2024-07-25 18:42:24,False,ACCOUNT_NUMBER,0036,ACTIVE,323.1,False,1
MCH4246,MCH4246,Rama-Dasgupta,5311,mcc_field,False,Department Stores,Retail,Individual,Amritsar,Punjab,False,2025-01-05 00:00:00,False,MISSING,,ACTIVE,2336.28,False,1
MCH4248,mch4248,"Bahl, Prashad and Reddy",5311,mcc_field,False,Department Stores,Department Stores,Sole Proprietor,Lucknow,Uttar Pradesh,False,2025-06-30 00:00:00,False,MISSING,,ACTIVE,4921.5,False,1
MCH4249,MCH4249,Jhaveri Ltd,5812,mcc_field,False,Restaurants,FOOD_SERVICES,Sole Proprietor,Bengaluru,Karnataka,False,2024-01-04 01:29:00,False,MISSING,,ACTIVE,6385.99,False,2
MCH4250,MCH4250,"Subramaniam, Datta and Patel",5411,mcc_field,False,Grocery,Grocery,Partnership,Kolkata,West Bengal,False,2023-06-07 00:00:00,False,MISSING,,ACTIVE,1320.67,False,2
MCH4253,MCH4253,Mander-Sagar,5999,inferred_from_category,False,Misc Retail,Retail Other,Individual,Ludhiana,Punjab,False,2024-12-12 00:00:00,False,MISSING,,ACTIVE,348.43,False,1
MCH4260,MCH4260,"Kalla, Banerjee and Choudhary",4814,mcc_field,False,Telecom,phone service,Partnership,Ludhiana,Punjab,False,,False,MISSING,,ACTIVE,389.14,False,1
MCH4261,MCH4261,Swaminathan Ltd,7011,inferred_from_category,False,Hotels & Lodging,HOTEL_LODGING,Private Limited,Lucknow,Uttar Pradesh,False,2025-06-08 20:07:40,False,MASKED,1395,ACTIVE,965.51,False,3
MCH4263,MCH4263,Kari and Sons,4814,mcc_field,False,Telecom,Mobile Recharge,Private Limited,Kolkata,West Bengal,False,2023-11-27 00:00:00,False,MISSING,,ACTIVE,616.52,True,1
MCH4273,MCH4273,Bava Group,5999,mcc_field,False,Misc Retail,Misc Retail,Private Limited,Ludhiana,Punjab,False,2024-12-28 15:12:00,False,VIRTUAL_ACCOUNT,2644,INACTIVE,2773.64,False,1
MCH4274,MCH4274,Walia Group,4131,mcc_field,False,Transportation,Transportation,Private Limited,Mumbai,Maharashtra,False,2025-10-29 00:00:00,False,VIRTUAL_ACCOUNT,0693,ACTIVE,1705.04,False,2
MCH4275,MCH 4275,"Boase, Chanda and Bajaj",5311,mcc_field,False,Department Stores,DEPT_STORE,Individual,Delhi,Delhi,False,2025-06-29 18:15:12,False,MASKED,6193,ACTIVE,684.1,False,2
MCH4277,MCH4277,"Lad, Krish and Lad",4131,mcc_field,False,Transportation,Transport,Private Limited,Hyderabad,Telangana,False,2024-06-04 00:00:00,False,MISSING,,ACTIVE,472.96,False,3
MCH4278,mch4278,Thakkar-Gupta,5311,mcc_field,False,Department Stores,Department Stores,Private Limited,Amritsar,Punjab,False,2025-05-31 00:00:00,False,MISSING,,CLOSED,703.48,False,1
MCH4282,MCH4282,Pingle Ltd,5311,mcc_field,False,Department Stores,Retail,Sole Proprietor,Amritsar,Punjab,False,2023-05-26 08:14:58,False,MISSING,,ACTIVE,816.0,False,1
MCH4283,MCH4283,Joshi-Srinivas,5411,mcc_field,False,Grocery,GROCERY_STORE,Partnership,Amritsar,Punjab,False,2023-09-01 00:00:00,False,MISSING,,ACTIVE,1135.0,False,1
MCH4284,MCH4284,Chawla LLC,4131,mcc_field,False,Transportation,TRAVEL,Sole Proprietor,Ludhiana,Punjab,False,2026-02-13 00:00:00,False,MASKED,7941,ACTIVE,385.0,False,2
MCH4285,MCH4285,Bhatnagar-Atwal,5942,mcc_field,False,Books & Stationery,Book Store,Partnership,Jalandhar,Punjab,False,,False,MISSING,,CLOSED,988.9,False,1
MCH4287,MCH4287,"Kuruvilla, Chanda and Sood",4131,mcc_field,False,Transportation,Transport,Individual,Jalandhar,Punjab,False,2025-04-01 00:00:00,False,MISSING,,ACTIVE,1244.04,False,1
MCH4288,MCH4288,Kashyap-Purohit,5699,mcc_field,False,Apparel,Fashion,Private Limited,Jaipur,Rajasthan,False,2025-10-08 00:00:00,False,MISSING,,ACTIVE,262.02,False,1
MCH4289,MCH4289,Singhal-Dasgupta,5699,inferred_from_category,False,Apparel,Fashion,Partnership,Bengaluru,Karnataka,False,2025-02-17 00:00:00,False,VIRTUAL_ACCOUNT,5689,ACTIVE,809.48,True,1
MCH4290,MCH4290,Konda-Memon,5311,mcc_field,False,Department Stores,Department Store,Private Limited,Delhi,Delhi,False,2024-08-11 22:16:00,False,MISSING,,CLOSED,3295.4,False,2
MCH4296,MCH4296,Varty-Varma,5999,mcc_field,False,Misc Retail,Misc Retail,Private Limited,Amritsar,Punjab,False,2026-02-24 00:00:00,False,MISSING,,ACTIVE,,False,1
MCH4298,MCH4298,Jain Group,4814,mcc_field,False,Telecom,Mobile Recharge,Private Limited,Delhi,Delhi,False,2024-06-01 00:00:00,False,ACCOUNT_NUMBER,0723,CLOSED,316.99,False,2
MCH4299,mch4299,Master Plc,5699,mcc_field,False,Apparel,CLOTHS,Private Limited,Delhi,Delhi,False,2023-05-31 00:00:00,False,MASKED,0419,ACTIVE,3539.65,False,1
MCH4301,MCH4301,Thakur Inc,5942,mcc_field,False,Books & Stationery,BOOKS_STATIONERY,Partnership,Delhi,Delhi,False,2023-04-29 06:39:16,False,MISSING,,ACTIVE,4449.0,False,1
MCH4303,MCH4303,"Dhingra, Khurana and Zachariah",4814,mcc_field,False,Telecom,Mobile Recharge,Partnership,Mumbai,Maharashtra,False,2023-08-25 03:02:00,False,MISSING,,ACTIVE,2476.0,False,1
MCH4305,MCH 4305,Padmanabhan-Thaker,4131,mcc_field,False,Transportation,Transportation,Individual,Ludhiana,Punjab,False,2024-10-17 00:00:00,False,MISSING,,ACTIVE,572.69,False,1
MCH4306,MCH4306,"Narula, Hegde and Minhas",5411,mcc_field,False,Grocery,Grocery Stores,Private Limited,Bengaluru,Karnataka,False,2025-08-03 01:58:17,False,MISSING,,ACTIVE,2023.94,True,1
MCH4308,MCH4308,Natt Group,5912,mcc_field,False,Pharmacy,Medical,Partnership,Delhi,Delhi,False,2023-01-16 00:00:00,False,ACCOUNT_NUMBER,9558,ACTIVE,2114.37,False,1
MCH4312,mch4312,Dada-Hari,5699,mcc_field,False,Apparel,CLOTHS,Sole Proprietor,Ludhiana,Punjab,False,2024-02-17 00:00:00,False,MASKED,5151,ACTIVE,2174.33,False,1
MCH4314,MCH4314,Deshmukh Ltd,5699,mcc_field,False,Apparel,Apparel,Private Limited,Jalandhar,Punjab,False,,False,ACCOUNT_NUMBER,9858,INACTIVE,986.05,False,1
MCH4318,MCH 4318,Nagar and Sons,4131,mcc_field,False,Transportation,transprt,Sole Proprietor,Lucknow,Uttar Pradesh,False,2023-12-20 15:21:00,False,ACCOUNT_NUMBER,5093,ACTIVE,1159.12,False,1
MCH4319,MCH4319,"Chaudhry, Rajan and Lad",5812,mcc_field,False,Restaurants,eating place,Private Limited,Jaipur,Rajasthan,False,2025-07-13 00:00:00,False,MISSING,,SUSPENDED,1128.44,False,3
MCH4320,MCH4320,Vala and Sons,4814,mcc_field,False,Telecom,Mobile Recharge,Private Limited,Mumbai,Maharashtra,False,2024-10-14 00:00:00,False,VIRTUAL_ACCOUNT,1416,INACTIVE,288.28,True,1
MCH4322,MCH4322,Patla Plc,4814,mcc_field,False,Telecom,TELECOM,Private Limited,Pune,Maharashtra,False,2025-10-17 00:00:00,False,MASKED,9948,ACTIVE,274.0,False,6
MCH4323,mch4323,"Ben, Wagle and Shan",5812,mcc_field,False,Restaurants,eating place,Sole Proprietor,Chennai,Tamil Nadu,False,2023-05-11 05:53:16,False,ACCOUNT_NUMBER,8757,SUSPENDED,,False,1
MCH4324,mch4324,Choudhury Group,5311,mcc_field,False,Department Stores,DEPT_STORE,Individual,Chennai,Tamil Nadu,False,2024-11-02 00:00:00,False,VIRTUAL_ACCOUNT,9617,ACTIVE,10680.0,False,1
MCH4325,MCH4325,Choudhry LLC,7011,mcc_field,False,Hotels & Lodging,Hotels,Private Limited,Jaipur,Rajasthan,False,2023-06-07 00:00:00,False,MISSING,,INACTIVE,,False,1
MCH4326,MCH4326,Morar-Jani,7011,mcc_field,False,Hotels & Lodging,Hotels,Partnership,Lucknow,Uttar Pradesh,False,2025-12-14 00:00:00,False,MISSING,,ACTIVE,9768.01,False,1
MCH4330,MCH 4330,"Viswanathan, Morar and Barad",4131,mcc_field,False,Transportation,transprt,Individual,Jalandhar,Punjab,False,2023-10-04 00:00:00,False,MISSING,,ACTIVE,151.73,False,1
MCH4331,MCH4331,"Wali, Buch and Nagi",5699,mcc_field,False,Apparel,garments,Sole Proprietor,Amritsar,Punjab,False,2025-07-31 20:39:00,False,ACCOUNT_NUMBER,6763,INACTIVE,1154.33,False,1
MCH4332,MCH4332,Varma Plc,5942,mcc_field,False,Books & Stationery,Books,Individual,Mumbai,Maharashtra,False,2025-01-22 00:00:00,False,MASKED,6546,ACTIVE,229.07,False,1
MCH4334,MCH4334,"Nazareth, Loyal and Dhar",5311,mcc_field,False,Department Stores,Department Store,Individual,Ludhiana,Punjab,False,2025-11-09 00:00:00,False,ACCOUNT_NUMBER,3344,ACTIVE,6505.28,False,1
MCH4336,MCH4336,"Dube, Baria and Nath",5411,mcc_field,False,Grocery,kirana,Private Limited,Jalandhar,Punjab,False,2026-01-06 20:58:43,False,MISSING,,ACTIVE,1545.59,True,2
MCH4337,mch4337,Sethi Ltd,4814,mcc_field,False,Telecom,TELECOM,Individual,Jalandhar,Punjab,False,2026-01-28 00:00:00,False,VIRTUAL_ACCOUNT,3458,INACTIVE,3672.22,False,1
MCH4338,MCH4338,Johal-Dara,7011,mcc_field,False,Hotels & Lodging,Hotel,Individual,Jaipur,Rajasthan,False,2025-07-06 20:41:00,False,MASKED,8581,BLOCKED,3419.42,False,1
MCH4340,MCH4340,"Nadig, Kothari and Khalsa",7011,mcc_field,False,Hotels & Lodging,Hotels,Partnership,Mumbai,Maharashtra,False,,False,MISSING,,ACTIVE,1756.35,False,1
MCH4342,MCH4342,Som Plc,4814,mcc_field,False,Telecom,Mobile Recharge,Private Limited,Jaipur,Rajasthan,False,2025-11-08 00:00:00,False,MISSING,,INACTIVE,337.31,False,2
MCH4349,MCH4349,Atwal-Sura,5942,inferred_from_category,False,Books & Stationery,BOOKS_STATIONERY,Sole Proprietor,Pune,Maharashtra,False,2025-12-21 00:00:00,False,VIRTUAL_ACCOUNT,6348,ACTIVE,463.78,False,2
MCH4352,MCH4352,Suri Ltd,5912,mcc_field,False,Pharmacy,MEDICAL_STORE,Individual,Lucknow,Uttar Pradesh,False,2023-08-21 00:00:00,False,MISSING,,ACTIVE,2179.96,True,1
MCH4353,MCH4353,"Sha, Thaman and Bhasin",5699,mcc_field,False,Apparel,Apparel,Partnership,Lucknow,Uttar Pradesh,False,2024-05-02 00:00:00,False,MASKED,4052,CLOSED,391.43,True,1
MCH4354,MCH4354,Natarajan-Lad,7011,mcc_field,False,Hotels & Lodging,HOTEL_LODGING,Partnership,Amritsar,Punjab,False,2023-08-18 00:00:00,False,MASKED,6382,ACTIVE,703.43,False,1
MCH4355,MCH4355,Sur-Pandit,5699,mcc_field,False,Apparel,garments,Partnership,Lucknow,Uttar Pradesh,False,2023-04-18 00:00:00,False,ACCOUNT_NUMBER,6737,ACTIVE,,False,1
MCH4356,MCH4356,"Basak, Sur and Sundaram",4814,inferred_from_category,False,Telecom,Telecom,Partnership,Delhi,Delhi,False,2024-07-22 00:00:00,False,MISSING,,ACTIVE,1661.0,False,2
MCH4357,MCH4357,Som and Sons,5311,mcc_field,False,Department Stores,Retail,Individual,Ludhiana,Punjab,False,,False,MASKED,0823,ACTIVE,,False,1
MCH4359,MCH4359,Mistry-Parekh,5912,mcc_field,False,Pharmacy,Pharmacies,Private Limited,Mumbai,Maharashtra,False,2023-06-10 16:16:00,False,VIRTUAL_ACCOUNT,8211,BLOCKED,684.0,False,1
MCH4360,MCH4360,Khurana Ltd,5699,mcc_field,False,Apparel,Apparel,Partnership,Jaipur,Rajasthan,False,,False,ACCOUNT_NUMBER,5451,ACTIVE,507.91,False,1
MCH4361,MCH4361,"Dugal, Barad and Nagi",5411,mcc_field,False,Grocery,groceries,Private Limited,Pune,Maharashtra,False,2025-10-27 00:00:00,False,MASKED,1186,ACTIVE,4047.59,False,2
MCH4362,MCH 4362,Sura LLC,7011,mcc_field,False,Hotels & Lodging,HOTEL_LODGING,Individual,Jaipur,Rajasthan,False,2023-04-23 00:00:00,False,ACCOUNT_NUMBER,7806,SUSPENDED,218.0,False,1
MCH4363,MCH-4363,Bhagat Inc,5912,mcc_field,False,Pharmacy,Pharmacy,Private Limited,Jalandhar,Punjab,False,2023-07-22 00:00:00,False,ACCOUNT_NUMBER,0394,ACTIVE,1657.41,False,2
MCH4364,MCH4364,Sastry-Shetty,4131,mcc_field,False,Transportation,Transport,Sole Proprietor,Kolkata,West Bengal,False,2024-06-14 00:00:00,False,VIRTUAL_ACCOUNT,0306,ACTIVE,1128.0,False,1
MCH4367,MCH4367,Sankaran-Bhattacharyya,5699,mcc_field,False,Apparel,Fashion,Partnership,Chennai,Tamil Nadu,False,2023-12-13 04:19:00,False,VIRTUAL_ACCOUNT,3192,ACTIVE,1153.81,False,2
MCH4369,MCH4369,"Gupta,maneand Bhasin",5812,mcc_field,False,Restaurants,FOOD_SERVICES,Individual,Hyderabad,Telangana,False,2025-03-03 00:00:00,False,MISSING,,ACTIVE,950.76,False,2
MCH4370,4370,Kuruvilla and Sons,5999,mcc_field,False,Misc Retail,Other,Individual,Mumbai,Maharashtra,False,2023-08-18 00:00:00,False,MISSING,,ACTIVE,715.96,True,1
MCH4371,mch4371,Chahal-Chaudhari,4814,mcc_field,False,Telecom,phone service,Sole Proprietor,Ludhiana,Punjab,False,2025-01-20 00:00:00,False,MISSING,,SUSPENDED,219.82,False,1
MCH4373,MCH4373,Raman-Karnik,5942,mcc_field,False,Books & Stationery,Books,Partnership,Delhi,Delhi,False,2023-08-09 15:36:00,False,VIRTUAL_ACCOUNT,1630,ACTIVE,,False,1
MCH4374,MCH4374,Venkatesh LLC,7011,mcc_field,False,Hotels & Lodging,Hotel,Individual,Jalandhar,Punjab,False,2025-01-15 22:22:17,False,MISSING,,ACTIVE,418.37,False,1
MCH4375,MCH4375,"Mani, Pillai and Soman",5311,mcc_field,False,Department Stores,Department Stores,Sole Proprietor,Lucknow,Uttar Pradesh,False,2024-08-03 02:25:00,False,MISSING,,ACTIVE,1050.41,False,1
MCH4377,MCH4377,Kale-Krishnan,5942,mcc_field,False,Books & Stationery,Book Store,Partnership,Bengaluru,Karnataka,False,2023-12-10 00:00:00,False,MISSING,,CLOSED,2218.12,False,1
MCH4382,mch4382,Modi-Sengupta,5912,mcc_field,False,Pharmacy,Pharmacies,Individual,Mumbai,Maharashtra,False,2025-02-15 00:00:00,False,ACCOUNT_NUMBER,4411,ACTIVE,650.1,False,2
MCH4383,MCH 4383,Vala LLC,5311,mcc_field,False,Department Stores,DEPT_STORE,Sole Proprietor,Lucknow,Uttar Pradesh,False,2025-06-15 00:00:00,False,MISSING,,ACTIVE,219.66,False,2
MCH4385,MCH4385,Bera-Som,5411,inferred_from_category,False,Grocery,groceries,Private Limited,Jalandhar,Punjab,False,2023-05-08 00:00:00,False,MASKED,8868,ACTIVE,2548.67,False,1
MCH4389,4389,"Bobal, Chakrabarti and Dash",5912,mcc_field,False,Pharmacy,Pharmacy,Sole Proprietor,Pune,Maharashtra,False,2026-02-04 00:00:00,False,MISSING,,ACTIVE,445.95,False,1
MCH4390,MCH4390,Arora LLC,5812,mcc_field,False,Restaurants,Restaurants,Sole Proprietor,Hyderabad,Telangana,False,2025-07-06 00:00:00,False,MASKED,2296,ACTIVE,1372.0,False,1
MCH4395,MCH4395,Ramakrishnan-Rastogi,5999,mcc_field,False,Misc Retail,Misc Retail,Private Limited,Chennai,Tamil Nadu,False,2025-11-19 00:00:00,False,MISSING,,ACTIVE,,False,1
MCH4397,MCH4397,Tailor-Pandey,5912,mcc_field,False,Pharmacy,chemist,Private Limited,Pune,Maharashtra,False,2024-10-24 00:00:00,False,MISSING,,ACTIVE,,False,1
MCH4398,MCH4398,"Bose, Dhar and Oza",5812,mcc_field,False,Restaurants,Restaurant,Individual,Jalandhar,Punjab,False,2024-03-06 00:00:00,False,VIRTUAL_ACCOUNT,1736,ACTIVE,580.38,False,1
MCH4401,MCH4401,Bedi and Sons,5699,mcc_field,False,Apparel,Fashion,Partnership,Kolkata,West Bengal,False,2024-05-16 03:12:04,False,VIRTUAL_ACCOUNT,6223,ACTIVE,557.79,False,2
MCH4406,MCH4406,"Chand, Ahuja and Behl",7011,mcc_field,False,Hotels & Lodging,HOTEL_LODGING,Private Limited,Pune,Maharashtra,False,2023-06-09 00:00:00,False,MISSING,,ACTIVE,3629.0,False,1
MCH4408,mch4408,Dhar-Shetty,5912,mcc_field,False,Pharmacy,Medical,Individual,Amritsar,Punjab,False,2023-12-19 00:00:00,False,MASKED,8510,INACTIVE,425.49,False,1
MCH4411,MCH4411,"Kale, Issac and Sibal",5999,mcc_field,False,Misc Retail,Retail Other,Private Limited,Mumbai,Maharashtra,False,2025-12-23 00:00:00,False,VIRTUAL_ACCOUNT,8708,ACTIVE,566.46,False,1
MCH4413,mch4413,"Parekh,kadeand Talwar",5699,mcc_field,False,Apparel,CLOTHS,Sole Proprietor,Lucknow,Uttar Pradesh,False,2025-12-11 00:00:00,False,ACCOUNT_NUMBER,5110,ACTIVE,,False,3
MCH4414,MCH-4414,"Manne, Arora and Goel",5411,mcc_field,False,Grocery,groceries,Private Limited,Hyderabad,Telangana,False,2025-07-15 00:00:00,False,MISSING,,ACTIVE,618.59,True,1
MCH4416,MCH4416,Raju and Sons,5999,mcc_field,False,Misc Retail,Miscellaneous,Individual,Bengaluru,Karnataka,False,2025-10-04 00:00:00,False,ACCOUNT_NUMBER,1511,CLOSED,3955.0,False,2
MCH4417,MCH4417,Nair-Bhavsar,5942,mcc_field,False,Books & Stationery,Books,Private Limited,Jalandhar,Punjab,False,2024-10-26 00:00:00,False,MASKED,2826,ACTIVE,291.65,False,1
MCH4419,MCH 4419,Gill-Ratta,5912,mcc_field,False,Pharmacy,MEDICAL_STORE,Sole Proprietor,Jaipur,Rajasthan,False,2024-09-15 14:40:00,False,VIRTUAL_ACCOUNT,6271,ACTIVE,1442.51,False,3
MCH4421,MCH4421,Natarajan-Borah,5999,mcc_field,False,Misc Retail,Miscellaneous,Sole Proprietor,Mumbai,Maharashtra,False,2024-11-21 00:00:00,False,MISSING,,ACTIVE,1261.07,False,3
MCH4424,MCH4424,"Date, Soman and Lall",5311,mcc_field,False,Department Stores,Department Store,Private Limited,Chennai,Tamil Nadu,False,2024-02-01 22:21:10,False,VIRTUAL_ACCOUNT,2450,ACTIVE,410.17,True,1
MCH4427,MCH4427,Deshpande LLC,5812,mcc_field,False,Restaurants,Food,Private Limited,Mumbai,Maharashtra,False,2023-02-05 00:00:00,False,ACCOUNT_NUMBER,3340,ACTIVE,1587.13,False,1
MCH4428,MCH4428,Raja-Kapadia,5942,mcc_field,False,Books & Stationery,BOOKS_STATIONERY,Private Limited,Pune,Maharashtra,False,2023-01-21 00:00:00,False,ACCOUNT_NUMBER,5093,ACTIVE,3396.0,False,1
MCH4431,MCH 4431,"Wali, Zachariah and Toor",5411,mcc_field,False,Grocery,GROCERY_STORE,Sole Proprietor,Mumbai,Maharashtra,False,2023-05-13 00:00:00,False,MISSING,,BLOCKED,3595.68,False,1
MCH4433,mch4433,"Patil, Subramanian and Madan",7011,mcc_field,False,Hotels & Lodging,Hospitality,Partnership,Kolkata,West Bengal,False,2023-01-23 00:00:00,False,VIRTUAL_ACCOUNT,7383,ACTIVE,830.16,False,1
MCH4434,MCH4434,Andra and Sons,5999,mcc_field,False,Misc Retail,Other,Private Limited,Ludhiana,Punjab,False,2025-02-21 00:35:17,False,MISSING,,ACTIVE,233.0,False,1
MCH4435,MCH4435,"Shere, Jain and Luthra",5999,mcc_field,False,Misc Retail,Retail Other,Private Limited,Chennai,Tamil Nadu,False,2024-06-23 00:00:00,False,VIRTUAL_ACCOUNT,5690,ACTIVE,894.0,False,1
MCH4438,MCH4438,Vasa-Divan,5311,mcc_field,False,Department Stores,Department Store,Partnership,Kolkata,West Bengal,False,2025-09-10 05:49:00,False,VIRTUAL_ACCOUNT,5573,ACTIVE,1288.65,False,1
MCH4439,MCH 4439,Deshpande Ltd,5812,mcc_field,False,Restaurants,eating place,Partnership,Bengaluru,Karnataka,False,2025-04-02 00:00:00,False,MASKED,4378,ACTIVE,917.66,True,1
MCH4440,MCH4440,"Krishna, Bora and Swaminathan",5699,mcc_field,False,Apparel,Apparel,Private Limited,Jalandhar,Punjab,False,2023-04-29 00:00:00,False,ACCOUNT_NUMBER,0651,SUSPENDED,749.44,False,2
MCH4441,MCH4441,"Sachdev, Doctor and Subramanian",5311,mcc_field,False,Department Stores,Department Store,Partnership,Chennai,Tamil Nadu,False,2023-06-08 00:00:00,False,ACCOUNT_NUMBER,4375,CLOSED,3222.79,False,1
MCH4443,MCH4443,Sachar-Banik,5942,mcc_field,False,Books & Stationery,Stationery,Partnership,Jaipur,Rajasthan,False,2024-12-06 00:00:00,False,VIRTUAL_ACCOUNT,2474,ACTIVE,2375.86,False,1
MCH4444,MCH4444,Kara-Murty,5999,inferred_from_category,False,Misc Retail,Misc Retail,Partnership,Jaipur,Rajasthan,False,2023-11-24 00:00:00,False,VIRTUAL_ACCOUNT,0562,ACTIVE,1214.6,False,2
MCH4447,mch4447,"Sodhi, Dalal and Iyengar",5311,mcc_field,False,Department Stores,Department Store,Private Limited,Bengaluru,Karnataka,False,,False,MASKED,0235,ACTIVE,208.51,False,1
MCH4448,MCH4448,Gara and Sons,5999,mcc_field,False,Misc Retail,Miscellaneous,Individual,Chennai,Tamil Nadu,False,2025-09-24 00:00:00,False,MASKED,6028,SUSPENDED,1524.31,False,1
MCH4450,MCH4450,Zachariah-Batra,5311,mcc_field,False,Department Stores,Retail,Sole Proprietor,Amritsar,Punjab,False,2023-09-17 15:10:46,False,MISSING,,ACTIVE,1045.82,False,1
MCH4451,MCH-4451,Bansal-Tak,7011,mcc_field,False,Hotels & Lodging,Hospitality,Individual,Amritsar,Punjab,False,,False,MISSING,,ACTIVE,,False,1
MCH4454,MCH4454,"Varghese, Shenoy and Mahajan",5812,mcc_field,False,Restaurants,Restaurants,Partnership,Mumbai,Maharashtra,False,2025-06-21 20:18:19,False,MISSING,,ACTIVE,1952.0,False,2
MCH4455,4455,Iyer LLC,5411,mcc_field,False,Grocery,kirana,Individual,Bengaluru,Karnataka,False,,False,VIRTUAL_ACCOUNT,6652,ACTIVE,586.02,False,1
MCH4456,MCH4456,Krish-Panchal,5411,mcc_field,False,Grocery,Grocery,Individual,Lucknow,Uttar Pradesh,False,2024-05-11 18:33:00,False,MISSING,,ACTIVE,1642.08,False,1
MCH4457,MCH4457,"Chanda, Parikh and Hayre",5999,mcc_field,False,Misc Retail,Retail Other,Private Limited,Amritsar,Punjab,False,,False,MISSING,,ACTIVE,,False,1
MCH4458,4458,"Gola, Dixit and Banik",5411,mcc_field,False,Grocery,GROCERY_STORE,Sole Proprietor,Amritsar,Punjab,False,2023-08-25 00:00:00,False,MASKED,8441,ACTIVE,991.85,False,1
MCH4459,mch4459,Agate-Majumdar,4131,mcc_field,False,Transportation,transprt,Sole Proprietor,Chennai,Tamil Nadu,False,2025-07-29 00:00:00,False,MASKED,8386,ACTIVE,210.85,False,3
MCH4460,MCH4460,Bumb Plc,5942,mcc_field,False,Books & Stationery,Books,Private Limited,Chennai,Tamil Nadu,False,,False,MASKED,4424,ACTIVE,696.95,False,1
MCH4462,MCH4462,"Koshy, Badal and Nayar",5699,mcc_field,False,Apparel,Clothing,Individual,Hyderabad,Telangana,False,2025-01-17 00:00:00,False,MASKED,9292,ACTIVE,937.0,False,1
MCH4463,MCH4463,"Choudhry, Sahni and Chaudhry",5699,mcc_field,False,Apparel,Apparel,Individual,Ludhiana,Punjab,False,2025-01-09 03:17:33,False,MASKED,3118,ACTIVE,402.0,False,3
MCH4469,MCH4469,Mane and Sons,4131,mcc_field,False,Transportation,Transportation,Partnership,Hyderabad,Telangana,False,2025-05-18 16:24:00,False,VIRTUAL_ACCOUNT,1753,ACTIVE,1447.11,False,1
MCH4474,MCH4474,Ram Ltd,4814,mcc_field,False,Telecom,Telecom,Partnership,Jalandhar,Punjab,False,2024-07-13 00:00:00,False,MISSING,,ACTIVE,1082.17,False,1
MCH4475,MCH 4475,"Ray, Kulkarni and Suresh",5311,mcc_field,False,Department Stores,DEPT_STORE,Private Limited,Ludhiana,Punjab,False,2024-03-03 00:00:00,False,MASKED,5127,ACTIVE,3417.23,False,2
MCH4476,MCH4476,Parikh Group,5912,mcc_field,False,Pharmacy,Medical,Partnership,Kolkata,West Bengal,False,2025-09-10 00:24:37,False,MISSING,,ACTIVE,,False,1
MCH4477,MCH4477,Edwin Group,5912,mcc_field,False,Pharmacy,chemist,Partnership,Pune,Maharashtra,False,2025-12-19 00:00:00,False,MISSING,,ACTIVE,1145.96,False,2
MCH4478,MCH4478,Shenoy Inc,4131,mcc_field,False,Transportation,Transport,Private Limited,Pune,Maharashtra,False,2024-04-19 20:17:16,False,MISSING,,ACTIVE,3749.72,False,1
MCH4481,4481,Nagi Inc,5699,mcc_field,False,Apparel,CLOTHS,Partnership,Pune,Maharashtra,False,2023-11-28 12:44:00,False,MISSING,,ACTIVE,2759.79,False,1
MCH4482,MCH4482,Sawhney-Raman,7011,mcc_field,False,Hotels & Lodging,HOTEL_LODGING,Private Limited,Ludhiana,Punjab,False,,False,ACCOUNT_NUMBER,7343,ACTIVE,246.88,False,1
MCH4484,MCH4484,"Mukherjee, Tella and Malhotra",5812,mcc_field,False,Restaurants,Restaurant,Partnership,Bengaluru,Karnataka,False,2025-10-02 05:38:00,False,ACCOUNT_NUMBER,5984,ACTIVE,2091.93,False,1
MCH4485,4485,Nazareth Inc,5999,mcc_field,False,Misc Retail,Retail Other,Individual,Pune,Maharashtra,False,2023-11-07 18:34:59,False,ACCOUNT_NUMBER,2979,SUSPENDED,1928.18,False,1
MCH4486,mch4486,"Bumb, Kibe and Saraf",4814,mcc_field,False,Telecom,Mobile Recharge,Private Limited,Chennai,Tamil Nadu,False,2026-02-14 00:00:00,False,MASKED,9655,ACTIVE,2112.84,False,1
MCH4487,MCH 4487,Maharaj-Murthy,5912,mcc_field,False,Pharmacy,MEDICAL_STORE,Individual,Amritsar,Punjab,False,2024-04-23 00:00:00,False,VIRTUAL_ACCOUNT,5794,ACTIVE,1455.08,False,3
MCH4490,MCH4490,"Doshi, Raj and Bumb",5411,mcc_field,False,Grocery,groceries,Partnership,Ludhiana,Punjab,False,2025-07-28 00:00:00,False,MASKED,2409,ACTIVE,748.4,False,2
MCH4495,mch4495,"Nadig, Gade and Jha",5942,mcc_field,False,Books & Stationery,Book Store,Partnership,Hyderabad,Telangana,False,2024-05-10 06:24:00,False,MISSING,,ACTIVE,1329.61,False,1
MCH4496,MCH4496,"Pandya, Bhalla and Malhotra",4814,mcc_field,False,Telecom,Telecom,Partnership,Jaipur,Rajasthan,False,2025-07-23 09:17:00,False,ACCOUNT_NUMBER,5188,ACTIVE,,False,2
MCH4497,mch4497,Padmanabhan Group,5812,mcc_field,False,Restaurants,Restaurant,Individual,Mumbai,Maharashtra,False,,False,MISSING,,ACTIVE,2142.62,False,1
MCH4501,MCH4501,Barman and Sons,5812,mcc_field,False,Restaurants,Restaurant,Private Limited,Delhi,Delhi,False,2025-04-24 00:00:00,False,MISSING,,ACTIVE,523.04,False,1
MCH4503,MCH 4503,Acharya LLC,5411,mcc_field,False,Grocery,groceries,Private Limited,Delhi,Delhi,False,2024-09-12 20:47:57,False,MISSING,,ACTIVE,241.19,False,3
MCH4507,MCH4507,Bassi-Merchant,5812,mcc_field,False,Restaurants,eating place,Sole Proprietor,Chennai,Tamil Nadu,False,2024-05-30 00:00:00,False,MASKED,7969,ACTIVE,3598.7,False,1
MCH4508,MCH4508,Prakash Ltd,5812,mcc_field,False,Restaurants,eating place,Private Limited,Mumbai,Maharashtra,False,2023-12-12 16:42:00,False,ACCOUNT_NUMBER,4537,SUSPENDED,1744.61,False,1
MCH4509,mch4509,"Shanker, Sem and Varughese",4131,mcc_field,False,Transportation,Bus/Taxi,Sole Proprietor,Pune,Maharashtra,False,2023-08-16 00:00:00,False,MISSING,,ACTIVE,,False,1
MCH4510,MCH4510,Bora Ltd,4814,mcc_field,False,Telecom,Mobile Recharge,Individual,Chennai,Tamil Nadu,False,2024-04-16 11:39:00,False,MASKED,0375,ACTIVE,1583.66,False,1
MCH4511,MCH 4511,"Walla, Kala and Devi",4131,mcc_field,False,Transportation,Transport,Sole Proprietor,Hyderabad,Telangana,False,2025-03-12 00:00:00,False,ACCOUNT_NUMBER,7288,ACTIVE,1448.32,False,1
MCH4515,mch4515,Memon-Upadhyay,4131,mcc_field,False,Transportation,transprt,Sole Proprietor,Lucknow,Uttar Pradesh,False,2024-04-03 17:37:57,False,MISSING,,ACTIVE,2435.25,False,1
MCH4517,MCH4517,"Madan, Gola and Srivastava",5812,mcc_field,False,Restaurants,Restaurants,Sole Proprietor,Kolkata,West Bengal,False,2025-05-07 14:26:04,False,MISSING,,ACTIVE,671.65,True,1
MCH4521,MCH4521,Raman Plc,5699,mcc_field,False,Apparel,Apparel,Private Limited,Hyderabad,Telangana,False,2023-04-02 12:10:00,False,MISSING,,ACTIVE,4397.68,False,1
MCH4524,MCH4524,Tara Ltd,5999,mcc_field,False,Misc Retail,Miscellaneous,Private Limited,Hyderabad,Telangana,False,2025-07-23 17:42:29,False,MISSING,,ACTIVE,1296.94,False,1
MCH4526,MCH4526,"Mittal, Saha and Puri",5699,mcc_field,False,Apparel,Apparel,Sole Proprietor,Bengaluru,Karnataka,False,2025-06-19 00:00:00,False,MISSING,,ACTIVE,893.38,False,1
MCH4527,MCH4527,Bansal Inc,5411,mcc_field,False,Grocery,groceries,Private Limited,Lucknow,Uttar Pradesh,False,2025-10-29 21:36:00,False,VIRTUAL_ACCOUNT,1395,ACTIVE,3449.0,False,1
MCH4528,MCH4528,Memon LLC,5912,mcc_field,False,Pharmacy,Medical,Partnership,Hyderabad,Telangana,False,2023-01-05 23:02:24,False,VIRTUAL_ACCOUNT,3640,ACTIVE,490.99,False,1
MCH4529,MCH 4529,Varkey-Pant,5699,inferred_from_category,False,Apparel,Clothing,Private Limited,Ludhiana,Punjab,False,2024-06-01 00:00:00,False,ACCOUNT_NUMBER,8433,ACTIVE,1710.62,False,2
MCH4530,MCH 4530,"Bhandari, Ramakrishnan and Srinivasan",5812,mcc_field,False,Restaurants,FOOD_SERVICES,Partnership,Pune,Maharashtra,False,2023-12-10 00:00:00,False,ACCOUNT_NUMBER,8716,ACTIVE,669.95,False,3
MCH4531,MCH-4531,Bail-Ramachandran,4814,mcc_field,False,Telecom,Telecom,Private Limited,Jaipur,Rajasthan,False,2025-05-11 18:13:55,False,MASKED,9300,ACTIVE,597.69,False,1
MCH4534,MCH-4534,Bumb-Ganguly,5699,mcc_field,False,Apparel,CLOTHS,Partnership,Chennai,Tamil Nadu,False,2025-11-12 19:14:58,False,VIRTUAL_ACCOUNT,5206,ACTIVE,1225.88,False,1
MCH4536,MCH4536,Gulati and Sons,5311,mcc_field,False,Department Stores,Retail,Individual,Delhi,Delhi,False,2024-12-06 17:48:15,False,MISSING,,ACTIVE,951.8,False,1
MCH4538,MCH4538,Lad Ltd,5699,mcc_field,False,Apparel,Fashion,Private Limited,Delhi,Delhi,False,2023-12-30 08:20:00,False,MISSING,,ACTIVE,449.9,False,1
MCH4540,mch4540,Nadig LLC,5699,mcc_field,False,Apparel,garments,Partnership,Mumbai,Maharashtra,False,2024-02-03 18:04:00,False,MISSING,,ACTIVE,7331.0,False,1
MCH4544,MCH-4544,"Som, Deshmukh and Narang",5411,mcc_field,False,Grocery,kirana,Partnership,Bengaluru,Karnataka,False,2023-04-28 00:00:00,False,MISSING,,ACTIVE,4619.33,False,1
MCH4547,mch4547,Rout Inc,5812,mcc_field,False,Restaurants,Restaurant,Private Limited,Bengaluru,Karnataka,False,2026-01-28 00:00:00,False,ACCOUNT_NUMBER,0002,ACTIVE,307.37,False,1
MCH4548,MCH4548,"Butala, Som and Modi",4131,mcc_field,False,Transportation,transprt,Private Limited,Bengaluru,Karnataka,False,,False,ACCOUNT_NUMBER,8022,SUSPENDED,568.11,False,2
MCH4551,MCH4551,Sura Group,5699,mcc_field,False,Apparel,Apparel,Sole Proprietor,Jalandhar,Punjab,False,2023-01-06 00:00:00,False,MASKED,0235,ACTIVE,3287.63,False,1
MCH4552,MCH4552,"Palla, Mutti and Jayaraman",4131,mcc_field,False,Transportation,Transportation,Sole Proprietor,Jaipur,Rajasthan,False,2025-07-21 01:20:00,False,VIRTUAL_ACCOUNT,4876,ACTIVE,912.53,False,1
MCH4553,MCH4553,Zachariah-Dara,5812,mcc_field,False,Restaurants,Restaurants,Private Limited,Jalandhar,Punjab,False,2024-07-03 11:07:00,False,MISSING,,ACTIVE,343.99,False,1
MCH4556,MCH4556,Bhakta Inc,5942,mcc_field,False,Books & Stationery,Book Store,Private Limited,Mumbai,Maharashtra,False,2026-02-03 00:00:00,False,MISSING,,ACTIVE,881.89,False,2
MCH4560,mch4560,Shankar Ltd,4814,mcc_field,False,Telecom,Telecom,Individual,Bengaluru,Karnataka,False,2025-06-12 14:36:00,False,MISSING,,ACTIVE,1403.88,False,1
MCH4567,mch4567,Bhatti Inc,7011,mcc_field,False,Hotels & Lodging,Hotels,Partnership,Hyderabad,Telangana,False,2023-03-29 00:00:00,False,MASKED,2555,ACTIVE,1514.65,False,1
MCH4573,MCH4573,"Edwin, Manda and Biswas",5912,inferred_from_category,False,Pharmacy,Pharmacy,Sole Proprietor,Pune,Maharashtra,False,2025-02-28 14:41:00,False,ACCOUNT_NUMBER,1910,ACTIVE,2824.05,False,2
MCH4574,MCH4574,Cherian and Sons,5311,mcc_field,False,Department Stores,Department Store,Individual,Lucknow,Uttar Pradesh,False,2024-08-31 00:00:00,False,MASKED,0148,ACTIVE,789.16,False,1
MCH4577,MCH4577,"Atwal, Sura and Bhatti",5812,mcc_field,False,Restaurants,Restaurant,Partnership,Hyderabad,Telangana,False,2026-01-03 18:58:00,False,VIRTUAL_ACCOUNT,3063,ACTIVE,316.9,False,3
MCH4578,mch4578,Bedi LLC,5942,mcc_field,False,Books & Stationery,Books,Private Limited,Kolkata,West Bengal,False,2023-11-29 04:19:56,False,MISSING,,ACTIVE,360.0,False,3
MCH4581,MCH4581,"Tailor, Ganesh and Menon",5812,mcc_field,False,Restaurants,Restaurants,Partnership,Mumbai,Maharashtra,False,2025-11-02 00:00:00,False,MISSING,,INACTIVE,1137.0,False,2
MCH4582,MCH4582,Pai-Shenoy,4814,inferred_from_category,False,Telecom,phone service,Individual,Pune,Maharashtra,False,2025-03-18 00:00:00,False,MASKED,2537,ACTIVE,1857.0,False,1
MCH4583,4583,Krish-Dar,5812,mcc_field,False,Restaurants,Food,Sole Proprietor,Mumbai,Maharashtra,False,2025-11-23 00:00:00,False,ACCOUNT_NUMBER,4311,ACTIVE,4726.0,False,2
MCH4587,MCH4587,Karnik and Sons,5311,mcc_field,False,Department Stores,Retail,Partnership,Jaipur,Rajasthan,False,2025-02-07 00:00:00,False,MISSING,,ACTIVE,2493.1,False,2
MCH4588,MCH4588,"Gole, Raval and Hans",5812,inferred_from_category,False,Restaurants,Food,Sole Proprietor,Bengaluru,Karnataka,False,2025-03-14 00:00:00,False,ACCOUNT_NUMBER,7231,ACTIVE,1061.34,False,1
MCH4589,MCH4589,"Sathe, Bumb and Shankar",5699,mcc_field,False,Apparel,garments,Sole Proprietor,Amritsar,Punjab,False,2024-10-27 01:28:39,False,MASKED,1983,ACTIVE,76.99,False,2
MCH4593,MCH4593,Dube-Ravel,7011,mcc_field,False,Hotels & Lodging,Hospitality,Partnership,Hyderabad,Telangana,False,2025-08-30 00:00:00,False,MISSING,,ACTIVE,1285.0,False,1
MCH4599,4599,Majumdar-Choudhary,5411,inferred_from_category,False,Grocery,groceries,Private Limited,Mumbai,Maharashtra,False,2023-03-05 16:37:00,False,ACCOUNT_NUMBER,0943,INACTIVE,1341.81,False,1
MCH4600,MCH4600,Devi Group,5311,mcc_field,False,Department Stores,Department Stores,Individual,Delhi,Delhi,False,2024-02-17 00:00:00,False,ACCOUNT_NUMBER,2627,INACTIVE,1126.47,False,1
MCH4604,4604,"Som, Kalla and Dada",5699,mcc_field,False,Apparel,CLOTHS,Sole Proprietor,Chennai,Tamil Nadu,False,2024-07-02 15:25:30,False,MISSING,,ACTIVE,1478.97,False,1
MCH4605,mch4605,Barad Plc,5942,mcc_field,False,Books & Stationery,Stationery,Sole Proprietor,Pune,Maharashtra,False,2025-06-02 22:03:20,False,MASKED,1001,ACTIVE,5165.18,False,1
MCH4606,MCH4606,Vyas-Mukhopadhyay,7011,mcc_field,False,Hotels & Lodging,Hotels,Private Limited,Hyderabad,Telangana,False,2025-09-29 00:00:00,False,MASKED,6697,ACTIVE,745.57,False,3
MCH4608,MCH4608,Chandran Group,5699,mcc_field,False,Apparel,Apparel,Sole Proprietor,Lucknow,Uttar Pradesh,False,2023-05-09 14:14:00,False,VIRTUAL_ACCOUNT,2287,ACTIVE,950.53,False,1
MCH4610,MCH4610,"Barad,chandaand Rana",5942,mcc_field,False,Books & Stationery,BOOKS_STATIONERY,Private Limited,Hyderabad,Telangana,False,2024-12-23 00:00:00,False,ACCOUNT_NUMBER,0851,ACTIVE,2989.03,False,1
MCH4613,MCH4613,"Batra, Devi and Buch",5699,mcc_field,False,Apparel,garments,Individual,Delhi,Delhi,False,2023-10-03 00:00:00,False,ACCOUNT_NUMBER,0376,INACTIVE,3664.64,True,2
MCH4614,MCH4614,Badami LLC,5942,mcc_field,False,Books & Stationery,Stationery,Partnership,Jaipur,Rajasthan,False,2025-04-02 17:40:30,False,ACCOUNT_NUMBER,5766,ACTIVE,4687.53,False,2
MCH4621,mch4621,Ravel-Chaudhuri,5942,mcc_field,False,Books & Stationery,Stationery,Private Limited,Delhi,Delhi,False,2024-08-04 00:00:00,False,VIRTUAL_ACCOUNT,8071,ACTIVE,397.3,True,2
MCH4622,MCH4622,Toor-Rajan,7011,mcc_field,False,Hotels & Lodging,HOTEL_LODGING,Private Limited,Ludhiana,Punjab,False,2024-06-20 14:20:00,False,MISSING,,ACTIVE,2524.16,False,1
MCH4623,MCH4623,"Gokhale, Ranganathan and Shenoy",5999,mcc_field,False,Misc Retail,Miscellaneous,Private Limited,Hyderabad,Telangana,False,2025-08-17 15:21:40,False,ACCOUNT_NUMBER,9856,ACTIVE,171.0,False,3
MCH4624,MCH4624,"Krishnamurthy, Mandal and Luthra",5999,mcc_field,False,Misc Retail,Miscellaneous,Individual,Chennai,Tamil Nadu,False,2025-08-06 00:00:00,False,ACCOUNT_NUMBER,4041,ACTIVE,784.01,False,2
MCH4626,mch4626,"Lalla, Handa and Ahuja",5999,mcc_field,False,Misc Retail,Retail Other,Private Limited,Bengaluru,Karnataka,False,2023-07-31 00:00:00,False,MISSING,,ACTIVE,1497.15,False,1
MCH4627,MCH4627,Barman-Kashyap,5699,mcc_field,False,Apparel,CLOTHS,Partnership,Pune,Maharashtra,False,2026-01-10 00:00:00,False,MISSING,,ACTIVE,1852.01,False,1
MCH4630,MCH4630,Bhandari Group,7011,mcc_field,False,Hotels & Lodging,Hotel,Partnership,Hyderabad,Telangana,False,2025-07-13 12:30:35,False,VIRTUAL_ACCOUNT,5086,CLOSED,,False,3
MCH4636,MCH4636,Sura and Sons,5699,mcc_field,False,Apparel,Apparel,Partnership,Mumbai,Maharashtra,False,2023-12-17 17:58:35,False,ACCOUNT_NUMBER,0767,ACTIVE,,False,1
MCH4637,MCH4637,Mitter-Pandya,5411,mcc_field,False,Grocery,Grocery Stores,Individual,Chennai,Tamil Nadu,False,2023-05-09 20:41:00,False,MASKED,4099,ACTIVE,2198.28,False,1
MCH4639,MCH4639,Chaudhry-Bath,5912,mcc_field,False,Pharmacy,Medical,Partnership,Jalandhar,Punjab,False,2023-05-11 10:36:23,False,MASKED,7667,ACTIVE,295.45,False,1
MCH4640,MCH4640,Choudhary-Joshi,5699,mcc_field,False,Apparel,Clothing,Partnership,Jaipur,Rajasthan,False,,False,VIRTUAL_ACCOUNT,9715,ACTIVE,857.62,False,1
MCH4641,MCH4641,Karnik LLC,5311,mcc_field,False,Department Stores,Retail,Sole Proprietor,Ludhiana,Punjab,False,2025-02-02 00:00:00,False,MISSING,,ACTIVE,,False,1
MCH4642,MCH-4642,Jaggi Ltd,5411,mcc_field,False,Grocery,GROCERY_STORE,Partnership,Delhi,Delhi,False,2024-04-16 00:00:00,False,MASKED,5243,SUSPENDED,1180.53,False,1
MCH4643,MCH4643,Barad and Sons,5942,mcc_field,False,Books & Stationery,Books,Individual,Ludhiana,Punjab,False,2025-05-18 00:00:00,False,ACCOUNT_NUMBER,3908,BLOCKED,3490.79,False,3
MCH4648,MCH4648,Tara-Pandya,5699,mcc_field,False,Apparel,Clothing,Partnership,Chennai,Tamil Nadu,False,2026-01-02 00:00:00,False,VIRTUAL_ACCOUNT,4905,ACTIVE,852.19,False,1
MCH4649,MCH4649,"Mand,dattaand Sanghvi",7011,mcc_field,False,Hotels & Lodging,Hotels,Partnership,Ludhiana,Punjab,False,2024-10-16 00:00:00,False,MISSING,,ACTIVE,666.8,False,1
MCH4651,MCH4651,Bhat-Kamdar,5999,mcc_field,False,Misc Retail,Other,Sole Proprietor,Hyderabad,Telangana,False,2024-06-05 00:00:00,False,ACCOUNT_NUMBER,6078,ACTIVE,718.3,False,1
MCH4652,MCH4652,Varghese-Ramachandran,4131,mcc_field,False,Transportation,Transportation,Private Limited,Amritsar,Punjab,False,2024-10-30 00:00:00,False,ACCOUNT_NUMBER,9184,ACTIVE,2348.76,True,2
MCH4656,MCH4656,"Verma,sanghaand Vora",5942,mcc_field,False,Books & Stationery,Book Store,Private Limited,Delhi,Delhi,False,2024-07-02 00:00:00,False,MISSING,,ACTIVE,431.25,False,2
MCH4658,MCH4658,Kapadia Inc,5311,mcc_field,False,Department Stores,Retail,Individual,Hyderabad,Telangana,False,2023-05-21 00:00:00,False,VIRTUAL_ACCOUNT,1671,ACTIVE,2693.95,False,1
MCH4667,MCH-4667,Kapur-Gara,5812,mcc_field,False,Restaurants,Food,Private Limited,Delhi,Delhi,False,2025-10-30 17:47:05,False,ACCOUNT_NUMBER,6565,ACTIVE,1043.72,False,2
MCH4669,MCH4669,Bail Plc,4131,mcc_field,False,Transportation,Bus/Taxi,Sole Proprietor,Lucknow,Uttar Pradesh,False,2023-09-17 00:00:00,False,MASKED,4093,INACTIVE,1960.77,False,2
MCH4672,MCH-4672,Sandhu LLC,5942,mcc_field,False,Books & Stationery,Stationery,Partnership,Bengaluru,Karnataka,False,,False,MISSING,,ACTIVE,456.49,False,1
MCH4674,MCH4674,Sachar-Loke,5699,mcc_field,False,Apparel,Apparel,Private Limited,Jalandhar,Punjab,False,,False,MISSING,,ACTIVE,1222.52,False,1
MCH4675,MCH4675,"Minhas, Narayan and Bandi",5942,inferred_from_category,False,Books & Stationery,Books,Sole Proprietor,Jalandhar,Punjab,False,2023-06-15 10:04:37,False,MISSING,,ACTIVE,,False,1
MCH4676,MCH 4676,Shan Inc,5999,mcc_field,False,Misc Retail,Other,Sole Proprietor,Mumbai,Maharashtra,False,2026-01-20 00:00:00,False,VIRTUAL_ACCOUNT,2403,ACTIVE,2805.31,False,1
MCH4677,MCH4677,"Sethi, Bora and Karpe",5942,mcc_field,False,Books & Stationery,Stationery,Individual,Pune,Maharashtra,False,,False,MISSING,,INACTIVE,5089.5,False,1
MCH4678,MCH4678,"Yogi, Goel and Chaudry",5912,mcc_field,False,Pharmacy,chemist,Sole Proprietor,Amritsar,Punjab,False,2025-10-11 23:31:36,False,ACCOUNT_NUMBER,4375,ACTIVE,1363.28,False,1
MCH4681,MCH4681,"Sengupta,venkataramanand Konda",5411,mcc_field,False,Grocery,Grocery Stores,Individual,Pune,Maharashtra,False,2026-01-10 08:52:00,False,MISSING,,ACTIVE,526.79,False,2
MCH4682,MCH4682,Chaudry LLC,4131,mcc_field,False,Transportation,Transportation,Individual,Hyderabad,Telangana,False,2024-01-28 10:50:34,False,MISSING,,ACTIVE,1772.5,True,2
MCH4685,MCH4685,Mukhopadhyay-Cheema,5942,inferred_from_category,False,Books & Stationery,books,Private Limited,Chennai,Tamil Nadu,False,2023-07-22 11:31:48,False,ACCOUNT_NUMBER,8814,SUSPENDED,,False,2
MCH4687,MCH4687,Goel LLC,5942,mcc_field,False,Books & Stationery,Book Store,Individual,Lucknow,Uttar Pradesh,False,2023-01-30 00:00:00,False,VIRTUAL_ACCOUNT,4781,ACTIVE,820.0,False,1
MCH4688,MCH-4688,Venkatesh Group,5942,mcc_field,False,Books & Stationery,Stationery,Sole Proprietor,Delhi,Delhi,False,2024-08-24 14:22:22,False,VIRTUAL_ACCOUNT,8114,SUSPENDED,2933.52,False,2
MCH4690,MCH4690,"Dutt, Mukhopadhyay and Dara",5999,mcc_field,False,Misc Retail,Other,Sole Proprietor,Amritsar,Punjab,False,2023-04-24 22:55:00,False,VIRTUAL_ACCOUNT,4932,SUSPENDED,390.23,True,2
MCH4691,MCH4691,"Deshmukh, Pant and Garg",7011,mcc_field,False,Hotels & Lodging,Hotels,Sole Proprietor,Bengaluru,Karnataka,False,2025-05-10 00:00:00,False,MISSING,,ACTIVE,2116.48,False,1
MCH4692,MCH4692,"Bhargava, Rajagopal and Karan",7011,mcc_field,False,Hotels & Lodging,Hotel,Private Limited,Delhi,Delhi,False,2024-08-06 00:00:00,False,ACCOUNT_NUMBER,8633,ACTIVE,,False,2
MCH4693,MCH4693,Dhingra-Bava,7011,mcc_field,False,Hotels & Lodging,Hotels,Private Limited,Mumbai,Maharashtra,False,2024-12-28 01:09:00,False,MISSING,,ACTIVE,3445.16,False,1
MCH4695,MCH4695,Patel-Halder,5812,mcc_field,False,Restaurants,Restaurants,Sole Proprietor,Pune,Maharashtra,False,2026-02-11 16:57:07,False,MISSING,,ACTIVE,652.55,False,1
MCH4699,MCH-4699,Setty Inc,7011,mcc_field,False,Hotels & Lodging,HOTEL_LODGING,Private Limited,Pune,Maharashtra,False,2025-06-04 00:00:00,False,MASKED,2833,ACTIVE,632.27,False,1
MCH4700,MCH4700,"Rajan, Garg and Ray",5699,inferred_from_category,False,Apparel,Apparel,Individual,Chennai,Tamil Nadu,False,,False,VIRTUAL_ACCOUNT,7166,ACTIVE,805.94,False,1
MCH4701,MCH4701,Bhagat and Sons,4131,mcc_field,False,Transportation,Transportation,Individual,Hyderabad,Telangana,False,2025-03-17 00:00:00,False,VIRTUAL_ACCOUNT,8971,ACTIVE,493.82,False,1
MCH4702,MCH4702,Nath Group,5311,mcc_field,False,Department Stores,Retail,Sole Proprietor,Lucknow,Uttar Pradesh,False,2024-08-15 23:18:00,False,MISSING,,ACTIVE,584.0,False,1
MCH4706,MCH4706,"Varughese, Mani and Choudhary",5311,mcc_field,False,Department Stores,Department Store,Individual,Bengaluru,Karnataka,False,2025-11-11 03:09:47,False,ACCOUNT_NUMBER,5472,ACTIVE,1658.13,True,2
MCH4708,MCH 4708,Loke-Ganesan,5999,mcc_field,False,Misc Retail,Miscellaneous,Sole Proprietor,Jalandhar,Punjab,False,2024-02-22 19:47:00,False,MISSING,,ACTIVE,1266.56,False,2
MCH4709,MCH4709,Ramakrishnan-Palla,4814,mcc_field,False,Telecom,phone service,Individual,Bengaluru,Karnataka,False,2026-02-15 00:00:00,False,VIRTUAL_ACCOUNT,1033,ACTIVE,1190.3,False,2
MCH4712,MCH4712,"Gulati, Koshy and Purohit",5812,mcc_field,False,Restaurants,Food,Individual,Lucknow,Uttar Pradesh,False,2023-06-13 19:51:00,False,MISSING,,SUSPENDED,576.59,False,2
MCH4713,MCH4713,Sura-Boase,5699,inferred_from_category,False,Apparel,Clothing,Sole Proprietor,Amritsar,Punjab,False,2023-04-12 00:00:00,False,MISSING,,ACTIVE,1694.6,False,1
MCH4716,mch4716,Goda-Agate,5411,mcc_field,False,Grocery,groceries,Sole Proprietor,Delhi,Delhi,False,2026-01-07 00:00:00,False,ACCOUNT_NUMBER,2062,ACTIVE,1438.61,False,3
MCH4717,MCH4717,Bir Ltd,4131,mcc_field,False,Transportation,Transportation,Private Limited,Chennai,Tamil Nadu,False,2025-11-14 00:00:00,False,VIRTUAL_ACCOUNT,1543,ACTIVE,7107.16,False,1
MCH4720,MCH 4720,Sha Ltd,5411,mcc_field,False,Grocery,kirana,Partnership,Chennai,Tamil Nadu,False,2024-04-05 00:00:00,False,ACCOUNT_NUMBER,5801,ACTIVE,874.68,False,1
MCH4723,MCH 4723,Kanda Ltd,5999,mcc_field,False,Misc Retail,Retail Other,Individual,Chennai,Tamil Nadu,False,2024-08-27 00:00:00,False,MASKED,1287,ACTIVE,649.83,False,1
MCH4725,MCH 4725,Joshi Plc,5311,mcc_field,False,Department Stores,DEPT_STORE,Private Limited,Amritsar,Punjab,False,2023-05-23 00:00:00,False,VIRTUAL_ACCOUNT,1225,ACTIVE,639.24,False,1
MCH4727,mch4727,Dua-Mishra,5311,mcc_field,False,Department Stores,Department Store,Sole Proprietor,Pune,Maharashtra,False,2024-05-18 00:00:00,False,ACCOUNT_NUMBER,8246,ACTIVE,1242.0,False,2
MCH4729,MCH 4729,"Karpe, Dhaliwal and Subramanian",7011,mcc_field,False,Hotels & Lodging,Hotel,Partnership,Amritsar,Punjab,False,2024-01-14 00:00:00,False,VIRTUAL_ACCOUNT,1131,ACTIVE,2525.97,False,3
MCH4732,MCH4732,"Ramanathan, Kanda and Karnik",5812,mcc_field,False,Restaurants,eating place,Private Limited,Lucknow,Uttar Pradesh,False,2025-08-13 05:58:00,False,MISSING,,ACTIVE,3954.51,False,1
MCH4733,MCH4733,Sankar Inc,5411,mcc_field,False,Grocery,GROCERY_STORE,Sole Proprietor,Jaipur,Rajasthan,False,2023-01-25 00:00:00,False,MASKED,7201,ACTIVE,1176.53,False,1
MCH4736,MCH4736,"Jani, Chaudhry and Chaudhuri",4131,mcc_field,False,Transportation,Transportation,Individual,Delhi,Delhi,False,2025-07-06 00:00:00,False,MISSING,,ACTIVE,,False,2
MCH4737,MCH 4737,"Aurora, Mallick and Dugar",5942,mcc_field,False,Books & Stationery,Stationery,Individual,Jalandhar,Punjab,False,2024-08-27 00:00:00,False,MASKED,5003,INACTIVE,489.0,False,1
MCH4738,MCH4738,Jha Plc,5999,inferred_from_category,False,Misc Retail,Retail Other,Sole Proprietor,Bengaluru,Karnataka,False,2024-05-24 22:20:53,False,MISSING,,INACTIVE,1636.42,False,1
MCH4739,MCH4739,Karpe-Doshi,5411,mcc_field,False,Grocery,Grocery Stores,Individual,Lucknow,Uttar Pradesh,False,2023-10-20 00:00:00,False,VIRTUAL_ACCOUNT,6471,ACTIVE,1100.69,True,2
MCH4741,MCH4741,Kara and Sons,5999,inferred_from_category,False,Misc Retail,Miscellaneous,Partnership,Jaipur,Rajasthan,False,2023-02-13 00:00:00,False,MASKED,2970,ACTIVE,2009.21,False,1
MCH4743,MCH4743,Ahluwalia-Bansal,5912,inferred_from_category,False,Pharmacy,chemist,Private Limited,Ludhiana,Punjab,False,2023-08-23 00:00:00,False,VIRTUAL_ACCOUNT,4397,INACTIVE,486.29,False,1
MCH4744,MCH4744,Tiwari-Bedi,5942,mcc_field,False,Books & Stationery,Stationery,Sole Proprietor,Pune,Maharashtra,False,2024-07-13 00:00:00,False,ACCOUNT_NUMBER,3923,CLOSED,1636.0,False,1
MCH4745,MCH4745,Divan-Rao,5311,mcc_field,False,Department Stores,DEPT_STORE,Sole Proprietor,Jalandhar,Punjab,False,2023-12-05 00:00:00,False,ACCOUNT_NUMBER,8330,ACTIVE,778.92,False,2
MCH4746,MCH4746,"Srivastava, Bhattacharyya and Morar",5999,mcc_field,False,Misc Retail,Miscellaneous,Sole Proprietor,Chennai,Tamil Nadu,False,2025-07-29 00:00:00,False,MISSING,,CLOSED,402.85,False,1
MCH4747,MCH4747,Issac Plc,4131,mcc_field,False,Transportation,TRAVEL,Private Limited,Mumbai,Maharashtra,False,2023-07-07 09:40:00,False,ACCOUNT_NUMBER,2784,CLOSED,,False,1
MCH4749,mch4749,Sane-Kota,7011,mcc_field,False,Hotels & Lodging,Hotels,Partnership,Ludhiana,Punjab,False,2025-08-28 00:00:00,False,MASKED,8682,ACTIVE,2066.82,False,1
MCH4752,MCH4752,"Chaudhuri, Sampath and Wali",5311,mcc_field,False,Department Stores,Department Store,Individual,Bengaluru,Karnataka,False,2024-01-10 00:00:00,False,ACCOUNT_NUMBER,3003,ACTIVE,399.3,False,1
MCH4754,MCH4754,"Chhabra, Setty and Srinivasan",5699,mcc_field,False,Apparel,CLOTHS,Private Limited,Hyderabad,Telangana,False,2023-12-04 00:00:00,False,VIRTUAL_ACCOUNT,1549,INACTIVE,2016.37,False,2
MCH4760,MCH4760,"Kalla, Mammen and Purohit",4814,mcc_field,False,Telecom,phone service,Individual,Delhi,Delhi,False,2024-10-27 00:00:00,False,MISSING,,ACTIVE,964.0,False,1
MCH4761,MCH4761,Khalsa Plc,5912,mcc_field,False,Pharmacy,Pharmacy,Individual,Jaipur,Rajasthan,False,2025-01-17 07:20:16,False,VIRTUAL_ACCOUNT,6599,INACTIVE,4970.84,False,1
MCH4765,MCH4765,Madan-Pandey,5699,mcc_field,False,Apparel,Clothing,Sole Proprietor,Hyderabad,Telangana,False,2025-03-12 12:56:00,False,MASKED,6725,ACTIVE,1004.95,False,2
MCH4767,MCH 4767,Prasad Inc,4814,inferred_from_category,False,Telecom,phone service,Private Limited,Pune,Maharashtra,False,2023-06-20 00:00:00,False,MISSING,,INACTIVE,789.87,False,1
MCH4769,MCH4769,Baral-Peri,5699,mcc_field,False,Apparel,Apparel,Individual,Jaipur,Rajasthan,False,2024-01-14 00:00:00,False,MISSING,,ACTIVE,1758.52,True,2
MCH4770,MCH4770,Mahal-Sood,5411,mcc_field,False,Grocery,GROCERY_STORE,Sole Proprietor,Jaipur,Rajasthan,False,2024-12-17 00:00:00,False,ACCOUNT_NUMBER,5595,INACTIVE,489.82,False,1
MCH4774,MCH 4774,Wadhwa Plc,5311,mcc_field,False,Department Stores,DEPT_STORE,Partnership,Jalandhar,Punjab,False,2026-01-09 14:20:47,False,ACCOUNT_NUMBER,4087,ACTIVE,374.94,False,1
MCH4775,MCH4775,"Divan, Buch and Kunda",4814,mcc_field,False,Telecom,phone service,Sole Proprietor,Lucknow,Uttar Pradesh,False,2025-07-07 00:00:00,False,ACCOUNT_NUMBER,6316,INACTIVE,562.44,False,1
MCH4776,MCH4776,Bobal-Dutta,5411,mcc_field,False,Grocery,Grocery Stores,Individual,Hyderabad,Telangana,False,2026-02-26 11:47:00,False,ACCOUNT_NUMBER,3652,ACTIVE,831.82,False,2
MCH4777,MCH4777,Babu-Choudhry,4814,mcc_field,False,Telecom,Mobile Recharge,Individual,Delhi,Delhi,False,2026-01-10 00:00:00,False,MISSING,,ACTIVE,373.4,False,1
MCH4778,MCH4778,Wali LLC,4131,mcc_field,False,Transportation,Transportation,Private Limited,Lucknow,Uttar Pradesh,False,2025-01-02 00:00:00,False,VIRTUAL_ACCOUNT,9740,ACTIVE,1242.33,False,1
MCH4781,MCH4781,"Mohan, Sharaf and Narula",5311,inferred_from_category,False,Department Stores,Retail,Sole Proprietor,Delhi,Delhi,False,2024-01-08 00:00:00,False,ACCOUNT_NUMBER,7866,ACTIVE,482.6,False,2
MCH4782,MCH4782,Salvi-Comar,7011,mcc_field,False,Hotels & Lodging,Hotel,Sole Proprietor,Jalandhar,Punjab,False,2025-07-13 09:44:30,False,MASKED,1728,ACTIVE,876.5,False,1
MCH4786,MCH4786,Peri-Kannan,5999,mcc_field,False,Misc Retail,Miscellaneous,Partnership,Lucknow,Uttar Pradesh,False,2025-10-04 00:00:00,False,VIRTUAL_ACCOUNT,6653,ACTIVE,,False,2
MCH4788,4788,Chauhan-Khosla,5699,mcc_field,False,Apparel,garments,Individual,Bengaluru,Karnataka,False,,False,ACCOUNT_NUMBER,8523,ACTIVE,109.29,False,1
MCH4790,MCH4790,Date Plc,7011,inferred_from_category,False,Hotels & Lodging,Hotel,Individual,Amritsar,Punjab,False,2025-12-11 10:11:45,False,MASKED,3526,SUSPENDED,199.0,False,1
MCH4792,mch4792,Agrawal-Prabhu,5812,mcc_field,False,Restaurants,Food,Sole Proprietor,Chennai,Tamil Nadu,False,2025-11-02 16:37:14,False,MISSING,,INACTIVE,1844.0,False,1
MCH4794,MCH4794,Borra-Dutt,7011,mcc_field,False,Hotels & Lodging,Hotels,Private Limited,Jaipur,Rajasthan,False,2024-09-19 22:25:00,False,VIRTUAL_ACCOUNT,8010,ACTIVE,1006.04,False,1
MCH4801,MCH4801,Bhargava-Basak,5311,mcc_field,False,Department Stores,Retail,Sole Proprietor,Lucknow,Uttar Pradesh,False,2025-11-18 06:19:46,False,MASKED,3111,ACTIVE,2920.36,False,1
MCH4802,MCH4802,"Mistry, Roy and Salvi",5311,inferred_from_category,False,Department Stores,DEPT_STORE,Sole Proprietor,Chennai,Tamil Nadu,False,2024-08-23 18:00:36,False,ACCOUNT_NUMBER,8940,INACTIVE,468.0,False,3
MCH4804,MCH4804,Swamy Plc,5699,inferred_from_category,False,Apparel,Fashion,Partnership,Lucknow,Uttar Pradesh,False,2025-01-12 09:37:41,False,MISSING,,BLOCKED,207.24,False,1
MCH4805,MCH4805,"Krishnan, Bhatnagar and Prasad",5942,inferred_from_category,False,Books & Stationery,Stationery,Partnership,Amritsar,Punjab,False,2025-07-12 00:00:00,False,MISSING,,ACTIVE,284.87,False,2
MCH4807,MCH4807,"Dutt, Pandey and Tella",5912,mcc_field,False,Pharmacy,Pharmacies,Individual,Chennai,Tamil Nadu,False,2024-05-14 00:00:00,False,VIRTUAL_ACCOUNT,7178,ACTIVE,1458.0,False,1
MCH4808,MCH4808,Padmanabhan-Pathak,5699,mcc_field,False,Apparel,Fashion,Sole Proprietor,Lucknow,Uttar Pradesh,False,2024-05-07 18:56:00,False,VIRTUAL_ACCOUNT,2312,CLOSED,262.16,True,1
MCH4809,MCH4809,Viswanathan Plc,7011,mcc_field,False,Hotels & Lodging,HOTEL_LODGING,Individual,Kolkata,West Bengal,False,2023-07-12 14:32:20,False,MISSING,,ACTIVE,1713.6,False,1
MCH4811,MCH4811,Rattan-Raval,5812,mcc_field,False,Restaurants,Food,Partnership,Lucknow,Uttar Pradesh,False,2025-06-05 00:00:00,False,VIRTUAL_ACCOUNT,6785,ACTIVE,896.7,True,4
MCH4812,mch4812,Rai-Aurora,7011,mcc_field,False,Hotels & Lodging,Hospitality,Private Limited,Jaipur,Rajasthan,False,2025-07-09 00:00:00,False,VIRTUAL_ACCOUNT,3400,ACTIVE,1732.91,False,1
MCH4815,MCH4815,"Karan, Bhattacharyya and Saran",5912,mcc_field,False,Pharmacy,Pharmacy,Private Limited,Kolkata,West Bengal,False,2025-04-10 08:18:32,False,ACCOUNT_NUMBER,2973,ACTIVE,1152.86,False,2
MCH4818,mch4818,Deol Inc,5999,mcc_field,False,Misc Retail,Miscellaneous,Individual,Delhi,Delhi,False,2024-04-29 00:00:00,False,VIRTUAL_ACCOUNT,9334,ACTIVE,316.0,False,2
MCH4821,MCH4821,"Kade, Dhawan and Kadakia",5411,mcc_field,False,Grocery,kirana,Private Limited,Mumbai,Maharashtra,False,2024-03-14 00:00:00,False,MISSING,,ACTIVE,2277.0,False,1
MCH4822,MCH-4822,Sama-Keer,4131,mcc_field,False,Transportation,Transportation,Private Limited,Hyderabad,Telangana,False,2025-08-07 00:00:00,False,MISSING,,ACTIVE,736.6,False,1
MCH4827,MCH4827,"Deol, Rastogi and Khatri",4814,mcc_field,False,Telecom,Mobile Recharge,Sole Proprietor,Lucknow,Uttar Pradesh,False,2024-05-10 03:12:00,False,MISSING,,ACTIVE,810.0,False,1
MCH4831,MCH4831,Gala Group,5311,mcc_field,False,Department Stores,Department Store,Sole Proprietor,Pune,Maharashtra,False,2025-05-05 00:00:00,False,MISSING,,ACTIVE,1889.75,False,2
MCH4835,MCH 4835,Hari Inc,5912,mcc_field,False,Pharmacy,MEDICAL_STORE,Individual,Hyderabad,Telangana,False,2024-06-10 00:00:00,False,MASKED,3222,ACTIVE,348.86,False,1
MCH4836,MCH4836,"Sidhu, Krish and Wadhwa",5812,mcc_field,False,Restaurants,FOOD_SERVICES,Individual,Pune,Maharashtra,False,2025-11-15 20:13:55,False,VIRTUAL_ACCOUNT,0403,ACTIVE,431.0,False,1
MCH4838,4838,Srinivasan Ltd,5699,mcc_field,False,Apparel,CLOTHS,Partnership,Ludhiana,Punjab,False,2023-11-05 10:10:13,False,VIRTUAL_ACCOUNT,8537,ACTIVE,193.54,False,1
MCH4839,MCH4839,Sura-Mall,4131,inferred_from_category,False,Transportation,Transportation,Private Limited,Ludhiana,Punjab,False,2025-12-08 00:00:00,False,MISSING,,ACTIVE,682.13,False,1
MCH4841,MCH4841,"Soman, Chhabra and Rau",5812,mcc_field,False,Restaurants,Food,Individual,Hyderabad,Telangana,False,2025-04-06 00:00:00,False,ACCOUNT_NUMBER,7314,ACTIVE,611.25,False,1
MCH4842,MCH4842,Pa11a LLC,5942,mcc_field,False,Books & Stationery,Stationery,Individual,Kolkata,West Bengal,False,2024-12-19 00:00:00,False,MASKED,0707,ACTIVE,3127.0,False,2
MCH4843,MCH4843,Kuruvilla-Pillay,4814,mcc_field,False,Telecom,phone service,Individual,Bengaluru,Karnataka,False,2025-08-18 00:00:00,False,VIRTUAL_ACCOUNT,6746,ACTIVE,898.89,True,2
MCH4844,MCH4844,Trivedi-De01,7011,mcc_field,False,Hotels & Lodging,Hotel,Individual,Bengaluru,Karnataka,False,2024-06-23 06:58:47,False,MISSING,,ACTIVE,798.53,False,1
MCH4846,MCH 4846,Arora-Raghavan,5999,mcc_field,False,Misc Retail,Retail Other,Private Limited,Jaipur,Rajasthan,False,2025-09-12 15:21:55,False,MASKED,5049,ACTIVE,1546.33,True,1
MCH4847,MCH4847,Dhillon-Pillay,7011,mcc_field,False,Hotels & Lodging,Hotels,Private Limited,Lucknow,Uttar Pradesh,False,2023-12-10 00:00:00,False,ACCOUNT_NUMBER,1147,ACTIVE,2178.15,False,1
MCH4848,MCH 4848,"Borra, Balakrishnan and Chad",5699,mcc_field,False,Apparel,Apparel,Partnership,Delhi,Delhi,False,2024-06-18 00:00:00,False,ACCOUNT_NUMBER,3301,ACTIVE,3072.49,False,1
MCH4856,MCH-4856,Aurora Ltd,4814,mcc_field,False,Telecom,phone service,Sole Proprietor,Jaipur,Rajasthan,False,2024-05-13 21:42:00,False,VIRTUAL_ACCOUNT,4985,INACTIVE,3394.14,False,2
MCH4857,MCH4857,Sethi-Soni,4131,mcc_field,False,Transportation,Bus/Taxi,Individual,Ludhiana,Punjab,False,2026-02-28 06:57:59,False,MISSING,,ACTIVE,278.84,False,1
MCH4858,MCH4858,Malhotra-Doctor,4814,mcc_field,False,Telecom,TELECOM,Individual,Ludhiana,Punjab,False,2024-11-20 00:00:00,False,ACCOUNT_NUMBER,2320,ACTIVE,7460.92,False,1
MCH4859,MCH4859,Vasa-Raju,5812,mcc_field,False,Restaurants,Restaurant,Sole Proprietor,Hyderabad,Telangana,False,2025-03-17 02:59:45,False,MASKED,9523,ACTIVE,214.0,False,2
MCH4863,MCH4863,Gill Plc,5812,mcc_field,False,Restaurants,Food,Individual,Hyderabad,Telangana,False,2024-07-01 00:00:00,False,ACCOUNT_NUMBER,3847,ACTIVE,552.87,False,1
MCH4864,MCH4864,Date Ltd,5411,mcc_field,False,Grocery,Grocery,Private Limited,Bengaluru,Karnataka,False,2023-12-06 01:02:00,False,MASKED,6587,ACTIVE,4042.64,False,1
MCH4867,MCH4867,"Nath, Taneja and Dey",5812,mcc_field,False,Restaurants,eating place,Partnership,Bengaluru,Karnataka,False,2024-08-05 00:00:00,False,ACCOUNT_NUMBER,5090,ACTIVE,726.56,False,2
MCH4870,mch4870,Rana Inc,4814,mcc_field,False,Telecom,TELECOM,Individual,Amritsar,Punjab,False,2024-07-12 12:35:00,False,MISSING,,SUSPENDED,1127.0,False,1
MCH4871,MCH4871,Kunda Ltd,5812,mcc_field,False,Restaurants,Food,Partnership,Lucknow,Uttar Pradesh,False,2024-09-02 06:08:34,False,MISSING,,BLOCKED,648.87,False,1
MCH4874,MCH4874,"Chanda, Bahl and Kohli",5699,mcc_field,False,Apparel,garments,Sole Proprietor,Mumbai,Maharashtra,False,2024-12-02 00:00:00,False,MISSING,,ACTIVE,709.03,False,1
MCH4875,MCH4875,"Sangha, Sodhi and Banik",5999,mcc_field,False,Misc Retail,Retail Other,Sole Proprietor,Kolkata,West Bengal,False,2023-03-12 09:59:00,False,MISSING,,INACTIVE,303.18,False,1
MCH4876,MCH4876,"Dugar, Prasad and Pal",5812,mcc_field,False,Restaurants,Food,Partnership,Chennai,Tamil Nadu,False,2023-09-09 00:00:00,False,MASKED,5946,ACTIVE,1346.64,False,1
MCH4881,4881,"Wadhwa, Morar and Kara",5912,mcc_field,False,Pharmacy,Pharmacies,Sole Proprietor,Jalandhar,Punjab,False,2023-08-26 00:00:00,False,MASKED,1836,ACTIVE,367.72,False,1
MCH4884,MCH4884,"Reddy, Wason and Magar",4131,mcc_field,False,Transportation,Transport,Private Limited,Kolkata,West Bengal,False,2023-05-16 00:00:00,False,MISSING,,CLOSED,2421.0,False,1
MCH4886,MCH 4886,Mangat-Ghose,5999,mcc_field,False,Misc Retail,Misc Retail,Sole Proprietor,Pune,Maharashtra,False,2023-03-11 00:00:00,False,ACCOUNT_NUMBER,5603,ACTIVE,551.0,False,1
MCH4888,4888,Saha-Jani,4814,mcc_field,False,Telecom,phone service,Sole Proprietor,Ludhiana,Punjab,False,2025-11-20 00:00:00,False,MISSING,,ACTIVE,308.77,False,2
MCH4889,MCH4889,Bhatti-Kapoor,5999,mcc_field,False,Misc Retail,Misc Retail,Individual,Jalandhar,Punjab,False,2025-01-26 00:00:00,False,MISSING,,ACTIVE,2464.23,False,1
MCH4893,4893,Jani-Verma,4131,mcc_field,False,Transportation,transprt,Partnership,Jalandhar,Punjab,False,2023-08-11 22:02:04,False,MISSING,,ACTIVE,1601.52,False,1
MCH4897,MCH4897,Bahl Plc,4131,mcc_field,False,Transportation,Bus/Taxi,Partnership,Amritsar,Punjab,False,2024-03-09 00:00:00,False,MISSING,,ACTIVE,6953.87,False,2
MCH4900,MCH4900,Karpe Plc,5411,mcc_field,False,Grocery,Grocery Stores,Sole Proprietor,Jalandhar,Punjab,False,2025-04-02 00:00:00,False,MISSING,,ACTIVE,2695.78,False,2
MCH4902,mch4902,"Pingle, Choudhary and Raghavan",7011,mcc_field,False,Hotels & Lodging,Hospitality,Sole Proprietor,Bengaluru,Karnataka,False,2023-03-31 00:00:00,False,MISSING,,ACTIVE,482.41,False,1
MCH4903,mch4903,Khatri Group,5311,mcc_field,False,Department Stores,DEPT_STORE,Individual,Delhi,Delhi,False,2024-07-07 00:00:00,False,MISSING,,ACTIVE,,False,1
MCH4904,MCH4904,"Vohra, Lanka and Bumb",4814,mcc_field,False,Telecom,Mobile Recharge,Partnership,Chennai,Tamil Nadu,False,2023-09-25 03:37:00,False,MASKED,8030,ACTIVE,1946.13,False,2
MCH4906,MCH 4906,Gaba LLC,5812,mcc_field,False,Restaurants,FOOD_SERVICES,Private Limited,Jaipur,Rajasthan,False,2024-01-31 00:00:00,False,MISSING,,ACTIVE,1902.8,False,1
MCH4909,mch4909,"Sharaf, Lalla and Rattan",5942,inferred_from_category,False,Books & Stationery,Books,Sole Proprietor,Kolkata,West Bengal,False,2025-02-16 20:04:00,False,ACCOUNT_NUMBER,0715,BLOCKED,650.04,False,2
MCH4911,MCH4911,"Nigam, Mahajan and Misra",5411,mcc_field,False,Grocery,GROCERY_STORE,Individual,Bengaluru,Karnataka,False,2025-06-14 00:00:00,False,MISSING,,ACTIVE,689.3,False,1
MCH4912,mch4912,Devi Group,5411,inferred_from_category,False,Grocery,Grocery,Sole Proprietor,Kolkata,West Bengal,False,2025-07-07 01:25:23,False,VIRTUAL_ACCOUNT,8006,ACTIVE,1738.86,False,1
MCH4913,MCH4913,Baral-Bhattacharyya,4131,mcc_field,False,Transportation,Transport,Individual,Amritsar,Punjab,False,2023-05-19 19:12:00,False,VIRTUAL_ACCOUNT,9874,INACTIVE,697.03,False,1
MCH4914,MCH4914,Bora Inc,5311,inferred_from_category,False,Department Stores,Department Store,Sole Proprietor,Jaipur,Rajasthan,False,2024-05-12 00:00:00,False,MISSING,,ACTIVE,4227.85,False,1
MCH4916,MCH4916,Rama-Patel,5942,mcc_field,False,Books & Stationery,BOOKS_STATIONERY,Individual,Delhi,Delhi,False,2025-06-24 22:01:00,False,MASKED,0402,ACTIVE,2293.01,True,1
MCH4917,MCH4917,"Bhat, Saha and Wable",4131,mcc_field,False,Transportation,TRAVEL,Private Limited,Jaipur,Rajasthan,False,2025-04-14 00:00:00,False,MASKED,6979,ACTIVE,6159.51,False,1
MCH4918,MCH4918,Ganesh Inc,7011,inferred_from_category,False,Hotels & Lodging,Hotel,Individual,Lucknow,Uttar Pradesh,False,2023-12-09 00:00:00,False,MASKED,3579,ACTIVE,651.04,False,1
MCH4922,MCH4922,Cheema Group,5999,mcc_field,False,Misc Retail,Misc Retail,Partnership,Hyderabad,Telangana,False,2024-03-20 00:00:00,False,MISSING,,ACTIVE,324.81,False,1
MCH4926,MCH4926,Shankar Ltd,5812,mcc_field,False,Restaurants,Restaurant,Individual,Hyderabad,Telangana,False,2024-12-28 03:14:33,False,ACCOUNT_NUMBER,9881,ACTIVE,,False,2
MCH4927,MCH-4927,Mohan Plc,5699,mcc_field,False,Apparel,Apparel,Individual,Jaipur,Rajasthan,False,2025-03-04 00:00:00,False,VIRTUAL_ACCOUNT,1287,ACTIVE,1972.99,False,1
MCH4928,MCH-4928,"Narang, Bedi and Sachar",5699,mcc_field,False,Apparel,CLOTHS,Private Limited,Jalandhar,Punjab,False,2025-09-25 00:00:00,False,MISSING,,ACTIVE,3146.1,False,1
MCH4930,MCH4930,Dasgupta-Dua,5812,inferred_from_category,False,Restaurants,Food,Partnership,Jaipur,Rajasthan,False,2025-06-25 14:06:00,False,MISSING,,ACTIVE,1023.36,True,1
MCH4932,MCH4932,Khosla and Sons,5812,mcc_field,False,Restaurants,FOOD_SERVICES,Sole Proprietor,Jalandhar,Punjab,False,2024-09-08 02:55:00,False,VIRTUAL_ACCOUNT,7785,CLOSED,340.55,False,1
MCH4934,mch4934,Shroff Inc,5912,mcc_field,False,Pharmacy,Pharmacy,Private Limited,Amritsar,Punjab,False,2025-12-08 00:00:00,False,VIRTUAL_ACCOUNT,3000,ACTIVE,1471.24,False,2
MCH4936,MCH 4936,"Bhalla, Gour and Khare",5411,mcc_field,False,Grocery,groceries,Individual,Jalandhar,Punjab,False,2025-10-14 00:00:00,False,ACCOUNT_NUMBER,7361,ACTIVE,739.83,False,2
MCH4937,MCH4937,Mand and Sons,5912,mcc_field,False,Pharmacy,chemist,Partnership,Kolkata,West Bengal,False,,False,VIRTUAL_ACCOUNT,1569,INACTIVE,2054.97,False,1
MCH4939,MCH4939,Bath-Kumer,4814,mcc_field,False,Telecom,Mobile Recharge,Partnership,Delhi,Delhi,False,2023-06-10 12:33:00,False,MASKED,8414,ACTIVE,1620.24,False,1
MCH4943,MCH4943,Sawhney-Dugar,7011,mcc_field,False,Hotels & Lodging,Hospitality,Sole Proprietor,Chennai,Tamil Nadu,False,2023-07-16 00:00:00,False,MISSING,,INACTIVE,470.52,False,1
MCH4944,MCH4944,"Pillai, Kurian and Sunder",5411,inferred_from_category,False,Grocery,kirana,Sole Proprietor,Mumbai,Maharashtra,False,2023-04-08 22:00:12,False,MASKED,3249,ACTIVE,907.45,False,1
MCH4947,MCH4947,Mohan-Sahota,4131,mcc_field,False,Transportation,Transport,Individual,Mumbai,Maharashtra,False,2025-04-22 00:00:00,False,VIRTUAL_ACCOUNT,6755,ACTIVE,1906.18,False,2
MCH4948,MCH4948,Dass-Dhaliwal,5812,mcc_field,False,Restaurants,Restaurants,Partnership,Jalandhar,Punjab,False,2024-06-25 00:00:00,False,MASKED,1800,ACTIVE,1356.31,True,1
MCH4951,MCH4951,"Natt, Dyal and Gill",5411,mcc_field,False,Grocery,GROCERY_STORE,Private Limited,Pune,Maharashtra,False,2026-01-02 00:00:00,False,MISSING,,ACTIVE,430.18,False,3
MCH4952,MCH-4952,"Anne,choudhryand Bhattacharyya",5812,mcc_field,False,Restaurants,Restaurants,Individual,Delhi,Delhi,False,,False,VIRTUAL_ACCOUNT,6192,ACTIVE,4302.0,False,1
MCH4956,MCH4956,Kant-Setty,5411,mcc_field,False,Grocery,Grocery,Sole Proprietor,Jaipur,Rajasthan,False,2025-01-22 00:00:00,False,VIRTUAL_ACCOUNT,5999,ACTIVE,6450.59,False,1
MCH4957,MCH4957,Natt Ltd,5699,mcc_field,False,Apparel,Apparel,Individual,Lucknow,Uttar Pradesh,False,,False,ACCOUNT_NUMBER,6924,ACTIVE,1324.11,False,1
MCH4958,MCH 4958,Dara Inc,4814,mcc_field,False,Telecom,phone service,Partnership,Pune,Maharashtra,False,2025-03-30 00:00:00,False,MASKED,0462,ACTIVE,,False,2
MCH4962,mch4962,Venkataraman-Mannan,5942,mcc_field,False,Books & Stationery,Books,Private Limited,Chennai,Tamil Nadu,False,2025-07-15 06:02:14,False,ACCOUNT_NUMBER,6790,ACTIVE,266.61,False,1
MCH4963,MCH 4963,Atwal Ltd,5912,mcc_field,False,Pharmacy,Pharmacy,Sole Proprietor,Hyderabad,Telangana,False,2024-09-17 15:34:47,False,MISSING,,ACTIVE,,False,1
MCH4964,MCH4964,Sarkar-Goda,5311,mcc_field,False,Department Stores,DEPT_STORE,Private Limited,Pune,Maharashtra,False,2025-07-14 00:00:00,False,MISSING,,SUSPENDED,1517.0,False,2
MCH4965,MCH4965,"Shukla, Brahmbhatt and Natarajan",5699,mcc_field,False,Apparel,CLOTHS,Individual,Pune,Maharashtra,False,2024-11-20 08:09:00,False,ACCOUNT_NUMBER,4144,ACTIVE,168.46,False,1
MCH4967,MCH4967,Mallick Plc,4131,mcc_field,False,Transportation,Transport,Partnership,Amritsar,Punjab,False,2025-08-22 00:00:00,False,MASKED,4798,ACTIVE,3082.77,True,1
MCH4968,MCH4968,Choudhry Inc,4814,mcc_field,False,Telecom,Mobile Recharge,Partnership,Jaipur,Rajasthan,False,,False,ACCOUNT_NUMBER,2286,ACTIVE,1122.44,False,1
MCH4969,MCH 4969,"Bobal, Garde and Upadhyay",4814,mcc_field,False,Telecom,Mobile Recharge,Sole Proprietor,Chennai,Tamil Nadu,False,2023-11-01 00:00:00,False,MASKED,2131,ACTIVE,817.93,False,1
MCH4971,MCH4971,"Gopal, Jayaraman and Narayan",5942,mcc_field,False,Books & Stationery,Book Store,Individual,Lucknow,Uttar Pradesh,False,2024-11-20 07:33:00,False,MISSING,,ACTIVE,650.74,False,1
MCH4972,MCH4972,Seshadri-Dalal,5311,mcc_field,False,Department Stores,Department Stores,Partnership,Pune,Maharashtra,False,2025-10-03 00:00:00,False,ACCOUNT_NUMBER,4405,ACTIVE,1064.98,True,2
MCH4973,MCH4973,Vala-Raval,7011,mcc_field,False,Hotels & Lodging,Hotel,Private Limited,Chennai,Tamil Nadu,False,2024-05-04 00:00:00,False,MASKED,2841,ACTIVE,859.46,False,1
MCH4974,MCH4974,Krishna Plc,5699,mcc_field,False,Apparel,Fashion,Individual,Kolkata,West Bengal,False,2023-04-18 00:00:00,False,ACCOUNT_NUMBER,3048,SUSPENDED,1458.56,False,1
MCH4975,MCH4975,"Nagy, Kuruvilla and Saxena",7011,mcc_field,False,Hotels & Lodging,HOTEL_LODGING,Sole Proprietor,Delhi,Delhi,False,2025-05-25 00:00:00,False,MISSING,,ACTIVE,621.98,False,2
MCH4976,MCH4976,Walla and Sons,5942,mcc_field,False,Books & Stationery,BOOKS_STATIONERY,Sole Proprietor,Bengaluru,Karnataka,False,2025-10-21 00:00:00,False,VIRTUAL_ACCOUNT,4037,ACTIVE,929.0,False,1
MCH4977,mch4977,Arora-Nayak,5999,mcc_field,False,Misc Retail,Other,Individual,Ludhiana,Punjab,False,2025-03-05 00:00:00,False,MISSING,,ACTIVE,1505.38,False,1
MCH4980,MCH4980,Batra LLC,5411,mcc_field,False,Grocery,kirana,Individual,Pune,Maharashtra,False,,False,MASKED,6176,ACTIVE,2806.42,False,2
MCH4982,MCH4982,Upadhyay-Thaker,5699,mcc_field,False,Apparel,Apparel,Private Limited,Pune,Maharashtra,False,2023-10-04 00:00:00,False,MASKED,3001,ACTIVE,,False,1
MCH4983,MCH 4983,"Magar, Ratta and Choudhary",5411,mcc_field,False,Grocery,Grocery,Partnership,Ludhiana,Punjab,False,2023-07-05 00:00:00,False,VIRTUAL_ACCOUNT,3196,ACTIVE,617.98,False,1
MCH4984,MCH4984,"Aurora, Mohan and Jain",4814,mcc_field,False,Telecom,Mobile Recharge,Sole Proprietor,Jaipur,Rajasthan,False,2024-07-02 00:00:00,False,VIRTUAL_ACCOUNT,1643,ACTIVE,1500.11,True,2
MCH4985,MCH4985,Hayre and Sons,5942,mcc_field,False,Books & Stationery,Books,Partnership,Lucknow,Uttar Pradesh,False,2023-08-01 00:00:00,False,VIRTUAL_ACCOUNT,2866,ACTIVE,1981.89,False,1
MCH4989,MCH4989,Khanna and Sons,7011,mcc_field,False,Hotels & Lodging,HOTEL_LODGING,Private Limited,Ludhiana,Punjab,False,2025-09-25 00:00:00,False,MISSING,,ACTIVE,1981.95,False,2
MCH4990,MCH4990,"Ramakrishnan, Dey and Thakkar",5411,mcc_field,False,Grocery,GROCERY_STORE,Private Limited,Mumbai,Maharashtra,False,,False,VIRTUAL_ACCOUNT,0125,ACTIVE,,False,1
MCH4992,MCH4992,Viswanathan-Pandey,7011,mcc_field,False,Hotels & Lodging,HOTEL_LODGING,Individual,Jalandhar,Punjab,False,2024-02-19 00:00:00,False,MISSING,,SUSPENDED,918.79,False,1
MCH4994,MCH 4994,"Uppal, Bawa and Gera",5812,mcc_field,False,Restaurants,eating place,Sole Proprietor,Delhi,Delhi,False,2023-04-21 00:00:00,False,MISSING,,ACTIVE,1710.0,False,1
MCH4998,MCH 4998,"Sura, Kanda and Chopra",5411,mcc_field,False,Grocery,Grocery Stores,Partnership,Pune,Maharashtra,False,2023-12-11 21:39:11,False,ACCOUNT_NUMBER,2673,INACTIVE,2782.68,True,1
MCH5000,mch5000,Lad Group,5999,mcc_field,False,Misc Retail,Miscellaneous,Private Limited,Kolkata,West Bengal,False,2025-01-05 17:26:50,False,MISSING,,ACTIVE,341.11,True,1
MCH5001,MCH5001,Narayan LLC,5812,mcc_field,False,Restaurants,eating place,Partnership,Pune,Maharashtra,False,2023-06-17 00:00:00,False,VIRTUAL_ACCOUNT,7770,ACTIVE,1893.51,False,2
MCH5009,MCH5009,Arora-Wagle,5699,mcc_field,False,Apparel,garments,Individual,Hyderabad,Telangana,False,2024-11-06 16:41:40,False,MASKED,1307,INACTIVE,1125.91,False,1
MCH5015,MCH 5015,"Pall, Mand and Balakrishnan",5812,mcc_field,False,Restaurants,eating place,Sole Proprietor,Lucknow,Uttar Pradesh,False,2024-12-23 20:34:32,False,ACCOUNT_NUMBER,9053,ACTIVE,2215.59,False,1
MCH5017,MCH5017,"Datta, Sinha and Patla",7011,mcc_field,False,Hotels & Lodging,Hospitality,Sole Proprietor,Kolkata,West Bengal,False,2024-11-25 00:00:00,False,ACCOUNT_NUMBER,6642,ACTIVE,617.0,False,1
MCH5019,MCH5019,"Sahota, Rama and Rama",5912,mcc_field,False,Pharmacy,Pharmacy,Partnership,Lucknow,Uttar Pradesh,False,2025-07-27 00:00:00,False,MASKED,3502,ACTIVE,955.0,False,4
MCH5020,mch5020,Sarna-Sarraf,5411,mcc_field,False,Grocery,Grocery,Individual,Lucknow,Uttar Pradesh,False,2023-02-27 19:58:28,False,MISSING,,ACTIVE,3351.89,False,1
MCH5021,5021,"Badami, Chatterjee and Handa",4814,mcc_field,False,Telecom,Mobile Recharge,Sole Proprietor,Hyderabad,Telangana,False,2024-08-22 22:52:16,False,MISSING,,ACTIVE,443.63,False,2
MCH5023,MCH5023,Chatterjee-Kalla,5912,mcc_field,False,Pharmacy,Pharmacies,Partnership,Mumbai,Maharashtra,False,2024-12-31 00:00:00,False,MASKED,9987,ACTIVE,5484.78,True,3
MCH5027,MCH5027,Mukhopadhyay-Brar,5999,mcc_field,False,Misc Retail,Retail Other,Partnership,Ludhiana,Punjab,False,2023-10-17 00:00:00,False,VIRTUAL_ACCOUNT,5495,ACTIVE,3103.67,False,1
MCH5028,MCH 5028,"Chhabra, Deo and Chakrabarti",7011,mcc_field,False,Hotels & Lodging,Hotels,Partnership,Ludhiana,Punjab,False,2024-03-14 00:00:00,False,VIRTUAL_ACCOUNT,3830,CLOSED,716.94,False,1
MCH5036,MCH5036,Dutt-Nagy,5812,mcc_field,False,Restaurants,Restaurants,Individual,Delhi,Delhi,False,2023-03-15 00:48:00,False,MISSING,,ACTIVE,1947.0,False,2
MCH5037,MCH5037,Chadha LLC,5311,mcc_field,False,Department Stores,DEPT_STORE,Private Limited,Jaipur,Rajasthan,False,2025-05-03 00:00:00,False,ACCOUNT_NUMBER,9834,ACTIVE,5536.23,True,2
MCH5038,mch5038,"Din, Som and Bahl",5912,inferred_from_category,False,Pharmacy,Pharmacies,Partnership,Lucknow,Uttar Pradesh,False,2024-10-20 00:00:00,False,VIRTUAL_ACCOUNT,6471,ACTIVE,1056.12,False,1
MCH5040,MCH5040,Nayar-Khatri,4814,mcc_field,False,Telecom,TELECOM,Individual,Pune,Maharashtra,False,2025-04-30 04:40:00,False,MISSING,,ACTIVE,1055.33,False,4
MCH5042,MCH5042,Narasimhan Ltd,7011,mcc_field,False,Hotels & Lodging,Hospitality,Private Limited,Pune,Maharashtra,False,2025-11-03 00:00:00,False,MISSING,,ACTIVE,,False,2
MCH5043,mch5043,"Chakraborty, Gour and Kothari",4131,mcc_field,False,Transportation,TRAVEL,Private Limited,Kolkata,West Bengal,False,2025-03-17 00:00:00,False,VIRTUAL_ACCOUNT,3894,INACTIVE,614.63,False,1
MCH5044,mch5044,Mahajan-Narasimhan,5942,inferred_from_category,False,Books & Stationery,Book Store,Individual,Chennai,Tamil Nadu,False,2025-09-04 00:00:00,False,MISSING,,ACTIVE,1148.0,False,1
MCH5045,MCH5045,More-Doctor,5311,inferred_from_category,False,Department Stores,DEPT_STORE,Individual,Bengaluru,Karnataka,False,2025-09-15 22:04:19,False,MISSING,,SUSPENDED,145.75,False,1
MCH5050,MCH5050,Subramanian-Dua,5942,mcc_field,False,Books & Stationery,Book Store,Partnership,Pune,Maharashtra,False,2025-08-28 14:42:57,False,MISSING,,ACTIVE,1506.0,False,1
MCH5052,MCH5052,Pillay-Bora,5999,inferred_from_category,False,Misc Retail,Retail Other,Partnership,Hyderabad,Telangana,False,2024-01-04 00:00:00,False,MASKED,9697,ACTIVE,1127.0,False,1
MCH5054,MCH5054,"Kara, Mandal and Mitra",5812,mcc_field,False,Restaurants,eating place,Sole Proprietor,Kolkata,West Bengal,False,2024-01-29 00:00:00,False,MISSING,,SUSPENDED,5895.31,False,1
MCH5055,MCH5055,Aggarwal-Doctor,5912,mcc_field,False,Pharmacy,Medical,Private Limited,Hyderabad,Telangana,False,2024-07-04 02:56:33,False,MISSING,,ACTIVE,3805.08,False,1
MCH5056,MCH5056,Subramaniam Plc,5411,mcc_field,False,Grocery,GROCERY_STORE,Partnership,Bengaluru,Karnataka,False,,False,VIRTUAL_ACCOUNT,1234,BLOCKED,473.92,False,1
MCH5061,MCH5061,Natarajan Inc,5699,mcc_field,False,Apparel,CLOTHS,Sole Proprietor,Ludhiana,Punjab,False,2025-10-10 11:35:42,False,ACCOUNT_NUMBER,8560,ACTIVE,1265.19,False,1
MCH5064,mch5064,Bassi Inc,5812,mcc_field,False,Restaurants,Restaurant,Individual,Delhi,Delhi,False,2025-12-27 16:24:04,False,MISSING,,INACTIVE,1024.0,False,2
MCH5067,mch5067,Mangat-Pant,4814,mcc_field,False,Telecom,TELECOM,Individual,Pune,Maharashtra,False,2024-02-27 00:00:00,False,VIRTUAL_ACCOUNT,4091,ACTIVE,1263.65,False,1
MCH5070,MCH5070,Rau-Nagar,5999,mcc_field,False,Misc Retail,Retail Other,Private Limited,Chennai,Tamil Nadu,False,2024-12-04 11:51:13,False,MISSING,,ACTIVE,11139.0,False,2
MCH5072,MCH5072,Shroff-Sangha,5999,mcc_field,False,Misc Retail,Retail Other,Private Limited,Jaipur,Rajasthan,False,2024-12-08 00:00:00,False,MASKED,4443,ACTIVE,3955.29,False,1
MCH5077,mch5077,"Chauhan, Thakur and Chacko",5411,mcc_field,False,Grocery,groceries,Individual,Jaipur,Rajasthan,False,2023-11-12 01:16:55,False,ACCOUNT_NUMBER,2322,CLOSED,250.88,False,1
MCH5079,MCH5079,Ramaswamy-Trivedi,5311,mcc_field,False,Department Stores,DEPT_STORE,Private Limited,Bengaluru,Karnataka,False,2024-07-01 00:00:00,False,VIRTUAL_ACCOUNT,8855,SUSPENDED,549.02,False,1
MCH5080,MCH5080,"Shere, Jha and Sarma",5912,mcc_field,False,Pharmacy,Medical,Sole Proprietor,Kolkata,West Bengal,False,2025-02-22 20:56:00,False,MISSING,,ACTIVE,2711.51,False,1
MCH5081,MCH5081,Grewal-Dutt,5942,mcc_field,False,Books & Stationery,Stationery,Partnership,Jaipur,Rajasthan,False,2024-09-22 00:00:00,False,MISSING,,ACTIVE,624.18,False,2
MCH5084,MCH5084,Doshi LLC,5942,mcc_field,False,Books & Stationery,BOOKS_STATIONERY,Individual,Jalandhar,Punjab,False,2025-06-11 20:48:00,False,ACCOUNT_NUMBER,5531,ACTIVE,182.0,False,1
MCH5086,MCH 5086,Balan LLC,5999,mcc_field,False,Misc Retail,Other,Private Limited,Amritsar,Punjab,False,2023-12-19 00:00:00,False,MASKED,8174,ACTIVE,575.58,False,1
MCH5089,MCH5089,Korpal-Parmer,5311,mcc_field,False,Department Stores,Retail,Private Limited,Jaipur,Rajasthan,False,2024-06-14 00:00:00,False,MISSING,,ACTIVE,3730.0,False,1
MCH5090,MCH-5090,Chacko-Dora,5411,mcc_field,False,Grocery,Grocery,Sole Proprietor,Hyderabad,Telangana,False,2023-12-27 00:00:00,False,VIRTUAL_ACCOUNT,6958,ACTIVE,658.73,True,1
MCH5091,mch5091,Rau-Ratta,5812,mcc_field,False,Restaurants,eating place,Partnership,Kolkata,West Bengal,False,2024-03-24 00:00:00,False,VIRTUAL_ACCOUNT,9965,ACTIVE,755.0,False,1
MCH5092,MCH5092,Dubey-Gade,4814,mcc_field,False,Telecom,Telecom,Partnership,Kolkata,West Bengal,False,2023-07-01 00:00:00,False,MISSING,,ACTIVE,730.73,False,1
MCH5093,MCH-5093,Khatri-Kata,5411,mcc_field,False,Grocery,GROCERY_STORE,Partnership,Jaipur,Rajasthan,False,2024-10-28 00:00:00,False,MISSING,,INACTIVE,1344.37,False,1
MCH5097,MCH5097,Sathe Inc,5311,mcc_field,False,Department Stores,Department Store,Sole Proprietor,Jaipur,Rajasthan,False,2023-07-05 00:00:00,False,MASKED,5532,ACTIVE,997.33,False,1
MCH5100,MCH5100,Garde-Mody,5411,inferred_from_category,False,Grocery,GROCERY_STORE,Sole Proprietor,Hyderabad,Telangana,False,2023-12-02 00:00:00,False,VIRTUAL_ACCOUNT,5352,ACTIVE,347.68,False,2
MCH5103,MCH 5103,"Morar, Kannan and Purohit",7011,mcc_field,False,Hotels & Lodging,Hotel,Individual,Lucknow,Uttar Pradesh,False,2023-11-12 00:00:00,False,ACCOUNT_NUMBER,3904,SUSPENDED,,False,1
MCH5106,MCH5106,Sagar LLC,5912,mcc_field,False,Pharmacy,chemist,Individual,Jalandhar,Punjab,False,2026-02-23 06:38:00,False,MISSING,,ACTIVE,1707.71,False,2
MCH5108,MCH5108,Bora LLC,5411,mcc_field,False,Grocery,groceries,Private Limited,Jalandhar,Punjab,False,2025-03-16 12:39:17,False,VIRTUAL_ACCOUNT,1006,ACTIVE,,False,2
MCH5110,MCH5110,"Deshpande, Verma and Shenoy",5942,mcc_field,False,Books & Stationery,Book Store,Private Limited,Pune,Maharashtra,False,2024-11-11 00:00:00,False,MISSING,,INACTIVE,555.9,True,3
MCH5111,MCH 5111,Ramachandran Group,5311,inferred_from_category,False,Department Stores,Department Stores,Private Limited,Ludhiana,Punjab,False,2026-01-05 10:29:00,False,ACCOUNT_NUMBER,2667,ACTIVE,541.94,False,1
MCH5112,MCH5112,Agarwal Ltd,5311,mcc_field,False,Department Stores,Retail,Private Limited,Chennai,Tamil Nadu,False,2026-02-18 00:00:00,False,MISSING,,ACTIVE,782.67,False,3
MCH5113,MCH5113,Mani-Buch,5699,mcc_field,False,Apparel,CLOTHS,Partnership,Pune,Maharashtra,False,2025-04-11 22:11:00,False,MASKED,7200,ACTIVE,2132.66,False,1
MCH5114,MCH-5114,Sarraf-Iyengar,5912,mcc_field,False,Pharmacy,chemist,Individual,Delhi,Delhi,False,2025-02-26 09:24:05,False,VIRTUAL_ACCOUNT,9872,ACTIVE,452.11,False,3
MCH5117,MCH5117,Bava-Sani,5311,mcc_field,False,Department Stores,Department Store,Private Limited,Amritsar,Punjab,False,2023-05-07 15:56:29,False,VIRTUAL_ACCOUNT,2205,ACTIVE,557.72,False,2
MCH5119,5119,Raghavan-Shere,5812,mcc_field,False,Restaurants,Food,Sole Proprietor,Chennai,Tamil Nadu,False,2025-09-14 00:00:00,False,MISSING,,ACTIVE,1149.0,False,1
MCH5121,MCH5121,Ramakrishnan Inc,4131,mcc_field,False,Transportation,transprt,Sole Proprietor,Ludhiana,Punjab,False,2023-11-27 00:00:00,False,MISSING,,ACTIVE,3794.33,False,2
MCH5122,MCH5122,Kota-Roy,5699,mcc_field,False,Apparel,CLOTHS,Individual,Delhi,Delhi,False,2025-08-20 00:00:00,False,MASKED,7270,ACTIVE,390.64,False,3
MCH5125,mch5125,Dave and Sons,5812,mcc_field,False,Restaurants,FOOD_SERVICES,Private Limited,Ludhiana,Punjab,False,2025-06-15 00:00:00,False,MASKED,1925,ACTIVE,838.15,False,1
MCH5127,MCH5127,Sankar Group,7011,mcc_field,False,Hotels & Lodging,Hospitality,Partnership,Delhi,Delhi,False,2024-09-06 00:00:00,False,ACCOUNT_NUMBER,3399,ACTIVE,2034.47,False,2
MCH5129,MCH 5129,"Kant, Chaudhari and Sarna",4131,mcc_field,False,Transportation,Transport,Sole Proprietor,Chennai,Tamil Nadu,False,2025-07-19 00:00:00,False,VIRTUAL_ACCOUNT,3366,ACTIVE,4873.16,False,2
MCH5133,MCH5133,Sawhney Group,5411,inferred_from_category,False,Grocery,GROCERY_STORE,Individual,Hyderabad,Telangana,False,2024-12-10 00:00:00,False,ACCOUNT_NUMBER,4769,ACTIVE,1388.77,False,1
MCH5135,MCH5135,Kapoor Ltd,5699,mcc_field,False,Apparel,Apparel,Partnership,Chennai,Tamil Nadu,False,2024-02-25 00:00:00,False,MASKED,2733,ACTIVE,1221.22,False,2
MCH5136,MCH5136,Thakur and Sons,4131,mcc_field,False,Transportation,Bus/Taxi,Sole Proprietor,Jaipur,Rajasthan,False,2025-02-10 00:00:00,False,ACCOUNT_NUMBER,8688,BLOCKED,2681.3,False,1
MCH5137,MCH5137,Bath-Keer,4814,mcc_field,False,Telecom,Telecom,Private Limited,Bengaluru,Karnataka,False,2024-06-11 00:00:00,False,MASKED,5840,SUSPENDED,634.0,False,2
MCH5141,MCH5141,Sinha Ltd,5699,inferred_from_category,False,Apparel,Apparel,Sole Proprietor,Jaipur,Rajasthan,False,2025-07-27 00:03:05,False,MASKED,0376,CLOSED,764.85,False,2
MCH5144,MCH5144,Johal Ltd,7011,mcc_field,False,Hotels & Lodging,HOTEL_LODGING,Sole Proprietor,Jalandhar,Punjab,False,2024-02-01 16:44:47,False,MASKED,0257,INACTIVE,490.7,False,1
MCH5146,MCH 5146,Wadhwa-Swamy,5311,mcc_field,False,Department Stores,Department Stores,Partnership,Jalandhar,Punjab,False,2023-11-05 00:00:00,False,MISSING,,ACTIVE,,False,1
MCH5147,5147,"Rao, Mahal and Wable",5999,mcc_field,False,Misc Retail,Other,Private Limited,Jalandhar,Punjab,False,2024-09-16 08:12:00,False,ACCOUNT_NUMBER,5830,ACTIVE,687.0,False,1
MCH5148,MCH5148,"Bose, Ranganathan and Bose",5411,mcc_field,False,Grocery,kirana,Individual,Amritsar,Punjab,False,2024-10-20 00:00:00,False,MISSING,,ACTIVE,,False,1
MCH5151,MCH5151,Sachar-Lad,4131,mcc_field,False,Transportation,TRAVEL,Partnership,Mumbai,Maharashtra,False,2025-04-09 22:00:45,False,ACCOUNT_NUMBER,4508,ACTIVE,703.87,False,1
MCH5154,MCH 5154,Dhingra-Sunder,5999,mcc_field,False,Misc Retail,Misc Retail,Sole Proprietor,Pune,Maharashtra,False,2025-06-14 00:00:00,False,ACCOUNT_NUMBER,1874,ACTIVE,2001.0,False,3
MCH5156,MCH5156,"Bumb, Buch and Rout",7011,mcc_field,False,Hotels & Lodging,HOTEL_LODGING,Private Limited,Mumbai,Maharashtra,False,2025-10-11 21:13:00,False,MISSING,,ACTIVE,1483.33,False,1
MCH5159,mch5159,"Boase, Nadkarni and Kala",4131,mcc_field,False,Transportation,Bus/Taxi,Private Limited,Jaipur,Rajasthan,False,2025-05-18 00:00:00,False,VIRTUAL_ACCOUNT,0137,ACTIVE,214.1,False,1
MCH5160,MCH5160,Subramanian Inc,7011,mcc_field,False,Hotels & Lodging,Hotel,Partnership,Amritsar,Punjab,False,2025-11-17 00:00:00,False,MISSING,,ACTIVE,1435.76,False,1
MCH5162,MCH5162,Srinivas-Sule,5311,mcc_field,False,Department Stores,Retail,Individual,Jaipur,Rajasthan,False,2025-02-20 00:00:00,False,ACCOUNT_NUMBER,6904,ACTIVE,1145.33,False,1
MCH5163,MCH5163,"Pandit, Lad and Vora",4814,mcc_field,False,Telecom,Mobile Recharge,Individual,Kolkata,West Bengal,False,2023-05-31 00:00:00,False,MASKED,7995,ACTIVE,1014.92,False,1
MCH5164,MCH 5164,"Yohannan,sahniand Basak",5311,inferred_from_category,False,Department Stores,Department Store,Individual,Mumbai,Maharashtra,False,2023-09-01 00:00:00,False,ACCOUNT_NUMBER,7659,INACTIVE,830.61,False,1
MCH5166,MCH5166,Rastogi Ltd,5411,inferred_from_category,False,Grocery,Grocery,Individual,Hyderabad,Telangana,False,2025-11-10 00:00:00,False,MASKED,4606,ACTIVE,1432.96,False,2
MCH5167,5167,Bose and Sons,5942,mcc_field,False,Books & Stationery,Book Store,Private Limited,Jalandhar,Punjab,False,2025-08-20 17:50:00,False,MISSING,,INACTIVE,1269.25,False,1
MCH5169,MCH5169,Kurian-Narayan,5942,mcc_field,False,Books & Stationery,Stationery,Individual,Jalandhar,Punjab,False,2024-06-01 00:00:00,False,ACCOUNT_NUMBER,5737,ACTIVE,1621.49,False,1
MCH5171,MCH5171,"Pandya, Bawa and Kibe",4131,mcc_field,False,Transportation,Transportation,Partnership,Jaipur,Rajasthan,False,2024-11-18 00:00:00,False,MASKED,5385,ACTIVE,1895.53,False,1
MCH5176,MCH5176,"Samra,sampathand Chaudhuri",4131,mcc_field,False,Transportation,TRAVEL,Individual,Jalandhar,Punjab,False,2025-03-18 00:00:00,False,MISSING,,ACTIVE,905.0,False,1
MCH5180,MCH5180,Varkey Inc,5699,mcc_field,False,Apparel,Fashion,Individual,Lucknow,Uttar Pradesh,False,2025-09-26 08:36:21,False,MASKED,1928,ACTIVE,1047.37,False,2
MCH5182,5182,"Kadakia, Raman and Badal",4131,mcc_field,False,Transportation,Transport,Sole Proprietor,Amritsar,Punjab,False,2023-07-15 00:00:00,False,ACCOUNT_NUMBER,8487,INACTIVE,932.0,False,1
MCH5183,MCH5183,Chandra LLC,5942,mcc_field,False,Books & Stationery,Stationery,Individual,Jaipur,Rajasthan,False,2023-10-16 12:28:48,False,MISSING,,ACTIVE,578.29,False,1
MCH5186,5186,Dey-Bansal,5912,mcc_field,False,Pharmacy,MEDICAL_STORE,Sole Proprietor,Chennai,Tamil Nadu,False,2025-09-21 00:00:00,False,MISSING,,ACTIVE,365.0,False,3
MCH5188,MCH5188,"Dube, Nair and Datta",4131,mcc_field,False,Transportation,Bus/Taxi,Individual,Jalandhar,Punjab,False,2023-03-22 00:00:00,False,ACCOUNT_NUMBER,1081,ACTIVE,2008.92,False,1
MCH5190,MCH5190,Karpe Inc,5942,mcc_field,False,Books & Stationery,BOOKS_STATIONERY,Sole Proprietor,Delhi,Delhi,False,2024-06-07 13:34:28,False,VIRTUAL_ACCOUNT,7271,ACTIVE,2042.93,False,2
MCH5193,MCH5193,Shetty Inc,5912,mcc_field,False,Pharmacy,chemist,Partnership,Amritsar,Punjab,False,2025-07-13 00:00:00,False,VIRTUAL_ACCOUNT,4609,ACTIVE,1291.02,True,1
MCH5196,MCH5196,Saini Ltd,5311,mcc_field,False,Department Stores,Retail,Private Limited,Jalandhar,Punjab,False,2025-02-23 00:00:00,False,VIRTUAL_ACCOUNT,2088,SUSPENDED,922.86,True,2
MCH5197,MCH5197,Acharya Inc,4131,mcc_field,False,Transportation,Transportation,Private Limited,Jalandhar,Punjab,False,,False,MASKED,5691,ACTIVE,699.94,False,1
MCH5200,MCH5200,Saha Plc,4131,mcc_field,False,Transportation,Bus/Taxi,Private Limited,Ludhiana,Punjab,False,2025-10-11 08:57:00,False,MISSING,,ACTIVE,913.24,False,1
MCH5203,MCH5203,"Goel, Mishra and Ram",4814,mcc_field,False,Telecom,Telecom,Sole Proprietor,Bengaluru,Karnataka,False,2023-04-28 00:00:00,False,MISSING,,ACTIVE,3326.82,False,1
MCH5204,MCH-5204,Sibal-Kanda,5942,inferred_from_category,False,Books & Stationery,BOOKS_STATIONERY,Private Limited,Ludhiana,Punjab,False,2025-06-20 00:00:00,False,ACCOUNT_NUMBER,2713,ACTIVE,692.13,True,2
MCH5205,MCH5205,"Yogi, Minhas and Goda",5311,mcc_field,False,Department Stores,Department Store,Partnership,Ludhiana,Punjab,False,2025-06-01 00:00:00,False,MISSING,,INACTIVE,455.0,False,1
MCH5208,MCH5208,Mann Inc,5411,mcc_field,False,Grocery,groceries,Private Limited,Hyderabad,Telangana,False,2023-04-10 08:46:00,False,MISSING,,SUSPENDED,1269.59,False,1
MCH5210,5210,"Gill, Acharya and Naidu",5912,mcc_field,False,Pharmacy,chemist,Partnership,Amritsar,Punjab,False,2024-12-10 00:00:00,False,ACCOUNT_NUMBER,6704,SUSPENDED,1319.3,False,3
MCH5213,MCH5213,Keer-Yadav,7011,mcc_field,False,Hotels & Lodging,HOTEL_LODGING,Private Limited,Jalandhar,Punjab,False,2023-09-04 17:38:00,False,VIRTUAL_ACCOUNT,4524,ACTIVE,2157.19,False,1
MCH5215,MCH5215,Tank-Golla,5999,mcc_field,False,Misc Retail,Misc Retail,Individual,Hyderabad,Telangana,False,2024-06-08 02:20:00,False,MASKED,4115,ACTIVE,1953.0,False,1
MCH5217,MCH5217,"Kapur, Sabharwal and Chaudhuri",5311,mcc_field,False,Department Stores,Retail,Sole Proprietor,Lucknow,Uttar Pradesh,False,2023-03-07 21:02:17,False,VIRTUAL_ACCOUNT,1883,INACTIVE,499.03,False,2
MCH5219,MCH5219,"Prakash, Amble and Mukhopadhyay",7011,mcc_field,False,Hotels & Lodging,Hospitality,Sole Proprietor,Jaipur,Rajasthan,False,2024-06-21 13:59:32,False,MISSING,,ACTIVE,2597.41,True,2
MCH5222,MCH5222,"Char, Warrior and Cherian",5699,mcc_field,False,Apparel,Apparel,Partnership,Chennai,Tamil Nadu,False,2024-03-19 18:57:00,False,MASKED,0689,INACTIVE,352.83,False,1
MCH5223,MCH5223,"Dua, Raj and Aurora",5812,mcc_field,False,Restaurants,Food,Private Limited,Ludhiana,Punjab,False,2024-08-06 00:00:00,False,MASKED,3071,ACTIVE,986.86,False,1
MCH5224,MCH5224,Prabhakar-Baral,5999,mcc_field,False,Misc Retail,Miscellaneous,Sole Proprietor,Delhi,Delhi,False,2024-02-06 19:20:00,False,VIRTUAL_ACCOUNT,2955,ACTIVE,873.18,False,1
MCH5225,MCH5225,"Bera, Guha and Narayan",5942,mcc_field,False,Books & Stationery,Book Store,Individual,Hyderabad,Telangana,False,2025-08-16 05:25:00,False,VIRTUAL_ACCOUNT,2909,ACTIVE,,False,1
MCH5226,MCH5226,Tiwari-Pau,5999,mcc_field,False,Misc Retail,Other,Individual,Lucknow,Uttar Pradesh,False,2023-12-24 02:18:00,False,ACCOUNT_NUMBER,3947,ACTIVE,271.33,False,1
MCH5227,MCH5227,Gala Plc,7011,mcc_field,False,Hotels & Lodging,Hotel,Partnership,Kolkata,West Bengal,False,2026-01-21 00:00:00,False,MISSING,,ACTIVE,,False,2
MCH5230,MCH 5230,Bajaj Ltd,4131,inferred_from_category,False,Transportation,Transportation,Partnership,Delhi,Delhi,False,2024-02-01 00:00:00,False,ACCOUNT_NUMBER,9592,ACTIVE,3959.52,False,1
MCH5231,MCH5231,Varghese-Rattan,5411,inferred_from_category,False,Grocery,Grocery,Partnership,Delhi,Delhi,False,2026-02-05 00:00:00,False,MISSING,,ACTIVE,692.04,False,2
MCH5233,MCH5233,Raghavan-Mall,4814,mcc_field,False,Telecom,Mobile Recharge,Partnership,Bengaluru,Karnataka,False,2026-02-11 05:56:00,False,MISSING,,ACTIVE,3087.5,False,1
MCH5235,MCH 5235,Palla Inc,5942,mcc_field,False,Books & Stationery,Book Store,Partnership,Bengaluru,Karnataka,False,2024-10-27 00:00:00,False,MISSING,,ACTIVE,3807.5,False,2
MCH5236,MCH5236,"More, Luthra and Deol",5999,mcc_field,False,Misc Retail,Retail Other,Partnership,Amritsar,Punjab,False,2023-02-11 00:00:00,False,MISSING,,ACTIVE,1110.58,False,2
MCH5237,MCH 5237,"Dave, Sani and Swaminathan",5912,inferred_from_category,False,Pharmacy,Pharmacy,Partnership,Delhi,Delhi,False,2026-02-09 00:00:00,False,ACCOUNT_NUMBER,2105,SUSPENDED,1955.24,False,2
MCH5239,MCH5239,Saha Inc,5999,mcc_field,False,Misc Retail,Retail Other,Individual,Lucknow,Uttar Pradesh,False,2025-09-29 00:00:00,False,MISSING,,ACTIVE,6907.0,False,1
MCH5242,MCH5242,Mishra-Dua,5311,mcc_field,False,Department Stores,Department Store,Individual,Mumbai,Maharashtra,False,2024-06-08 00:00:00,False,MASKED,0138,ACTIVE,3063.29,True,1
MCH5245,MCH5245,"Bhatt, Kakar and Boase",5311,mcc_field,False,Department Stores,Retail,Individual,Jalandhar,Punjab,False,2025-06-27 04:58:08,False,ACCOUNT_NUMBER,0614,ACTIVE,2923.74,False,2
MCH5247,MCH5247,Nagi Ltd,4814,mcc_field,False,Telecom,Telecom,Partnership,Amritsar,Punjab,False,2025-06-06 00:00:00,False,MISSING,,SUSPENDED,632.92,False,1
MCH5249,MCH5249,Tak Inc,7011,mcc_field,False,Hotels & Lodging,HOTEL_LODGING,Private Limited,Lucknow,Uttar Pradesh,False,2025-03-10 00:00:00,False,MISSING,,ACTIVE,1525.16,True,1
MCH5250,MCH5250,Virk-Nadkarni,5999,mcc_field,False,Misc Retail,Retail Other,Partnership,Pune,Maharashtra,False,2023-07-16 00:00:00,False,MISSING,,SUSPENDED,759.43,False,1
MCH5251,MCH5251,Sehgal-Yadav,5411,mcc_field,False,Grocery,groceries,Sole Proprietor,Bengaluru,Karnataka,False,2024-11-18 00:00:00,False,VIRTUAL_ACCOUNT,6352,ACTIVE,625.43,False,2
MCH5253,MCH 5253,Balakrishnan Plc,5912,mcc_field,False,Pharmacy,chemist,Sole Proprietor,Mumbai,Maharashtra,False,2025-07-23 10:23:07,False,ACCOUNT_NUMBER,7363,ACTIVE,,False,1
MCH5256,MCH5256,Ghosh LLC,4131,mcc_field,False,Transportation,Transport,Individual,Chennai,Tamil Nadu,False,,False,VIRTUAL_ACCOUNT,8041,ACTIVE,429.35,False,1
MCH5257,MCH5257,Kara-Sibal,4814,mcc_field,False,Telecom,TELECOM,Individual,Bengaluru,Karnataka,False,,False,VIRTUAL_ACCOUNT,0485,ACTIVE,1601.92,False,1
MCH5258,MCH5258,Kibe-Ramanathan,5942,inferred_from_category,False,Books & Stationery,Book Store,Partnership,Delhi,Delhi,False,2024-08-15 00:00:00,False,VIRTUAL_ACCOUNT,0427,ACTIVE,3143.33,False,1
MCH5260,MCH5260,"Memon, Ben and Sant",5912,mcc_field,False,Pharmacy,Medical,Sole Proprietor,Jalandhar,Punjab,False,2024-07-25 00:00:00,False,MASKED,7324,ACTIVE,1467.0,False,1
MCH5261,MCH5261,Mody Group,5942,mcc_field,False,Books & Stationery,Book Store,Individual,Jaipur,Rajasthan,False,2025-12-11 00:00:00,False,MISSING,,ACTIVE,345.16,False,1
MCH5263,MCH5263,"Narang, Kata and Pillai",5311,mcc_field,False,Department Stores,Department Stores,Private Limited,Ludhiana,Punjab,False,2024-12-08 00:00:00,False,MISSING,,ACTIVE,,False,1
MCH5265,MCH5265,Natt-Munshi,5411,mcc_field,False,Grocery,Grocery Stores,Private Limited,Pune,Maharashtra,False,2024-07-22 00:00:00,False,ACCOUNT_NUMBER,7107,ACTIVE,2606.12,False,2
MCH5267,5267,"Chandra, Som and Grewal",4131,mcc_field,False,Transportation,Transportation,Individual,Hyderabad,Telangana,False,2025-11-30 22:52:00,False,ACCOUNT_NUMBER,3766,ACTIVE,999.83,False,1
MCH5268,MCH 5268,Nagy-Ravel,5999,mcc_field,False,Misc Retail,Misc Retail,Sole Proprietor,Kolkata,West Bengal,False,2025-10-23 00:00:00,False,VIRTUAL_ACCOUNT,0034,BLOCKED,4125.6,False,1
MCH5269,MCH5269,"Lala, Raval and Sahni",5942,mcc_field,False,Books & Stationery,BOOKS_STATIONERY,Partnership,Jalandhar,Punjab,False,2024-10-21 00:00:00,False,ACCOUNT_NUMBER,4466,ACTIVE,873.0,False,2
MCH5270,MCH5270,"Kannan, Goda and Kade",7011,mcc_field,False,Hotels & Lodging,HOTEL_LODGING,Individual,Lucknow,Uttar Pradesh,False,2023-10-13 12:44:32,False,MISSING,,INACTIVE,469.0,False,1
MCH5271,MCH5271,Choudhary-Chaudhry,5812,mcc_field,False,Restaurants,FOOD_SERVICES,Partnership,Ludhiana,Punjab,False,2025-11-30 00:00:00,False,ACCOUNT_NUMBER,5412,ACTIVE,605.6,True,1
MCH5274,MCH5274,Thakur and Sons,4814,mcc_field,False,Telecom,Telecom,Sole Proprietor,Chennai,Tamil Nadu,False,2025-04-21 09:59:18,False,MISSING,,ACTIVE,983.36,False,2
MCH5277,MCH5277,Kannan-Deshmukh,5942,mcc_field,False,Books & Stationery,Book Store,Private Limited,Lucknow,Uttar Pradesh,False,2025-09-26 09:01:09,False,MISSING,,INACTIVE,4638.51,False,1
MCH5278,MCH5278,"Sarraf, Peri and Ratti",5999,mcc_field,False,Misc Retail,Misc Retail,Private Limited,Kolkata,West Bengal,False,2025-04-27 00:00:00,False,MISSING,,ACTIVE,1446.64,False,1
MCH5280,mch5280,Mani-Chada,4131,mcc_field,False,Transportation,Bus/Taxi,Sole Proprietor,Chennai,Tamil Nadu,False,2025-03-18 00:00:00,False,MASKED,6717,ACTIVE,1112.24,False,1
MCH5281,MCH5281,Rajagopalan Ltd,7011,mcc_field,False,Hotels & Lodging,Hotels,Sole Proprietor,Bengaluru,Karnataka,False,2024-02-04 00:00:00,False,MISSING,,ACTIVE,939.26,False,2
MCH5283,MCH5283,"Verma, Narasimhan and Balan",5912,inferred_from_category,False,Pharmacy,Pharmacies,Individual,Delhi,Delhi,False,2026-02-05 00:00:00,False,MISSING,,INACTIVE,1266.0,False,3
MCH5285,MCH5285,"Yadav, Dhawan and Bahri",5311,mcc_field,False,Department Stores,Retail,Individual,Bengaluru,Karnataka,False,2025-08-03 00:00:00,False,MASKED,3759,ACTIVE,220.0,False,1
MCH5287,MCH5287,Dhillon Inc,5812,mcc_field,False,Restaurants,FOOD_SERVICES,Partnership,Chennai,Tamil Nadu,False,2025-05-25 09:00:23,False,ACCOUNT_NUMBER,4505,ACTIVE,,False,2
MCH5288,MCH5288,"Thaman, Muni and Om",5999,mcc_field,False,Misc Retail,miscellaneous,Sole Proprietor,Pune,Maharashtra,False,2023-07-08 00:00:00,False,ACCOUNT_NUMBER,1084,ACTIVE,1015.84,False,2
MCH5292,MCH5292,Nori-Dugal,5999,mcc_field,False,Misc Retail,Other,Sole Proprietor,Pune,Maharashtra,False,,False,VIRTUAL_ACCOUNT,2623,INACTIVE,542.0,False,2
MCH5293,MCH 5293,Varma Inc,4131,inferred_from_category,False,Transportation,Bus/Taxi,Individual,Bengaluru,Karnataka,False,2025-12-26 00:00:00,False,VIRTUAL_ACCOUNT,0737,ACTIVE,1266.49,True,3
MCH5294,MCH 5294,Bhakta Group,4814,mcc_field,False,Telecom,TELECOM,Private Limited,Jaipur,Rajasthan,False,2023-12-27 00:00:00,False,MASKED,2441,ACTIVE,765.13,False,1
MCH5295,5295,"Goda, Prashad and Narain",5912,inferred_from_category,False,Pharmacy,Medical,Individual,Lucknow,Uttar Pradesh,False,2024-10-27 00:00:00,False,MISSING,,ACTIVE,888.39,False,1
MCH5298,MCH5298,Keer and Sons,5999,mcc_field,False,Misc Retail,Miscellaneous,Partnership,Bengaluru,Karnataka,False,,False,MISSING,,INACTIVE,600.45,False,1
MCH5303,MCH5303,Walla Inc,5311,mcc_field,False,Department Stores,Department Stores,Private Limited,Chennai,Tamil Nadu,False,,False,MISSING,,ACTIVE,1019.0,False,1
MCH5305,MCH5305,Taneja Inc,7011,mcc_field,False,Hotels & Lodging,Hotels,Sole Proprietor,Chennai,Tamil Nadu,False,2024-06-01 00:00:00,False,MASKED,9718,ACTIVE,1731.48,False,1
MCH5307,MCH5307,"Balan, Varughese and Dave",5812,mcc_field,False,Restaurants,Restaurants,Partnership,Pune,Maharashtra,False,,False,VIRTUAL_ACCOUNT,6751,ACTIVE,204.07,False,1
MCH5308,MCH5308,Shukla-Trivedi,5812,inferred_from_category,False,Restaurants,Food,Individual,Jaipur,Rajasthan,False,2025-06-11 00:00:00,False,ACCOUNT_NUMBER,6511,ACTIVE,,False,1
MCH5312,MCH 5312,Choudhary Inc,5411,mcc_field,False,Grocery,Grocery,Partnership,Kolkata,West Bengal,False,2023-07-27 00:00:00,False,MISSING,,ACTIVE,1438.2,False,1
MCH5316,MCH5316,Madan Ltd,5311,mcc_field,False,Department Stores,Department Stores,Individual,Kolkata,West Bengal,False,2023-05-11 17:42:55,False,MISSING,,ACTIVE,706.61,False,3
MCH5317,mch5317,Seth Plc,7011,mcc_field,False,Hotels & Lodging,HOTEL_LODGING,Sole Proprietor,Bengaluru,Karnataka,False,2023-03-01 07:27:37,False,MISSING,,ACTIVE,2738.46,False,1
MCH5320,MCH5320,Ramaswamy-Sarma,4814,mcc_field,False,Telecom,Mobile Recharge,Sole Proprietor,Hyderabad,Telangana,False,2025-02-11 02:58:00,False,ACCOUNT_NUMBER,8178,ACTIVE,750.06,False,1
MCH5321,MCH5321,Maharaj Ltd,5912,mcc_field,False,Pharmacy,Pharmacy,Sole Proprietor,Mumbai,Maharashtra,False,2024-08-29 00:00:00,False,ACCOUNT_NUMBER,5078,INACTIVE,2746.79,True,1
MCH5322,MCH5322,Parsa LLC,5912,mcc_field,False,Pharmacy,chemist,Individual,Jalandhar,Punjab,False,2023-03-26 00:00:00,False,MASKED,3422,ACTIVE,2329.55,False,1
MCH5328,MCH5328,Dhaliwal Inc,5812,mcc_field,False,Restaurants,eating place,Private Limited,Kolkata,West Bengal,False,2025-04-19 00:00:00,False,MISSING,,ACTIVE,375.06,False,2
MCH5333,mch5333,Rajagopal-Agate,4814,mcc_field,False,Telecom,TELECOM,Sole Proprietor,Amritsar,Punjab,False,,False,MISSING,,INACTIVE,15510.71,False,1
MCH5335,5335,Shroff and Sons,5311,mcc_field,False,Department Stores,DEPT_STORE,Sole Proprietor,Chennai,Tamil Nadu,False,,False,MASKED,4486,INACTIVE,1166.0,False,2
MCH5339,MCH5339,"Vaidya, Hari and Mistry",5999,mcc_field,False,Misc Retail,Other,Individual,Delhi,Delhi,False,2024-08-07 00:00:00,False,ACCOUNT_NUMBER,9846,ACTIVE,514.42,False,1
MCH5343,MCH5343,Sangha-Pillay,5411,mcc_field,False,Grocery,kirana,Individual,Lucknow,Uttar Pradesh,False,,False,ACCOUNT_NUMBER,6257,INACTIVE,1724.67,False,1
MCH5354,MCH5354,Datta-Vala,5812,mcc_field,False,Restaurants,Restaurant,Partnership,Ludhiana,Punjab,False,2023-02-16 01:25:53,False,MASKED,9615,ACTIVE,2213.0,False,2
MCH5355,MCH5355,"Sundaram, Gara and Bajwa",5812,mcc_field,False,Restaurants,Restaurant,Sole Proprietor,Kolkata,West Bengal,False,2023-08-03 00:00:00,False,MISSING,,ACTIVE,3350.71,False,1
MCH5356,MCH 5356,Rege LLC,5411,mcc_field,False,Grocery,GROCERY_STORE,Sole Proprietor,Ludhiana,Punjab,False,2024-10-02 00:00:00,False,MISSING,,INACTIVE,917.24,False,2
MCH5360,MCH5360,Pillai and Sons,5912,mcc_field,False,Pharmacy,chemist,Individual,Lucknow,Uttar Pradesh,False,2025-05-07 04:59:14,False,MISSING,,ACTIVE,745.28,False,1
MCH5361,MCH5361,"Baria,santand Munshi",5942,mcc_field,False,Books & Stationery,Stationery,Private Limited,Delhi,Delhi,False,2025-02-01 00:00:00,False,MASKED,6510,ACTIVE,1636.11,True,1
MCH5362,MCH5362,"Kunda, Tiwari and Nagi",5912,mcc_field,False,Pharmacy,medical,Private Limited,Jaipur,Rajasthan,False,2024-08-09 20:44:38,False,MISSING,,INACTIVE,1922.99,False,3
MCH5366,MCH5366,Bali Ltd,5311,mcc_field,False,Department Stores,Department Store,Private Limited,Lucknow,Uttar Pradesh,False,2024-02-25 00:00:00,False,MASKED,6307,INACTIVE,1551.58,False,1
MCH5367,MCH5367,Reddy-Chakraborty,5699,mcc_field,False,Apparel,Clothing,Sole Proprietor,Mumbai,Maharashtra,False,2025-03-01 03:24:42,False,VIRTUAL_ACCOUNT,3116,ACTIVE,1679.09,False,2
MCH5370,MCH5370,Lala LLC,5311,mcc_field,False,Department Stores,DEPT_STORE,Individual,Delhi,Delhi,False,2025-05-07 03:36:09,False,MISSING,,ACTIVE,1448.94,False,2
MCH5371,MCH5371,Tailor Ltd,5311,inferred_from_category,False,Department Stores,Department Store,Sole Proprietor,Jalandhar,Punjab,False,2024-10-08 00:00:00,False,ACCOUNT_NUMBER,2392,ACTIVE,2851.53,False,1
MCH5375,MCH5375,"Zacharia, Krishnamurthy and Talwar",5699,mcc_field,False,Apparel,CLOTHS,Individual,Pune,Maharashtra,False,2023-02-04 11:37:21,False,ACCOUNT_NUMBER,0480,ACTIVE,872.85,True,1
MCH5376,MCH 5376,"Narayanan, Palla and Tripathi",4814,mcc_field,False,Telecom,phone service,Sole Proprietor,Ludhiana,Punjab,False,2025-08-14 00:00:00,False,VIRTUAL_ACCOUNT,5528,ACTIVE,2169.37,False,1
MCH5378,MCH 5378,Biswas-Seshadri,5411,inferred_from_category,False,Grocery,kirana,Sole Proprietor,Kolkata,West Bengal,False,2025-11-05 00:00:00,False,MISSING,,ACTIVE,815.52,False,2
MCH5381,MCH-5381,Jaggi and Sons,5311,mcc_field,False,Department Stores,Department Store,Private Limited,Delhi,Delhi,False,2025-06-11 00:00:00,False,MISSING,,ACTIVE,550.97,False,1
MCH5383,MCH5383,Ray-Dara,7011,mcc_field,False,Hotels & Lodging,Hospitality,Private Limited,Delhi,Delhi,False,2025-04-11 00:00:00,False,ACCOUNT_NUMBER,7821,ACTIVE,2541.0,False,1
MCH5384,MCH-5384,Sibal Inc,5411,mcc_field,False,Grocery,groceries,Private Limited,Jaipur,Rajasthan,False,,False,MISSING,,ACTIVE,951.53,False,1
MCH5386,MCH5386,"Hari, Handa and Madan",4814,mcc_field,False,Telecom,Mobile Recharge,Private Limited,Bengaluru,Karnataka,False,2023-09-27 00:00:00,False,MISSING,,ACTIVE,682.57,False,1
MCH5387,MCH5387,Khatri Group,7011,mcc_field,False,Hotels & Lodging,Hotel,Sole Proprietor,Delhi,Delhi,False,2025-10-06 12:45:13,False,ACCOUNT_NUMBER,3333,ACTIVE,1172.0,False,2
MCH5388,MCH5388,Mann-Oza,5942,mcc_field,False,Books & Stationery,Books,Private Limited,Hyderabad,Telangana,False,,False,MISSING,,ACTIVE,1696.0,False,1
MCH5389,MCH5389,Sem LLC,4131,mcc_field,False,Transportation,Bus/Taxi,Partnership,Jaipur,Rajasthan,False,2024-06-16 06:06:18,False,MASKED,3272,ACTIVE,342.38,False,1
MCH5390,MCH5390,"Choudhry, Dube and Morar",4131,inferred_from_category,False,Transportation,Bus/Taxi,Partnership,Ludhiana,Punjab,False,2024-08-26 00:00:00,False,MISSING,,ACTIVE,420.78,False,3
MCH5391,MCH5391,Nagi-Pandya,5411,mcc_field,False,Grocery,kirana,Partnership,Kolkata,West Bengal,False,2025-12-24 00:00:00,False,MISSING,,SUSPENDED,1471.0,False,1
MCH5395,MCH5395,"Dada, Jani and Kaul",5942,mcc_field,False,Books & Stationery,Stationery,Partnership,Chennai,Tamil Nadu,False,2025-03-06 00:00:00,False,MISSING,,ACTIVE,698.53,True,1
MCH5396,MCH5396,Manda-Seth,4131,mcc_field,False,Transportation,Transportation,Sole Proprietor,Delhi,Delhi,False,2023-01-11 00:00:00,False,MISSING,,ACTIVE,439.03,False,1
MCH5399,MCH5399,Agate-Wali,5999,mcc_field,False,Misc Retail,Other,Private Limited,Chennai,Tamil Nadu,False,2025-12-26 00:00:00,False,MISSING,,ACTIVE,1379.64,False,1
MCH5401,MCH5401,"Sama, Arora and Memon",5942,inferred_from_category,False,Books & Stationery,BOOKS_STATIONERY,Private Limited,Kolkata,West Bengal,False,2023-07-23 00:00:00,False,MISSING,,ACTIVE,571.93,True,2
MCH5402,MCH5402,"Mandal, Chada and Deshpande",5411,mcc_field,False,Grocery,kirana,Sole Proprietor,Delhi,Delhi,False,2025-08-11 00:00:00,False,MISSING,,SUSPENDED,503.34,True,1
MCH5404,MCH5404,Cherian Group,7011,mcc_field,False,Hotels & Lodging,Hotels,Sole Proprietor,Pune,Maharashtra,False,2025-04-05 21:50:56,False,VIRTUAL_ACCOUNT,5126,ACTIVE,1440.0,False,1
MCH5405,MCH5405,Balan-Sabharwal,5812,mcc_field,False,Restaurants,Food,Individual,Bengaluru,Karnataka,False,2023-04-07 06:56:55,False,MISSING,,ACTIVE,2280.95,False,1
MCH5408,MCH 5408,"Setty, Mangal and Dhar",5411,mcc_field,False,Grocery,kirana,Individual,Mumbai,Maharashtra,False,2026-01-31 00:00:00,False,MASKED,4132,ACTIVE,1231.49,False,2
MCH5409,MCH5409,Buch Inc,5699,mcc_field,False,Apparel,Apparel,Sole Proprietor,Amritsar,Punjab,False,2023-03-04 00:10:00,False,VIRTUAL_ACCOUNT,3484,ACTIVE,922.0,False,1
MCH5410,MCH5410,Ganesh LLC,7011,mcc_field,False,Hotels & Lodging,Hotel,Partnership,Delhi,Delhi,False,2023-01-13 16:09:00,False,MISSING,,ACTIVE,1114.19,False,1
MCH5411,MCH5411,Kale Inc,5411,mcc_field,False,Grocery,Grocery,Partnership,Pune,Maharashtra,False,2024-06-21 06:11:57,False,MISSING,,ACTIVE,708.0,False,1
MCH5413,mch5413,"Koshy, Batra and Kohli",5311,mcc_field,False,Department Stores,Department Store,Sole Proprietor,Lucknow,Uttar Pradesh,False,2023-09-04 00:00:00,False,MISSING,,ACTIVE,608.0,False,1
MCH5414,MCH5414,Bhandari Ltd,7011,mcc_field,False,Hotels & Lodging,Hotel,Private Limited,Delhi,Delhi,False,2025-03-26 00:00:00,False,VIRTUAL_ACCOUNT,5182,ACTIVE,155.88,False,1
MCH5416,MCH5416,Upadhyay LLC,5942,mcc_field,False,Books & Stationery,Stationery,Individual,Chennai,Tamil Nadu,False,2024-07-24 00:00:00,False,MASKED,2133,ACTIVE,,False,2
MCH5420,MCH5420,Sahni-Ghosh,7011,mcc_field,False,Hotels & Lodging,Hotel,Sole Proprietor,Kolkata,West Bengal,False,2025-09-26 21:42:00,False,ACCOUNT_NUMBER,7901,ACTIVE,1993.6,False,1
MCH5422,MCH5422,Sawhney LLC,5699,inferred_from_category,False,Apparel,Fashion,Sole Proprietor,Kolkata,West Bengal,False,2024-08-08 00:00:00,False,VIRTUAL_ACCOUNT,6701,ACTIVE,866.35,False,1
MCH5423,MCH5423,"Chanda, Mallick and Butala",5311,mcc_field,False,Department Stores,Department Store,Sole Proprietor,Jaipur,Rajasthan,False,2024-08-25 00:00:00,False,MASKED,3345,ACTIVE,458.56,False,1
MCH5425,MCH5425,"Bora, Kibe and Yadav",4814,mcc_field,False,Telecom,TELECOM,Individual,Delhi,Delhi,False,,False,ACCOUNT_NUMBER,5292,SUSPENDED,810.1,False,1
MCH5426,mch5426,"Dora, Sehgal and Choudhury",4131,mcc_field,False,Transportation,Transport,Individual,Delhi,Delhi,False,2025-11-14 00:00:00,False,ACCOUNT_NUMBER,6759,ACTIVE,598.49,False,1
MCH5430,MCH5430,Thakkar and Sons,5699,mcc_field,False,Apparel,CLOTHS,Private Limited,Amritsar,Punjab,False,2023-01-19 00:00:00,False,MISSING,,INACTIVE,4264.84,False,1
MCH5433,MCH5433,Subramanian Plc,5699,mcc_field,False,Apparel,garments,Partnership,Ludhiana,Punjab,False,2024-06-07 19:30:00,False,MASKED,5051,ACTIVE,673.68,False,1
MCH5438,MCH5438,"Krishna, Vohra and Ghose",5912,mcc_field,False,Pharmacy,chemist,Sole Proprietor,Chennai,Tamil Nadu,False,2023-12-11 12:58:00,False,MASKED,0401,ACTIVE,1326.9,False,1
MCH5441,MCH5441,Sur Group,5411,mcc_field,False,Grocery,Grocery Stores,Private Limited,Ludhiana,Punjab,False,2023-02-08 00:00:00,False,VIRTUAL_ACCOUNT,3069,ACTIVE,1094.34,False,1
MCH5442,MCH5442,"Ray, Bajaj and Shetty",5411,mcc_field,False,Grocery,Grocery Stores,Individual,Pune,Maharashtra,False,2024-11-01 11:03:00,False,ACCOUNT_NUMBER,7670,ACTIVE,448.9,False,2
MCH5443,MCH5443,Loyal-Narasimhan,7011,mcc_field,False,Hotels & Lodging,Hotels,Individual,Kolkata,West Bengal,False,2023-09-12 04:07:04,False,VIRTUAL_ACCOUNT,0411,ACTIVE,1593.65,False,1
MCH5444,MCH 5444,Pradhan-Nair,5999,mcc_field,False,Misc Retail,Other,Sole Proprietor,Lucknow,Uttar Pradesh,False,2024-07-27 00:00:00,False,ACCOUNT_NUMBER,3641,ACTIVE,372.0,False,1
MCH5445,MCH5445,Ganesan Ltd,5311,mcc_field,False,Department Stores,Retail,Partnership,Delhi,Delhi,False,2025-10-19 00:00:00,False,VIRTUAL_ACCOUNT,8373,ACTIVE,2186.0,False,1
MCH5447,MCH5447,Chhabra-Bajaj,5411,inferred_from_category,False,Grocery,GROCERY_STORE,Sole Proprietor,Hyderabad,Telangana,False,2025-04-08 02:41:21,False,ACCOUNT_NUMBER,6064,ACTIVE,363.53,False,2
MCH5448,MCH5448,"Bala, Sha and Bera",5311,mcc_field,False,Department Stores,Department Store,Private Limited,Bengaluru,Karnataka,False,2025-08-12 00:00:00,False,MISSING,,ACTIVE,523.59,False,1
MCH5450,MCH5450,"Karnik, Karan and Boase",5942,inferred_from_category,False,Books & Stationery,Stationery,Partnership,Kolkata,West Bengal,False,2024-09-09 00:00:00,False,MISSING,,ACTIVE,852.07,False,1
MCH5451,MCH5451,Divan LLC,5411,mcc_field,False,Grocery,GROCERY_STORE,Partnership,Jaipur,Rajasthan,False,2025-05-14 00:00:00,False,MISSING,,ACTIVE,2492.35,False,1
MCH5457,MCH5457,Deol Plc,5942,mcc_field,False,Books & Stationery,Book Store,Sole Proprietor,Jaipur,Rajasthan,False,2024-12-30 13:09:01,False,MASKED,0292,ACTIVE,1085.1,False,1
MCH5458,MCH5458,"Korpal, Venkatesh and Choudhary",7011,mcc_field,False,Hotels & Lodging,Hotel,Individual,Jaipur,Rajasthan,False,2024-03-17 02:49:02,False,MISSING,,ACTIVE,,False,1
MCH5459,MCH5459,Sachdev Ltd,5699,mcc_field,False,Apparel,Clothing,Sole Proprietor,Bengaluru,Karnataka,False,,False,VIRTUAL_ACCOUNT,0279,SUSPENDED,1804.28,False,1
MCH5465,MCH5465,"Keer, Gill and Tank",4814,mcc_field,False,Telecom,TELECOM,Individual,Jaipur,Rajasthan,False,2023-10-23 00:00:00,False,VIRTUAL_ACCOUNT,3023,ACTIVE,3170.0,False,1
MCH5467,MCH5467,"Kurian, Anne and Borra",4814,mcc_field,False,Telecom,Mobile Recharge,Individual,Ludhiana,Punjab,False,2024-05-17 00:00:00,False,ACCOUNT_NUMBER,6055,ACTIVE,940.0,False,1
MCH5472,5472,Dua Group,5942,mcc_field,False,Books & Stationery,BOOKS_STATIONERY,Private Limited,Ludhiana,Punjab,False,2024-09-23 00:00:00,False,ACCOUNT_NUMBER,7852,ACTIVE,778.0,False,1
MCH5476,MCH5476,Buch Group,5912,inferred_from_category,False,Pharmacy,chemist,Private Limited,Delhi,Delhi,False,2024-03-08 00:00:00,False,MISSING,,ACTIVE,1311.87,False,1
MCH5477,MCH 5477,Mahajan Ltd,5699,mcc_field,False,Apparel,CLOTHS,Individual,Bengaluru,Karnataka,False,2025-09-01 00:00:00,False,VIRTUAL_ACCOUNT,9025,ACTIVE,3690.89,False,2
MCH5478,MCH5478,"Prashad, Tripathi and Bala",4814,mcc_field,False,Telecom,TELECOM,Private Limited,Jaipur,Rajasthan,False,2024-06-14 00:00:00,False,MASKED,3083,ACTIVE,3789.33,False,1
MCH5479,MCH 5479,"Mukherjee, Nazareth and Palla",5812,mcc_field,False,Restaurants,Restaurants,Sole Proprietor,Ludhiana,Punjab,False,2024-02-19 00:00:00,False,MASKED,2442,ACTIVE,,False,1
MCH5482,MCH5482,"Baral, Tak and Rajan",5812,mcc_field,False,Restaurants,eating place,Individual,Kolkata,West Bengal,False,2025-06-23 15:48:14,False,MASKED,1905,INACTIVE,710.53,False,2
MCH5483,MCH 5483,Khare Inc,5311,mcc_field,False,Department Stores,Retail,Sole Proprietor,Jalandhar,Punjab,False,2025-04-28 14:52:17,False,ACCOUNT_NUMBER,2584,ACTIVE,827.39,False,1
MCH5484,MCH 5484,Vasa Plc,7011,mcc_field,False,Hotels & Lodging,HOTEL_LODGING,Individual,Lucknow,Uttar Pradesh,False,2023-06-01 00:00:00,False,VIRTUAL_ACCOUNT,8704,ACTIVE,,False,1
MCH5488,MCH5488,Chaudry-Garde,5411,mcc_field,False,Grocery,kirana,Individual,Kolkata,West Bengal,False,2023-03-31 00:00:00,False,MISSING,,ACTIVE,405.0,False,2
MCH5489,mch5489,Nath Ltd,5311,mcc_field,False,Department Stores,Department Stores,Individual,Jaipur,Rajasthan,False,2025-01-22 00:00:00,False,MASKED,9871,ACTIVE,3788.36,False,1
MCH5490,MCH5490,"Bahl, Kakar and Dara",5699,mcc_field,False,Apparel,Fashion,Individual,Hyderabad,Telangana,False,2025-12-28 00:00:00,False,VIRTUAL_ACCOUNT,1698,ACTIVE,1917.65,False,1
MCH5493,MCH5493,Roy Group,5812,mcc_field,False,Restaurants,eating place,Partnership,Lucknow,Uttar Pradesh,False,2024-05-11 12:32:56,False,ACCOUNT_NUMBER,4777,ACTIVE,,False,3
MCH5494,MCH5494,Raja Ltd,5942,mcc_field,False,Books & Stationery,Stationery,Partnership,Ludhiana,Punjab,False,2025-07-19 00:00:00,False,MASKED,2189,ACTIVE,209.91,False,3
MCH5496,MCH5496,Bhagat and Sons,5912,mcc_field,False,Pharmacy,Medical,Partnership,Lucknow,Uttar Pradesh,False,2024-08-13 00:00:00,False,VIRTUAL_ACCOUNT,1356,ACTIVE,199.73,True,2
MCH5497,MCH5497,Dayal and Sons,5999,mcc_field,False,Misc Retail,Miscellaneous,Private Limited,Delhi,Delhi,False,2024-04-28 22:58:00,False,MASKED,0595,ACTIVE,1767.24,False,2
MCH5498,5498,"Gera, Narayan and Sankaran",5311,mcc_field,False,Department Stores,Department Store,Partnership,Kolkata,West Bengal,False,2025-11-10 00:00:00,False,ACCOUNT_NUMBER,9363,ACTIVE,849.49,False,1
MCH5500,MCH5500,"Dubey, Tandon and Batta",4814,mcc_field,False,Telecom,TELECOM,Sole Proprietor,Lucknow,Uttar Pradesh,False,2024-06-06 00:00:00,False,ACCOUNT_NUMBER,4371,ACTIVE,2211.38,False,1
MCH5502,5502,Dutta and Sons,5311,mcc_field,False,Department Stores,Department Stores,Partnership,Kolkata,West Bengal,False,2025-04-08 00:00:00,False,ACCOUNT_NUMBER,8249,ACTIVE,595.34,True,2
MCH5503,MCH 5503,Suri Ltd,4131,mcc_field,False,Transportation,transprt,Private Limited,Kolkata,West Bengal,False,2024-08-30 18:32:00,False,MISSING,,ACTIVE,2446.68,False,1
MCH5505,MCH5505,Korpal Inc,4814,mcc_field,False,Telecom,Telecom,Individual,Mumbai,Maharashtra,False,2025-05-05 00:00:00,False,MISSING,,ACTIVE,1908.25,False,3
MCH5511,MCH 5511,"Pandya, Dugar and Dube",5999,mcc_field,False,Misc Retail,Miscellaneous,Individual,Delhi,Delhi,False,2025-02-09 08:12:00,False,MISSING,,ACTIVE,997.89,False,1
MCH5516,MCH5516,Muni LLC,5699,mcc_field,False,Apparel,CLOTHS,Individual,Kolkata,West Bengal,False,2025-11-17 13:15:12,False,MISSING,,ACTIVE,1139.0,False,1
MCH5518,MCH5518,Bhalla-Chaudhuri,5812,mcc_field,False,Restaurants,Food,Individual,Lucknow,Uttar Pradesh,False,2025-04-19 00:00:00,False,MISSING,,ACTIVE,1038.42,False,2
MCH5523,MCH5523,Behl Inc,5699,mcc_field,False,Apparel,CLOTHS,Individual,Lucknow,Uttar Pradesh,False,2025-06-15 00:02:44,False,VIRTUAL_ACCOUNT,8892,ACTIVE,2946.06,False,1
MCH5524,MCH5524,"Mangat, Sanghvi and Shah",5942,mcc_field,False,Books & Stationery,Books,Partnership,Jalandhar,Punjab,False,2024-09-30 00:00:00,False,MASKED,2255,ACTIVE,6188.2,False,1
MCH5525,MCH5525,Nagy and Sons,7011,mcc_field,False,Hotels & Lodging,HOTEL_LODGING,Partnership,Bengaluru,Karnataka,False,2026-01-29 04:09:00,False,VIRTUAL_ACCOUNT,1970,ACTIVE,1141.1,False,1
MCH5528,MCH5528,"Bhagat, Sathe and Iyengar",5411,mcc_field,False,Grocery,Grocery,Sole Proprietor,Pune,Maharashtra,False,2026-02-13 11:24:00,False,MISSING,,ACTIVE,668.43,False,1
MCH5529,MCH5529,"Ganguly, Mukherjee and Boase",5411,inferred_from_category,False,Grocery,groceries,Private Limited,Chennai,Tamil Nadu,False,2025-04-01 00:00:00,False,VIRTUAL_ACCOUNT,1495,ACTIVE,879.0,False,1
MCH5531,MCH5531,"Dhingra, Sangha and Sidhu",5411,mcc_field,False,Grocery,Grocery,Partnership,Mumbai,Maharashtra,False,2025-04-25 00:00:00,False,ACCOUNT_NUMBER,9587,INACTIVE,414.79,True,1
MCH5538,MCH5538,Barad-Nigam,4814,inferred_from_category,False,Telecom,Telecom,Partnership,Pune,Maharashtra,False,2025-01-10 00:00:00,False,MISSING,,ACTIVE,2223.97,False,1
MCH5541,MCH5541,Sheth and Sons,5812,mcc_field,False,Restaurants,FOOD_SERVICES,Individual,Bengaluru,Karnataka,False,2024-07-13 09:55:59,False,MISSING,,ACTIVE,548.54,False,1
MCH5545,MCH5545,Parikh-Raja,5942,mcc_field,False,Books & Stationery,BOOKS_STATIONERY,Sole Proprietor,Lucknow,Uttar Pradesh,False,2023-06-04 00:00:00,False,MISSING,,ACTIVE,1144.37,False,1
MCH5546,MCH5546,"Brar, Rajan and Bhat",4814,mcc_field,False,Telecom,phone service,Private Limited,Bengaluru,Karnataka,False,2024-10-16 00:00:00,False,MISSING,,ACTIVE,843.23,False,2
MCH5547,MCH5547,Raju Group,5411,mcc_field,False,Grocery,Grocery Stores,Partnership,Bengaluru,Karnataka,False,2025-04-15 00:00:00,False,MISSING,,ACTIVE,915.94,False,2
MCH5549,MCH5549,Bahri Ltd,5812,mcc_field,False,Restaurants,FOOD_SERVICES,Partnership,Chennai,Tamil Nadu,False,2023-10-06 00:00:00,False,MASKED,0036,ACTIVE,1045.04,False,1
MCH5551,MCH5551,Narain-Goda,5699,mcc_field,False,Apparel,Fashion,Private Limited,Mumbai,Maharashtra,False,2026-01-09 00:00:00,False,MISSING,,ACTIVE,817.05,False,1
MCH5553,MCH5553,Salvi-Contractor,5411,mcc_field,False,Grocery,groceries,Individual,Kolkata,West Bengal,False,2024-03-21 00:00:00,False,MISSING,,ACTIVE,3894.89,False,2
MCH5555,MCH 5555,"Banerjee, Kurian and Tara",4814,mcc_field,False,Telecom,TELECOM,Sole Proprietor,Jalandhar,Punjab,False,2025-05-21 00:00:00,False,MISSING,,ACTIVE,,False,2
MCH5556,MCH5556,Pau-Kale,5912,mcc_field,False,Pharmacy,MEDICAL_STORE,Private Limited,Mumbai,Maharashtra,False,2023-10-31 04:23:01,False,VIRTUAL_ACCOUNT,0696,ACTIVE,513.95,False,1
MCH5558,MCH5558,"Rao, Sidhu and Barad",7011,mcc_field,False,Hotels & Lodging,Hospitality,Partnership,Amritsar,Punjab,False,2024-09-14 00:00:00,False,MISSING,,ACTIVE,626.0,False,1
MCH5559,MCH5559,Muni-Raval,5411,mcc_field,False,Grocery,groceries,Private Limited,Jalandhar,Punjab,False,2026-01-21 00:00:00,False,MISSING,,ACTIVE,723.26,False,4
MCH5560,mch5560,"D’alia, Dasgupta and Chakrabarti",4131,mcc_field,False,Transportation,Transportation,Sole Proprietor,Jalandhar,Punjab,False,2023-02-09 00:00:00,False,MISSING,,INACTIVE,1247.75,False,1
MCH5562,MCH-5562,Savant-Narayan,4131,mcc_field,False,Transportation,TRAVEL,Private Limited,Hyderabad,Telangana,False,2025-11-18 00:00:00,False,ACCOUNT_NUMBER,0731,ACTIVE,2799.21,False,1
MCH5563,MCH5563,"Dubey, Wali and Yadav",5699,inferred_from_category,False,Apparel,garments,Sole Proprietor,Kolkata,West Bengal,False,2024-01-28 00:00:00,False,ACCOUNT_NUMBER,9320,ACTIVE,2198.0,False,1
MCH5565,MCH5565,Chatterjee and Sons,5411,mcc_field,False,Grocery,Grocery,Sole Proprietor,Pune,Maharashtra,False,2025-12-11 00:00:00,False,VIRTUAL_ACCOUNT,4745,ACTIVE,1083.09,False,1
MCH5567,5567,D’alia Ltd,7011,mcc_field,False,Hotels & Lodging,Hotel,Individual,Bengaluru,Karnataka,False,2025-09-09 00:00:00,False,MASKED,2596,ACTIVE,271.02,False,3
MCH5569,MCH5569,"Thaman, Kar and Dass",5999,mcc_field,False,Misc Retail,Misc Retail,Sole Proprietor,Mumbai,Maharashtra,False,2026-01-27 00:00:00,False,ACCOUNT_NUMBER,5921,INACTIVE,3592.34,False,1
MCH5570,MCH5570,"Sahni, Bala and Sharma",5999,mcc_field,False,Misc Retail,Miscellaneous,Individual,Delhi,Delhi,False,2025-11-28 06:01:37,False,MISSING,,BLOCKED,1506.33,False,1
MCH5573,MCH5573,"Guha, Dayal and Mutti",5411,mcc_field,False,Grocery,groceries,Sole Proprietor,Chennai,Tamil Nadu,False,,False,MASKED,9546,ACTIVE,2684.58,False,2
MCH5575,MCH5575,Sandal LLC,5411,mcc_field,False,Grocery,kirana,Partnership,Chennai,Tamil Nadu,False,2024-02-13 00:00:00,False,MASKED,5528,ACTIVE,5255.72,False,1
MCH5576,MCH5576,Oza Plc,4131,mcc_field,False,Transportation,Transportation,Sole Proprietor,Bengaluru,Karnataka,False,2024-07-27 00:00:00,False,MASKED,6114,ACTIVE,,False,1
MCH5580,MCH5580,Chatterjee-Andra,4131,mcc_field,False,Transportation,TRAVEL,Private Limited,Lucknow,Uttar Pradesh,False,2026-01-01 00:00:00,False,ACCOUNT_NUMBER,8731,ACTIVE,512.38,False,1
MCH5583,MCH5583,"Sama, Thaman and Bakshi",4814,mcc_field,False,Telecom,Mobile Recharge,Individual,Pune,Maharashtra,False,2023-07-21 01:11:03,False,MASKED,8722,ACTIVE,2696.94,False,1
MCH5586,MCH5586,Andra-Sha,5699,mcc_field,False,Apparel,CLOTHS,Private Limited,Amritsar,Punjab,False,2023-07-03 00:00:00,False,ACCOUNT_NUMBER,4983,SUSPENDED,349.98,True,1
MCH5587,mch5587,Pau-Gour,5812,mcc_field,False,Restaurants,Food,Private Limited,Pune,Maharashtra,False,2025-10-13 20:14:02,False,VIRTUAL_ACCOUNT,8615,ACTIVE,246.08,False,3
MCH5588,MCH5588,Divan-Yohannan,4131,mcc_field,False,Transportation,transprt,Individual,Hyderabad,Telangana,False,,False,MISSING,,ACTIVE,203.0,False,1
MCH5590,MCH 5590,"Bhandari, More and Bhatti",4131,mcc_field,False,Transportation,TRAVEL,Partnership,Pune,Maharashtra,False,2024-10-07 00:00:00,False,VIRTUAL_ACCOUNT,6114,CLOSED,2034.57,False,1
MCH5594,MCH5594,Savant-Bhargava,5411,mcc_field,False,Grocery,Grocery Stores,Sole Proprietor,Bengaluru,Karnataka,False,2025-01-19 00:00:00,False,ACCOUNT_NUMBER,3717,SUSPENDED,1235.6,False,2
MCH5595,MCH-5595,"Menon, Ahluwalia and Mistry",7011,mcc_field,False,Hotels & Lodging,Hospitality,Sole Proprietor,Jaipur,Rajasthan,False,2026-02-10 09:42:44,False,MISSING,,ACTIVE,376.55,False,1
MCH5596,MCH5596,Biswas Group,5311,mcc_field,False,Department Stores,Retail,Partnership,Bengaluru,Karnataka,False,2024-12-02 00:00:00,False,VIRTUAL_ACCOUNT,6330,SUSPENDED,464.03,True,1
MCH5597,MCH5597,"Shankar, Pandey and Sridhar",5812,mcc_field,False,Restaurants,eating place,Private Limited,Lucknow,Uttar Pradesh,False,,False,MISSING,,ACTIVE,380.65,False,1
MCH5598,MCH5598,"Thakur, Verma and Venkataraman",5912,mcc_field,False,Pharmacy,chemist,Individual,Jalandhar,Punjab,False,2023-09-13 00:00:00,False,MISSING,,ACTIVE,2948.79,False,1
MCH5599,MCH-5599,Peri-Bhatti,5942,mcc_field,False,Books & Stationery,Book Store,Individual,Mumbai,Maharashtra,False,2023-06-06 05:11:00,False,MISSING,,ACTIVE,8103.17,False,1
MCH5601,MCH5601,Raj-Gopal,7011,mcc_field,False,Hotels & Lodging,Hotels,Private Limited,Jalandhar,Punjab,False,2024-05-17 22:26:00,False,ACCOUNT_NUMBER,4461,ACTIVE,,False,1
MCH5602,MCH-5602,Kaul Plc,5411,mcc_field,False,Grocery,Grocery Stores,Private Limited,Hyderabad,Telangana,False,2023-05-17 00:00:00,False,ACCOUNT_NUMBER,9197,INACTIVE,469.06,False,1
MCH5603,MCH5603,Saha-Sahota,5812,inferred_from_category,False,Restaurants,Restaurants,Partnership,Mumbai,Maharashtra,False,2025-09-12 13:03:44,False,MASKED,8202,ACTIVE,1242.85,False,1
MCH5606,MCH5606,Sunder Inc,7011,inferred_from_category,False,Hotels & Lodging,Hospitality,Partnership,Ludhiana,Punjab,False,2023-06-25 00:00:00,False,VIRTUAL_ACCOUNT,9289,ACTIVE,965.69,False,2
MCH5607,5607,Sengupta-Murty,5942,mcc_field,False,Books & Stationery,Books,Sole Proprietor,Delhi,Delhi,False,2023-10-05 00:00:00,False,VIRTUAL_ACCOUNT,9954,ACTIVE,2739.15,False,2
MCH5608,MCH5608,Raman-Behl,5812,mcc_field,False,Restaurants,Food,Individual,Amritsar,Punjab,False,2023-10-05 00:00:00,False,MISSING,,ACTIVE,251.88,False,1
MCH5611,MCH5611,Walia-Lad,7011,mcc_field,False,Hotels & Lodging,Hospitality,Partnership,Lucknow,Uttar Pradesh,False,2025-07-01 06:56:00,False,MASKED,6019,ACTIVE,269.25,False,2
MCH5618,MCH5618,Biswas and Sons,5912,mcc_field,False,Pharmacy,Pharmacies,Partnership,Delhi,Delhi,False,2024-04-03 21:03:00,False,MASKED,7039,ACTIVE,833.5,False,2
MCH5619,5619,"Iyer, Lata and Bhatnagar",4131,mcc_field,False,Transportation,transprt,Partnership,Bengaluru,Karnataka,False,2025-07-09 00:00:00,False,MASKED,4930,ACTIVE,5962.0,False,1
MCH5622,MCH5622,"Biswas, Shetty and Nazareth",5912,mcc_field,False,Pharmacy,Pharmacy,Partnership,Lucknow,Uttar Pradesh,False,2025-11-13 00:00:00,False,MISSING,,ACTIVE,1250.67,False,2
MCH5626,MCH5626,"Borah, Bedi and Khalsa",7011,mcc_field,False,Hotels & Lodging,Hotel,Sole Proprietor,Hyderabad,Telangana,False,2026-02-25 00:00:00,False,MISSING,,SUSPENDED,1422.38,False,1
MCH5627,MCH5627,"Sridhar, Yogi and Panchal",5411,mcc_field,False,Grocery,GROCERY_STORE,Sole Proprietor,Jaipur,Rajasthan,False,2025-09-23 00:00:00,False,MISSING,,ACTIVE,483.0,False,1
MCH5629,MCH 5629,Barman Ltd,4131,mcc_field,False,Transportation,Transport,Partnership,Delhi,Delhi,False,2024-10-16 20:12:00,False,MISSING,,ACTIVE,1135.33,False,2
MCH5630,MCH 5630,Srinivas-Doshi,7011,mcc_field,False,Hotels & Lodging,Hotels,Sole Proprietor,Amritsar,Punjab,False,2023-04-28 00:00:00,False,VIRTUAL_ACCOUNT,1457,CLOSED,2338.55,False,1
MCH5631,MCH5631,"Bhattacharyya, Behl and Barad",5699,mcc_field,False,Apparel,CLOTHS,Sole Proprietor,Bengaluru,Karnataka,False,2025-08-30 16:56:41,False,MASKED,1656,ACTIVE,857.0,False,2
MCH5632,MCH 5632,Tandon Ltd,5311,mcc_field,False,Department Stores,DEPT_STORE,Sole Proprietor,Bengaluru,Karnataka,False,2025-05-29 12:56:08,False,MISSING,,ACTIVE,270.52,False,1
MCH5637,MCH5637,Desai-Sankaran,5942,mcc_field,False,Books & Stationery,BOOKS_STATIONERY,Individual,Kolkata,West Bengal,False,2025-12-05 00:00:00,False,MISSING,,ACTIVE,485.95,True,2
MCH5639,MCH5639,"Viswanathan, Gupta and Varghese",7011,mcc_field,False,Hotels & Lodging,Hotel,Sole Proprietor,Mumbai,Maharashtra,False,2023-09-02 00:00:00,False,MISSING,,ACTIVE,2712.0,False,1
MCH5641,MCH5641,"Kant, Raju and Sandal",5999,mcc_field,False,Misc Retail,Miscellaneous,Partnership,Pune,Maharashtra,False,2025-05-30 00:00:00,False,MASKED,4214,INACTIVE,2474.31,False,2
MCH5642,MCH5642,Ganguly-Kalla,5912,mcc_field,False,Pharmacy,Pharmacy,Private Limited,Jalandhar,Punjab,False,2025-11-19 00:00:00,False,ACCOUNT_NUMBER,0565,ACTIVE,870.56,True,2
MCH5644,MCH5644,Prabhu-Chaudhry,5699,mcc_field,False,Apparel,Clothing,Individual,Hyderabad,Telangana,False,2025-05-09 20:50:00,False,VIRTUAL_ACCOUNT,1052,ACTIVE,2643.86,True,1
MCH5645,mch5645,Dey Ltd,4814,mcc_field,False,Telecom,Telecom,Private Limited,Jalandhar,Punjab,False,2025-12-18 00:00:00,False,ACCOUNT_NUMBER,3245,ACTIVE,1164.31,False,1
MCH5646,5646,Badal-Anand,4814,mcc_field,False,Telecom,phone service,Private Limited,Mumbai,Maharashtra,False,2025-06-05 23:31:00,False,MASKED,0079,ACTIVE,4606.04,False,2
MCH5648,MCH5648,Morar and Sons,7011,mcc_field,False,Hotels & Lodging,Hospitality,Individual,Pune,Maharashtra,False,2023-08-06 00:00:00,False,VIRTUAL_ACCOUNT,2491,ACTIVE,972.68,True,3
MCH5652,MCH5652,"Borde, Bhasin and Dua",5411,mcc_field,False,Grocery,groceries,Individual,Mumbai,Maharashtra,False,2023-12-10 00:00:00,False,MASKED,7597,ACTIVE,669.05,True,1
MCH5656,MCH5656,Sen-Dube,5942,mcc_field,False,Books & Stationery,BOOKS_STATIONERY,Partnership,Pune,Maharashtra,False,2024-05-03 00:00:00,False,VIRTUAL_ACCOUNT,7441,INACTIVE,1139.41,False,2
MCH5657,MCH5657,Natt-Goel,5999,mcc_field,False,Misc Retail,Miscellaneous,Individual,Delhi,Delhi,False,,False,MISSING,,ACTIVE,1355.0,False,1
MCH5660,MCH 5660,Goda-Goda,5812,mcc_field,False,Restaurants,Restaurants,Partnership,Ludhiana,Punjab,False,,False,MASKED,9971,ACTIVE,1213.87,True,2
MCH5662,MCH5662,Kannan-Yogi,4131,mcc_field,False,Transportation,transprt,Individual,Chennai,Tamil Nadu,False,2025-08-01 00:00:00,False,MISSING,,ACTIVE,1393.63,False,2
MCH5663,MCH5663,"Goyal, Brahmbhatt and Raja",5912,mcc_field,False,Pharmacy,MEDICAL_STORE,Individual,Ludhiana,Punjab,False,2023-05-31 00:00:00,False,MISSING,,SUSPENDED,2417.27,False,1
MCH5664,5664,"Om, Kari and Pandit",5812,mcc_field,False,Restaurants,eating place,Partnership,Hyderabad,Telangana,False,2024-07-15 00:00:00,False,ACCOUNT_NUMBER,5997,INACTIVE,6853.27,False,1
MCH5665,MCH5665,"Parikh, Ray and Lall",5942,mcc_field,False,Books & Stationery,Stationery,Partnership,Jaipur,Rajasthan,False,2023-09-12 00:00:00,False,MASKED,1393,ACTIVE,1428.0,False,1
MCH5669,MCH 5669,"Sodhi, Luthra and Batta",5812,mcc_field,False,Restaurants,Restaurants,Private Limited,Jalandhar,Punjab,False,2025-10-08 07:29:30,False,MASKED,1040,ACTIVE,1557.34,False,1
MCH5671,MCH 5671,Bava-Arya,5699,mcc_field,False,Apparel,Fashion,Private Limited,Hyderabad,Telangana,False,2023-11-18 22:06:00,False,VIRTUAL_ACCOUNT,5773,ACTIVE,2123.47,False,1
MCH5673,MCH5673,Palan-Memon,4131,mcc_field,False,Transportation,Bus/Taxi,Sole Proprietor,Delhi,Delhi,False,2023-09-16 00:00:00,False,ACCOUNT_NUMBER,7851,ACTIVE,414.92,False,1
MCH5674,MCH-5674,"Chhabra, Samra and Ghosh",4131,mcc_field,False,Transportation,transprt,Partnership,Mumbai,Maharashtra,False,,False,MISSING,,ACTIVE,1727.77,False,1
MCH5676,MCH-5676,"Bhatti, Chahal and Mishra",5311,mcc_field,False,Department Stores,Retail,Individual,Jalandhar,Punjab,False,2025-07-15 05:45:20,False,ACCOUNT_NUMBER,2575,ACTIVE,744.63,False,2
MCH5678,MCH 5678,Bhat-Borra,5912,mcc_field,False,Pharmacy,MEDICAL_STORE,Private Limited,Amritsar,Punjab,False,2024-06-08 00:00:00,False,ACCOUNT_NUMBER,6313,ACTIVE,677.93,False,2
MCH5683,MCH5683,"Ramesh, Bhalla and Murthy",4131,mcc_field,False,Transportation,transprt,Private Limited,Kolkata,West Bengal,False,2025-12-02 00:00:00,False,MISSING,,ACTIVE,3635.0,False,5
MCH5684,MCH5684,Dua-Ghose,5311,mcc_field,False,Department Stores,Department Stores,Partnership,Pune,Maharashtra,False,2024-10-07 04:56:00,False,MISSING,,ACTIVE,465.0,False,2
MCH5687,MCH5687,"Prasad, Tank and Char",4131,mcc_field,False,Transportation,Transport,Individual,Ludhiana,Punjab,False,,False,MASKED,6544,ACTIVE,487.38,False,1
MCH5695,mch5695,Divan Inc,5699,mcc_field,False,Apparel,CLOTHS,Individual,Hyderabad,Telangana,False,2025-08-20 19:03:23,False,ACCOUNT_NUMBER,5874,ACTIVE,,False,1
MCH5696,MCH5696,Mittal Group,5411,mcc_field,False,Grocery,Grocery,Private Limited,Chennai,Tamil Nadu,False,2024-05-18 00:00:00,False,MISSING,,ACTIVE,2595.13,False,1
MCH5697,MCH5697,"Kapadia, Sharma and Maharaj",5999,inferred_from_category,False,Misc Retail,Retail Other,Partnership,Pune,Maharashtra,False,2023-08-27 00:00:00,False,VIRTUAL_ACCOUNT,8472,ACTIVE,4565.23,False,1
MCH5698,MCH5698,Rana Ltd,5942,mcc_field,False,Books & Stationery,Stationery,Private Limited,Chennai,Tamil Nadu,False,2025-01-07 00:00:00,False,MISSING,,ACTIVE,2808.27,False,1
MCH5701,MCH5701,"Lad, Thakkar and Nazareth",4131,mcc_field,False,Transportation,Bus/Taxi,Private Limited,Kolkata,West Bengal,False,,False,MASKED,7572,ACTIVE,1254.73,False,1
MCH5704,MCH5704,Ravel-Talwar,4131,mcc_field,False,Transportation,Transportation,Sole Proprietor,Chennai,Tamil Nadu,False,2025-09-25 08:00:41,False,ACCOUNT_NUMBER,8365,INACTIVE,4204.94,True,3
MCH5705,mch5705,"Palan, Bhargava and Jaggi",4131,mcc_field,False,Transportation,Transport,Individual,Lucknow,Uttar Pradesh,False,2026-02-05 00:00:00,False,MISSING,,ACTIVE,1360.45,False,2
MCH5707,MCH5707,Varughese-Hegde,4814,inferred_from_category,False,Telecom,TELECOM,Private Limited,Lucknow,Uttar Pradesh,False,2025-07-12 22:37:37,False,VIRTUAL_ACCOUNT,0262,ACTIVE,,False,3
MCH5709,MCH5709,Shroff-Mukherjee,4814,mcc_field,False,Telecom,Telecom,Private Limited,Jaipur,Rajasthan,False,2024-11-10 18:13:32,False,VIRTUAL_ACCOUNT,3493,ACTIVE,668.22,False,1
MCH5710,mch5710,Karnik Ltd,5942,mcc_field,False,Books & Stationery,Book Store,Partnership,Jaipur,Rajasthan,False,2025-12-24 00:00:00,False,ACCOUNT_NUMBER,3025,ACTIVE,2156.34,False,1
MCH5712,MCH5712,Goda-Kashyap,5942,mcc_field,False,Books & Stationery,Books,Private Limited,Amritsar,Punjab,False,2025-01-12 00:00:00,False,VIRTUAL_ACCOUNT,7117,ACTIVE,,False,2
MCH5715,mch5715,"Bansal,aryaand Bhat",5912,mcc_field,False,Pharmacy,Pharmacy,Private Limited,Bengaluru,Karnataka,False,2025-01-20 00:00:00,False,MISSING,,ACTIVE,1290.0,False,1
MCH5716,MCH5716,Nadig Inc,4814,mcc_field,False,Telecom,phone service,Individual,Chennai,Tamil Nadu,False,2025-06-26 14:09:58,False,MISSING,,ACTIVE,1811.84,False,1
MCH5717,mch5717,"Kuruvilla, Deol and Rama",5942,mcc_field,False,Books & Stationery,Stationery,Sole Proprietor,Jaipur,Rajasthan,False,2023-05-16 23:01:00,False,MISSING,,ACTIVE,8901.44,False,1
MCH5720,MCH 5720,Karnik Group,5942,mcc_field,False,Books & Stationery,Books,Partnership,Amritsar,Punjab,False,2023-10-28 00:00:00,False,ACCOUNT_NUMBER,1693,ACTIVE,6186.34,False,1
MCH5722,MCH5722,Kant-Gara,7011,mcc_field,False,Hotels & Lodging,Hospitality,Partnership,Lucknow,Uttar Pradesh,False,2024-12-16 00:00:00,False,ACCOUNT_NUMBER,9027,ACTIVE,1451.76,False,1
MCH5723,5723,Doctor LLC,5411,inferred_from_category,False,Grocery,GROCERY_STORE,Private Limited,Kolkata,West Bengal,False,2023-04-08 00:00:00,False,MASKED,6555,ACTIVE,574.8,True,1
MCH5727,MCH5727,"Sandal, Deshmukh and Lata",5699,mcc_field,False,Apparel,Clothing,Partnership,Bengaluru,Karnataka,False,2024-04-21 23:21:20,False,ACCOUNT_NUMBER,9751,ACTIVE,411.34,False,1
MCH5734,MCH5734,Balan Inc,5311,mcc_field,False,Department Stores,Department Store,Private Limited,Jalandhar,Punjab,False,2025-05-20 00:00:00,False,MISSING,,ACTIVE,2000.53,False,1
MCH5736,MCH5736,Agate LLC,4131,mcc_field,False,Transportation,transprt,Sole Proprietor,Delhi,Delhi,False,2023-04-16 00:00:00,False,MASKED,7731,ACTIVE,3557.14,False,1
MCH5737,5737,"Chaudhary, Raghavan and Brahmbhatt",5912,mcc_field,False,Pharmacy,Pharmacies,Individual,Amritsar,Punjab,False,2026-02-25 00:00:00,False,MISSING,,ACTIVE,1419.52,False,4
MCH5740,MCH 5740,Dayal-Desai,5699,mcc_field,False,Apparel,CLOTHS,Sole Proprietor,Chennai,Tamil Nadu,False,2025-04-10 00:00:00,False,MISSING,,ACTIVE,4887.0,False,1
MCH5741,MCH5741,Rajagopalan Plc,5942,mcc_field,False,Books & Stationery,BOOKS_STATIONERY,Individual,Hyderabad,Telangana,False,2025-10-29 08:07:02,False,ACCOUNT_NUMBER,6336,INACTIVE,1562.28,False,2
MCH5744,MCH5744,Dalal-Lall,7011,mcc_field,False,Hotels & Lodging,Hospitality,Private Limited,Chennai,Tamil Nadu,False,2023-05-31 00:00:00,False,MASKED,1007,ACTIVE,3350.6,False,1
MCH5745,MCH-5745,Sawhney-Apte,5912,inferred_from_category,False,Pharmacy,chemist,Private Limited,Delhi,Delhi,False,2025-06-04 03:56:54,False,ACCOUNT_NUMBER,6911,ACTIVE,2109.42,False,3
MCH5747,MCH5747,"Narasimhan, Doshi and Pall",5812,mcc_field,False,Restaurants,Food,Private Limited,Kolkata,West Bengal,False,2025-08-05 00:00:00,False,MASKED,9034,ACTIVE,4280.12,False,1
MCH5749,MCH5749,"Bir, Sibal and Arya",5942,mcc_field,False,Books & Stationery,Stationery,Partnership,Mumbai,Maharashtra,False,2024-05-10 03:51:33,False,MISSING,,ACTIVE,1490.24,False,3
MCH5753,5753,"Nair, Pai and Issac",5699,inferred_from_category,False,Apparel,garments,Individual,Mumbai,Maharashtra,False,2026-01-29 00:00:00,False,VIRTUAL_ACCOUNT,4850,ACTIVE,1860.02,False,3
MCH5758,mch5758,"Aggarwal, Hayer and Nayar",5999,mcc_field,False,Misc Retail,Retail Other,Individual,Amritsar,Punjab,False,2023-09-22 00:00:00,False,MASKED,0401,ACTIVE,3630.79,False,1
MCH5762,MCH5762,Hayre and Sons,5942,mcc_field,False,Books & Stationery,BOOKS_STATIONERY,Sole Proprietor,Kolkata,West Bengal,False,2024-01-05 06:19:29,False,MASKED,2767,ACTIVE,823.98,False,2
MCH5765,MCH5765,Murty Inc,4131,mcc_field,False,Transportation,Transport,Partnership,Mumbai,Maharashtra,False,2025-07-18 00:00:00,False,MISSING,,ACTIVE,2715.83,False,1
MCH5766,MCH 5766,Varkey-Datta,4814,mcc_field,False,Telecom,Telecom,Private Limited,Mumbai,Maharashtra,False,2024-02-18 00:00:00,False,MISSING,,ACTIVE,1162.56,True,1
MCH5767,mch5767,Pandya Inc,4814,mcc_field,False,Telecom,TELECOM,Individual,Jaipur,Rajasthan,False,2024-01-09 00:00:00,False,ACCOUNT_NUMBER,3008,ACTIVE,793.79,False,1
MCH5768,MCH5768,Minhas Group,4814,inferred_from_category,False,Telecom,Telecom,Sole Proprietor,Hyderabad,Telangana,False,2023-09-08 00:00:00,False,VIRTUAL_ACCOUNT,6679,ACTIVE,1396.68,False,2
MCH5770,MCH5770,Kari LLC,5912,mcc_field,False,Pharmacy,Medical,Private Limited,Hyderabad,Telangana,False,2025-01-29 10:38:17,False,MISSING,,ACTIVE,573.41,False,1
MCH5775,MCH-5775,Srinivas Ltd,5311,mcc_field,False,Department Stores,Department Store,Individual,Kolkata,West Bengal,False,2025-11-01 10:50:11,False,VIRTUAL_ACCOUNT,3983,ACTIVE,7152.05,False,2
MCH5776,MCH-5776,Varma-Bahri,5699,mcc_field,False,Apparel,garments,Individual,Mumbai,Maharashtra,False,2025-04-10 00:00:00,False,ACCOUNT_NUMBER,5143,INACTIVE,807.85,False,2
MCH5777,MCH5777,Dubey and Sons,5999,mcc_field,False,Misc Retail,Retail Other,Individual,Bengaluru,Karnataka,False,2025-12-01 19:34:00,False,MISSING,,INACTIVE,4320.83,False,1
MCH5780,mch5780,"Kumar, Bedi and Borah",5942,mcc_field,False,Books & Stationery,Stationery,Individual,Bengaluru,Karnataka,False,2025-01-12 18:36:00,False,MISSING,,INACTIVE,845.88,False,3
MCH5781,MCH5781,Bava and Sons,7011,mcc_field,False,Hotels & Lodging,Hospitality,Partnership,Hyderabad,Telangana,False,2024-03-24 09:56:13,False,MISSING,,ACTIVE,2364.14,False,1
MCH5784,MCH5784,"Kakar, Palla and Vyas",5699,mcc_field,False,Apparel,garments,Private Limited,Jalandhar,Punjab,False,2024-06-01 22:17:58,False,MISSING,,ACTIVE,220.77,False,1
MCH5785,mch5785,Vohra Inc,5699,mcc_field,False,Apparel,CLOTHS,Partnership,Mumbai,Maharashtra,False,2023-06-25 00:00:00,False,ACCOUNT_NUMBER,5959,ACTIVE,1694.59,False,1
MCH5786,5786,"Bhasin, Mandal and Tank",4131,mcc_field,False,Transportation,Bus/Taxi,Individual,Kolkata,West Bengal,False,2025-08-02 00:00:00,False,ACCOUNT_NUMBER,2072,INACTIVE,1913.26,False,1
MCH5787,MCH5787,Bassi Inc,7011,mcc_field,False,Hotels & Lodging,HOTEL_LODGING,Sole Proprietor,Mumbai,Maharashtra,False,2025-06-24 00:00:00,False,MASKED,0298,ACTIVE,555.97,False,1
MCH5790,mch5790,Devi and Sons,5942,mcc_field,False,Books & Stationery,Stationery,Partnership,Jaipur,Rajasthan,False,2024-06-03 01:35:36,False,VIRTUAL_ACCOUNT,9956,ACTIVE,8961.2,False,1
MCH5792,mch5792,"Bava, Krish and Ghose",4131,mcc_field,False,Transportation,Bus/Taxi,Partnership,Amritsar,Punjab,False,2024-07-09 00:00:00,False,ACCOUNT_NUMBER,7279,SUSPENDED,1136.54,False,1
MCH5793,MCH5793,Pathak Group,4131,mcc_field,False,Transportation,Bus/Taxi,Individual,Mumbai,Maharashtra,False,2025-04-27 00:00:00,False,ACCOUNT_NUMBER,5225,ACTIVE,1570.7,False,2
MCH5794,mch5794,Gulati and Sons,5999,mcc_field,False,Misc Retail,Other,Private Limited,Bengaluru,Karnataka,False,2024-07-18 15:31:05,False,MISSING,,ACTIVE,614.67,False,1
MCH5795,MCH5795,"Sunder, Bera and Srinivas",7011,mcc_field,False,Hotels & Lodging,HOTEL_LODGING,Private Limited,Kolkata,West Bengal,False,2023-05-19 17:04:00,False,MISSING,,ACTIVE,167.0,False,1
MCH5797,MCH5797,Sami Ltd,5942,mcc_field,False,Books & Stationery,Books,Individual,Jalandhar,Punjab,False,2024-03-05 15:38:56,False,VIRTUAL_ACCOUNT,7716,ACTIVE,651.76,False,2
MCH5798,MCH5798,Divan-Mahal,5812,mcc_field,False,Restaurants,eating place,Individual,Jaipur,Rajasthan,False,2023-02-19 00:00:00,False,ACCOUNT_NUMBER,9438,ACTIVE,110.98,False,1
MCH5799,MCH5799,Nagar Inc,7011,mcc_field,False,Hotels & Lodging,Hotel,Private Limited,Jalandhar,Punjab,False,2026-02-16 00:00:00,False,VIRTUAL_ACCOUNT,2548,ACTIVE,209.08,False,2
MCH5801,MCH5801,"Narasimhan, Grewal and Vora",4131,mcc_field,False,Transportation,Transportation,Private Limited,Delhi,Delhi,False,2023-08-08 00:00:00,False,MISSING,,ACTIVE,1697.55,False,1
MCH5805,MCH5805,Natarajan-Walla,4131,mcc_field,False,Transportation,Bus/Taxi,Partnership,Ludhiana,Punjab,False,2025-06-03 12:56:57,False,MASKED,1704,ACTIVE,449.15,False,1
MCH5807,MCH5807,Madan Ltd,5311,mcc_field,False,Department Stores,Department Store,Sole Proprietor,Jalandhar,Punjab,False,2023-11-06 00:00:00,False,MASKED,1600,ACTIVE,1974.14,False,1
MCH5809,MCH5809,Buch Plc,4131,mcc_field,False,Transportation,Bus/Taxi,Individual,Bengaluru,Karnataka,False,2025-01-22 00:00:00,False,MISSING,,ACTIVE,461.99,False,2
MCH5812,MCH 5812,Aurora and Sons,7011,mcc_field,False,Hotels & Lodging,Hotel,Sole Proprietor,Hyderabad,Telangana,False,2024-03-03 00:00:00,False,ACCOUNT_NUMBER,8048,ACTIVE,410.12,False,1
MCH5813,MCH5813,Nair Inc,4814,mcc_field,False,Telecom,Mobile Recharge,Sole Proprietor,Chennai,Tamil Nadu,False,,False,MISSING,,ACTIVE,1408.29,False,1
MCH5822,MCH5822,Gandhi-Krish,5311,mcc_field,False,Department Stores,Retail,Sole Proprietor,Bengaluru,Karnataka,False,2023-02-10 00:00:00,False,ACCOUNT_NUMBER,3727,ACTIVE,1268.39,False,1
MCH5823,MCH5823,Sen LLC,4814,mcc_field,False,Telecom,phone service,Sole Proprietor,Pune,Maharashtra,False,2024-08-30 01:05:00,False,MISSING,,ACTIVE,7119.48,False,2
MCH5825,MCH5825,Bhardwaj-Sachdeva,5942,mcc_field,False,Books & Stationery,Stationery,Partnership,Bengaluru,Karnataka,False,2024-05-17 00:03:40,False,MISSING,,ACTIVE,1108.32,True,1
MCH5829,MCH5829,Batta Ltd,5812,mcc_field,False,Restaurants,Food,Sole Proprietor,Jalandhar,Punjab,False,2024-11-07 00:00:00,False,VIRTUAL_ACCOUNT,0780,SUSPENDED,690.13,False,3
MCH5831,MCH5831,Kibe Inc,4814,mcc_field,False,Telecom,TELECOM,Sole Proprietor,Ludhiana,Punjab,False,2024-01-21 16:49:33,False,MISSING,,ACTIVE,2267.19,False,1
MCH5833,MCH5833,Deep and Sons,5411,mcc_field,False,Grocery,Grocery,Partnership,Jaipur,Rajasthan,False,2024-04-04 00:00:00,False,MISSING,,ACTIVE,4335.22,False,1
MCH5834,MCH-5834,Sundaram-Sarkar,5812,mcc_field,False,Restaurants,Food,Partnership,Hyderabad,Telangana,False,2025-07-27 00:00:00,False,MASKED,6821,ACTIVE,1502.09,False,1
MCH5835,MCH5835,"Kanda, Saraf and Prashad",5699,mcc_field,False,Apparel,Fashion,Sole Proprietor,Jalandhar,Punjab,False,2023-03-06 00:00:00,False,MISSING,,ACTIVE,622.64,False,1
MCH5841,MCH5841,Nori Group,5912,mcc_field,False,Pharmacy,Medical,Sole Proprietor,Mumbai,Maharashtra,False,2023-01-11 06:18:00,False,MISSING,,ACTIVE,466.44,False,1
MCH5842,MCH5842,"Dutt, Trivedi and Dhingra",5942,mcc_field,False,Books & Stationery,Stationery,Partnership,Amritsar,Punjab,False,2024-01-21 11:32:28,False,MASKED,5651,ACTIVE,182.55,False,1
MCH5843,MCH5843,Wason and Sons,4814,mcc_field,False,Telecom,Mobile Recharge,Individual,Hyderabad,Telangana,False,2023-05-30 00:00:00,False,MISSING,,INACTIVE,1023.46,False,1
MCH5845,MCH5845,Buch Plc,5311,mcc_field,False,Department Stores,Retail,Sole Proprietor,Ludhiana,Punjab,False,2025-09-25 00:00:00,False,ACCOUNT_NUMBER,6940,ACTIVE,1603.87,False,2
MCH5847,MCH5847,"Kar, Gupta and Choudhry",7011,mcc_field,False,Hotels & Lodging,HOTEL_LODGING,Sole Proprietor,Kolkata,West Bengal,False,2023-05-20 00:00:00,False,ACCOUNT_NUMBER,0216,ACTIVE,4487.3,True,2
MCH5849,5849,Balakrishnan Ltd,5699,mcc_field,False,Apparel,Fashion,Private Limited,Lucknow,Uttar Pradesh,False,2025-04-06 00:00:00,False,MISSING,,ACTIVE,6558.56,False,1
MCH5850,MCH5850,Virk-Loke,5699,mcc_field,False,Apparel,CLOTHS,Partnership,Mumbai,Maharashtra,False,,False,VIRTUAL_ACCOUNT,6038,ACTIVE,3558.0,False,1
MCH5851,MCH5851,"Chakrabarti, Sen and Misra",5411,mcc_field,False,Grocery,kirana,Sole Proprietor,Pune,Maharashtra,False,2026-02-15 14:58:09,False,MASKED,3366,ACTIVE,1867.35,False,3
MCH5855,mch5855,"Rajagopalan,muniand Prasad",5699,inferred_from_category,False,Apparel,CLOTHS,Partnership,Jalandhar,Punjab,False,2023-09-08 00:00:00,False,MISSING,,ACTIVE,115.41,False,1
MCH5856,MCH-5856,"Wason, Savant and Bahl",5999,inferred_from_category,False,Misc Retail,Miscellaneous,Individual,Mumbai,Maharashtra,False,2026-02-11 00:00:00,False,MISSING,,ACTIVE,944.06,False,1
MCH5857,mch5857,"Varughese, Vora and Chokshi",4814,mcc_field,False,Telecom,TELECOM,Individual,Lucknow,Uttar Pradesh,False,2025-11-21 00:00:00,False,MISSING,,INACTIVE,687.33,False,1
MCH5861,MCH 5861,Manne-Chatterjee,5812,mcc_field,False,Restaurants,Food,Sole Proprietor,Delhi,Delhi,False,2024-10-28 00:00:00,False,MISSING,,ACTIVE,174.45,False,1
MCH5870,mch5870,Deol Group,4131,mcc_field,False,Transportation,transprt,Sole Proprietor,Chennai,Tamil Nadu,False,2023-04-02 21:18:00,False,MISSING,,SUSPENDED,1911.31,False,1
MCH5872,MCH5872,Sandal Ltd,5411,mcc_field,False,Grocery,groceries,Private Limited,Bengaluru,Karnataka,False,,False,MISSING,,ACTIVE,2434.63,False,2
MCH5873,MCH5873,"Kade, Srivastava and Iyengar",5999,mcc_field,False,Misc Retail,Miscellaneous,Partnership,Lucknow,Uttar Pradesh,False,2023-10-06 00:00:00,False,MISSING,,ACTIVE,3185.85,False,1
MCH5874,MCH5874,Pathak Group,4814,mcc_field,False,Telecom,Telecom,Individual,Jalandhar,Punjab,False,2025-03-16 00:00:00,False,MISSING,,INACTIVE,814.38,False,3
MCH5879,MCH5879,"Sridhar, Sani and Ma11",4814,mcc_field,False,Telecom,Mobile Recharge,Individual,Hyderabad,Telangana,False,2025-12-30 20:57:31,False,MASKED,4907,ACTIVE,3624.48,True,1
MCH5880,MCH5880,"Varty, Ratta and Venkataraman",5699,mcc_field,False,Apparel,Fashion,Sole Proprietor,Amritsar,Punjab,False,2023-06-11 00:00:00,False,ACCOUNT_NUMBER,2937,ACTIVE,1913.84,False,1
MCH5881,mch5881,Baria-Keer,4131,mcc_field,False,Transportation,transprt,Private Limited,Jaipur,Rajasthan,False,2026-02-09 03:41:16,False,MISSING,,CLOSED,2633.32,False,3
MCH5882,5882,"Barad, Kara and Gokhale",4814,inferred_from_category,False,Telecom,phone service,Sole Proprietor,Chennai,Tamil Nadu,False,2024-09-25 00:00:00,False,ACCOUNT_NUMBER,4171,INACTIVE,626.5,False,1
MCH5883,5883,Pillai Ltd,5942,inferred_from_category,False,Books & Stationery,BOOKS_STATIONERY,Partnership,Pune,Maharashtra,False,2024-10-18 00:00:00,False,VIRTUAL_ACCOUNT,3469,ACTIVE,2102.56,False,1
MCH5884,MCH 5884,Raman and Sons,4131,mcc_field,False,Transportation,Bus/Taxi,Individual,Chennai,Tamil Nadu,False,,False,ACCOUNT_NUMBER,0053,ACTIVE,743.19,False,1
MCH5890,mch5890,Apte-Sant,5311,mcc_field,False,Department Stores,Department Store,Partnership,Amritsar,Punjab,False,2026-01-27 00:00:00,False,VIRTUAL_ACCOUNT,6030,INACTIVE,2687.77,False,1
MCH5892,MCH 5892,"Dara, Goswami and Purohit",5812,mcc_field,False,Restaurants,Restaurants,Individual,Bengaluru,Karnataka,False,2025-02-21 11:15:43,False,MISSING,,ACTIVE,1175.0,False,3
MCH5894,MCH5894,Borra-Tiwari,5311,mcc_field,False,Department Stores,Retail,Partnership,Bengaluru,Karnataka,False,2025-05-24 19:29:00,False,MISSING,,ACTIVE,239.64,False,1
MCH5895,mch5895,Dey LLC,4131,mcc_field,False,Transportation,TRAVEL,Individual,Chennai,Tamil Nadu,False,2024-08-05 00:00:00,False,MISSING,,ACTIVE,693.85,False,1
MCH5896,MCH5896,Kale Group,5942,mcc_field,False,Books & Stationery,Book Store,Individual,Hyderabad,Telangana,False,2023-07-21 00:00:00,False,ACCOUNT_NUMBER,6271,ACTIVE,533.74,False,1
MCH5897,MCH5897,Mutti-Doshi,5912,mcc_field,False,Pharmacy,MEDICAL_STORE,Private Limited,Amritsar,Punjab,False,2026-01-06 00:00:00,False,MISSING,,ACTIVE,1302.0,False,1
MCH5898,MCH5898,Virk-Mani,5699,mcc_field,False,Apparel,CLOTHS,Partnership,Delhi,Delhi,False,2025-08-23 00:00:00,False,ACCOUNT_NUMBER,4945,ACTIVE,2502.05,False,2
MCH5900,MCH 5900,Sarraf-Nagar,5912,mcc_field,False,Pharmacy,Pharmacy,Sole Proprietor,Kolkata,West Bengal,False,2024-03-23 06:41:25,False,ACCOUNT_NUMBER,1893,ACTIVE,380.94,False,1
MCH5902,MCH5902,"Iyer, Pal and Kaur",5311,mcc_field,False,Department Stores,Department Store,Private Limited,Pune,Maharashtra,False,2024-08-14 00:00:00,False,MISSING,,ACTIVE,441.19,False,1
MCH5904,5904,Karan Ltd,5699,mcc_field,False,Apparel,Fashion,Sole Proprietor,Bengaluru,Karnataka,False,2023-11-29 00:00:00,False,MISSING,,ACTIVE,1441.0,False,1
MCH5905,MCH5905,Karnik Ltd,5812,mcc_field,False,Restaurants,Restaurants,Individual,Pune,Maharashtra,False,2026-02-05 00:00:00,False,MASKED,6996,ACTIVE,653.53,False,2
MCH5911,5911,Chacko-Kota,5311,mcc_field,False,Department Stores,Retail,Partnership,Hyderabad,Telangana,False,2023-09-07 00:00:00,False,MISSING,,ACTIVE,797.25,False,1
MCH5912,mch5912,Shenoy Plc,4814,mcc_field,False,Telecom,Telecom,Individual,Bengaluru,Karnataka,False,2023-12-12 00:00:00,False,MISSING,,ACTIVE,551.95,False,2
MCH5914,MCH5914,Kulkarni-Deshmukh,5699,mcc_field,False,Apparel,garments,Individual,Jaipur,Rajasthan,False,2025-04-24 21:08:53,False,MISSING,,ACTIVE,386.71,False,2
MCH5915,mch5915,"Solanki, Banik and Badal",4131,mcc_field,False,Transportation,Transport,Individual,Jalandhar,Punjab,False,2024-10-22 00:00:00,False,MASKED,8472,ACTIVE,1488.9,False,1
MCH5917,MCH 5917,"Tara, Bhasin and Singh",5912,mcc_field,False,Pharmacy,Pharmacies,Sole Proprietor,Pune,Maharashtra,False,2023-08-26 00:00:00,False,ACCOUNT_NUMBER,3463,SUSPENDED,443.4,False,1
MCH5918,MCH5918,Bora-Rege,5699,mcc_field,False,Apparel,garments,Partnership,Pune,Maharashtra,False,2024-09-23 00:00:00,False,VIRTUAL_ACCOUNT,8386,ACTIVE,203.17,True,1
MCH5921,5921,Saraf-Saraf,7011,mcc_field,False,Hotels & Lodging,Hotel,Individual,Jaipur,Rajasthan,False,2025-05-31 15:14:51,False,MASKED,9547,INACTIVE,352.95,False,1
MCH5923,mch5923,"Banik, Yogi and Seth",4814,mcc_field,False,Telecom,Mobile Recharge,Individual,Delhi,Delhi,False,,False,VIRTUAL_ACCOUNT,7681,INACTIVE,378.2,False,2
MCH5924,MCH5924,Chana-Thaman,4814,mcc_field,False,Telecom,phone service,Sole Proprietor,Delhi,Delhi,False,2025-09-27 23:42:15,False,MASKED,2862,ACTIVE,1054.56,False,1
MCH5927,MCH5927,"Hayer, Palla and Ganesh",5699,mcc_field,False,Apparel,garments,Private Limited,Lucknow,Uttar Pradesh,False,2024-06-16 00:00:00,False,MISSING,,ACTIVE,3764.09,False,1
MCH5929,MCH 5929,Chaudry-Pal,7011,mcc_field,False,Hotels & Lodging,Hotels,Private Limited,Chennai,Tamil Nadu,False,2024-11-12 00:00:00,False,VIRTUAL_ACCOUNT,9966,ACTIVE,705.57,False,2
MCH5932,MCH 5932,Jani-Sathe,4814,mcc_field,False,Telecom,TELECOM,Partnership,Ludhiana,Punjab,False,2024-10-09 04:03:57,False,MISSING,,INACTIVE,2383.64,False,1
MCH5933,MCH5933,"Natarajan, Swaminathan and Dugar",5999,mcc_field,False,Misc Retail,Retail Other,Partnership,Kolkata,West Bengal,False,2025-09-26 20:35:00,False,MASKED,6381,ACTIVE,2711.41,True,1
MCH5934,MCH5934,Krish-Doshi,4131,mcc_field,False,Transportation,Transport,Individual,Jaipur,Rajasthan,False,2024-02-24 03:10:41,False,ACCOUNT_NUMBER,4980,ACTIVE,2895.4,False,3
MCH5937,MCH-5937,"Babu, Contractor and Sem",5411,mcc_field,False,Grocery,Grocery,Private Limited,Hyderabad,Telangana,False,2023-01-04 00:00:00,False,MISSING,,INACTIVE,415.88,False,1
MCH5938,MCH5938,Prabhu LLC,5999,mcc_field,False,Misc Retail,Other,Sole Proprietor,Jalandhar,Punjab,False,2024-10-16 00:00:00,False,MISSING,,ACTIVE,590.79,False,2
MCH5939,MCH5939,"Mohan, Varughese and Johal",5411,mcc_field,False,Grocery,GROCERY_STORE,Partnership,Bengaluru,Karnataka,False,2024-12-20 00:00:00,False,MASKED,0991,ACTIVE,4307.34,False,1
MCH5941,MCH5941,Gour Ltd,5942,mcc_field,False,Books & Stationery,Books,Private Limited,Lucknow,Uttar Pradesh,False,2023-04-30 00:00:00,False,MASKED,2222,INACTIVE,1448.04,False,1
MCH5944,MCH5944,Arya Inc,5699,mcc_field,False,Apparel,CLOTHS,Partnership,Jaipur,Rajasthan,False,2025-03-31 04:07:17,False,MISSING,,ACTIVE,394.63,False,3
MCH5950,MCH5950,Dey-Raj,5999,mcc_field,False,Misc Retail,Retail Other,Sole Proprietor,Amritsar,Punjab,False,2025-11-29 00:00:00,False,ACCOUNT_NUMBER,7445,ACTIVE,3256.77,True,2
MCH5951,5951,"Sahni, Gour and Sama",5311,mcc_field,False,Department Stores,Department Store,Private Limited,Pune,Maharashtra,False,2024-05-13 00:00:00,False,MISSING,,ACTIVE,2353.06,False,1
MCH5953,MCH-5953,"Sandhu, Srinivas and Thakur",5699,mcc_field,False,Apparel,garments,Private Limited,Amritsar,Punjab,False,2023-09-10 19:25:00,False,VIRTUAL_ACCOUNT,9796,ACTIVE,3101.03,False,1
MCH5954,MCH5954,"Chand, Dora and Dey",5812,inferred_from_category,False,Restaurants,Restaurant,Private Limited,Chennai,Tamil Nadu,False,2025-08-28 14:38:01,False,MISSING,,ACTIVE,1159.45,False,1
MCH5955,MCH5955,"Rana, Mangat and De",4814,mcc_field,False,Telecom,Mobile Recharge,Sole Proprietor,Kolkata,West Bengal,False,2025-02-05 00:00:00,False,MASKED,7902,ACTIVE,1491.64,False,2
MCH5957,5957,Bose Plc,5942,mcc_field,False,Books & Stationery,BOOKS_STATIONERY,Partnership,Jaipur,Rajasthan,False,2023-09-22 00:00:00,False,MISSING,,INACTIVE,1309.17,False,1
MCH5958,mch5958,"Panchal, Krishnan and Thakkar",5812,mcc_field,False,Restaurants,Restaurants,Private Limited,Chennai,Tamil Nadu,False,2025-06-16 00:00:00,False,ACCOUNT_NUMBER,0578,CLOSED,999.64,False,1
MCH5959,mch5959,Nigam Group,5942,mcc_field,False,Books & Stationery,Book Store,Private Limited,Mumbai,Maharashtra,False,2025-06-14 00:00:00,False,VIRTUAL_ACCOUNT,5803,INACTIVE,2495.0,False,1
MCH5961,MCH5961,Batra Ltd,5812,mcc_field,False,Restaurants,Restaurant,Individual,Jalandhar,Punjab,False,2024-05-24 00:00:00,False,VIRTUAL_ACCOUNT,1128,ACTIVE,608.0,False,1
MCH5963,MCH 5963,Goyal-Sur,5812,mcc_field,False,Restaurants,Restaurants,Private Limited,Chennai,Tamil Nadu,False,2025-09-14 08:31:00,False,MASKED,6740,ACTIVE,3785.0,False,2
MCH5965,MCH5965,Wason LLC,4814,mcc_field,False,Telecom,phone service,Partnership,Hyderabad,Telangana,False,2025-06-03 21:59:21,False,MISSING,,ACTIVE,2365.0,False,1
MCH5966,MCH5966,"Bala, Tandon and Keer",5411,inferred_from_category,False,Grocery,Grocery Stores,Individual,Lucknow,Uttar Pradesh,False,2023-02-06 00:00:00,False,MISSING,,ACTIVE,255.77,False,1
MCH5968,MCH5968,"Soman, Issac and Goswami",5311,mcc_field,False,Department Stores,DEPT_STORE,Private Limited,Jalandhar,Punjab,False,2025-10-16 00:00:00,False,ACCOUNT_NUMBER,5092,ACTIVE,5598.75,False,1
MCH5970,MCH5970,Babu and Sons,5699,mcc_field,False,Apparel,Clothing,Private Limited,Amritsar,Punjab,False,2025-01-14 00:00:00,False,MISSING,,INACTIVE,2060.67,False,1
MCH5972,MCH5972,Mane Ltd,5942,mcc_field,False,Books & Stationery,BOOKS_STATIONERY,Individual,Amritsar,Punjab,False,2024-06-03 07:02:00,False,MASKED,0204,ACTIVE,644.97,False,2
MCH5973,MCH 5973,Biswas-Dass,5699,mcc_field,False,Apparel,Fashion,Sole Proprietor,Lucknow,Uttar Pradesh,False,2025-11-25 00:00:00,False,MASKED,1507,ACTIVE,,False,1
MCH5974,MCH5974,Padmanabhan LLC,5812,mcc_field,False,Restaurants,Food,Individual,Lucknow,Uttar Pradesh,False,2023-03-11 10:03:46,False,MASKED,9484,ACTIVE,1194.0,False,1
MCH5979,MCH5979,Mani Group,4131,mcc_field,False,Transportation,TRAVEL,Private Limited,Bengaluru,Karnataka,False,2024-07-15 00:00:00,False,MISSING,,SUSPENDED,4686.23,False,1
MCH5980,MCH-5980,Misra-Ganguly,4131,mcc_field,False,Transportation,transprt,Individual,Kolkata,West Bengal,False,2025-08-13 00:00:00,False,MASKED,2799,ACTIVE,2762.0,False,2
MCH5983,MCH 5983,"Morar, Memon and Kala",5311,mcc_field,False,Department Stores,Department Store,Sole Proprietor,Pune,Maharashtra,False,2025-05-06 09:44:28,False,ACCOUNT_NUMBER,9828,ACTIVE,306.11,True,1
MCH5984,5984,Acharya-Badal,5999,mcc_field,False,Misc Retail,Other,Sole Proprietor,Kolkata,West Bengal,False,2023-01-03 00:00:00,False,MISSING,,ACTIVE,515.0,False,2
MCH5992,MCH5992,"Anne, Gole and Bhatnagar",5912,mcc_field,False,Pharmacy,chemist,Private Limited,Ludhiana,Punjab,False,2025-12-31 00:00:00,False,VIRTUAL_ACCOUNT,1548,ACTIVE,1637.97,False,1
MCH5995,5995,Bassi Ltd,5812,mcc_field,False,Restaurants,eating place,Private Limited,Lucknow,Uttar Pradesh,False,2024-02-01 00:00:00,False,MASKED,5294,ACTIVE,2631.68,False,2
MCH5997,MCH5997,"Kothari,basuand Kothari",5912,mcc_field,False,Pharmacy,Medical,Sole Proprietor,Delhi,Delhi,False,2025-09-07 16:46:16,False,ACCOUNT_NUMBER,8429,INACTIVE,2459.46,False,1
MCH5998,MCH-5998,Joshi Inc,5411,mcc_field,False,Grocery,GROCERY_STORE,Private Limited,Chennai,Tamil Nadu,False,2024-08-30 00:00:00,False,MISSING,,ACTIVE,1152.74,False,1
MCH5999,MCH5999,Nori Inc,5999,mcc_field,False,Misc Retail,Other,Private Limited,Jalandhar,Punjab,False,2026-01-02 22:34:56,False,MASKED,4498,ACTIVE,629.41,False,1
MCH6001,MCH6001,Murthy-Batra,7011,mcc_field,False,Hotels & Lodging,Hotels,Sole Proprietor,Jalandhar,Punjab,False,2024-08-31 00:00:00,False,VIRTUAL_ACCOUNT,8671,ACTIVE,1116.47,False,1
MCH6002,MCH6002,Bal Group,5912,mcc_field,False,Pharmacy,MEDICAL_STORE,Partnership,Delhi,Delhi,False,2025-05-14 00:00:00,False,MISSING,,ACTIVE,718.0,False,2
MCH6004,mch6004,Raval and Sons,5812,mcc_field,False,Restaurants,eating place,Partnership,Bengaluru,Karnataka,False,2025-10-20 12:33:00,False,MISSING,,ACTIVE,477.72,False,1
MCH6009,MCH6009,"Nagar, Chowdhury and Raghavan",5942,inferred_from_category,False,Books & Stationery,Stationery,Private Limited,Pune,Maharashtra,False,,False,MASKED,6864,ACTIVE,1266.03,False,1
MCH6010,MCH6010,"Tak, Sani and Jaggi",5912,mcc_field,False,Pharmacy,Pharmacies,Individual,Jaipur,Rajasthan,False,2024-01-20 00:00:00,False,VIRTUAL_ACCOUNT,8886,ACTIVE,1022.54,False,1
MCH6013,MCH6013,Date Ltd,5699,mcc_field,False,Apparel,Apparel,Individual,Mumbai,Maharashtra,False,2025-11-12 09:48:09,False,ACCOUNT_NUMBER,8184,INACTIVE,138.89,False,1
MCH6016,MCH-6016,Goda Inc,5942,inferred_from_category,False,Books & Stationery,Books,Sole Proprietor,Kolkata,West Bengal,False,2025-07-21 22:39:16,False,VIRTUAL_ACCOUNT,1729,ACTIVE,1254.1,False,2
MCH6017,MCH6017,"Loyal, Sidhu and Balay",4814,mcc_field,False,Telecom,Telecom,Sole Proprietor,Amritsar,Punjab,False,2025-08-01 01:30:00,False,MISSING,,INACTIVE,985.33,False,2
MCH6019,MCH6019,Chatterjee Ltd,5812,inferred_from_category,False,Restaurants,Food,Private Limited,Delhi,Delhi,False,2026-01-25 00:00:00,False,VIRTUAL_ACCOUNT,0914,ACTIVE,100.27,False,1
MCH6020,mch6020,Goda Ltd,5942,mcc_field,False,Books & Stationery,Books,Sole Proprietor,Lucknow,Uttar Pradesh,False,2025-01-09 00:00:00,False,MASKED,5529,ACTIVE,2555.72,False,1
MCH6023,MCH-6023,Datta Plc,5411,mcc_field,False,Grocery,kirana,Partnership,Ludhiana,Punjab,False,2026-01-27 00:00:00,False,ACCOUNT_NUMBER,3041,ACTIVE,2183.74,False,1
MCH6024,MCH6024,"Saran, Sinha and Barman",5812,mcc_field,False,Restaurants,Restaurants,Sole Proprietor,Jalandhar,Punjab,False,2026-01-18 00:39:00,False,MASKED,8830,ACTIVE,1185.95,False,3
MCH6025,MCH6025,Wable and Sons,4814,mcc_field,False,Telecom,Mobile Recharge,Sole Proprietor,Pune,Maharashtra,False,2026-01-14 04:31:00,False,MISSING,,ACTIVE,2018.15,False,4
MCH6026,MCH6026,Narayanan-Bhatt,5942,mcc_field,False,Books & Stationery,Books,Partnership,Hyderabad,Telangana,False,2025-09-14 00:00:00,False,ACCOUNT_NUMBER,1300,ACTIVE,746.02,False,1
MCH6028,MCH6028,"Devan, Saha and Nagar",7011,mcc_field,False,Hotels & Lodging,Hospitality,Partnership,Jalandhar,Punjab,False,2023-05-02 08:52:59,False,MASKED,4040,ACTIVE,2112.02,False,1
MCH6030,MCH6030,"Dhillon, Sunder and Sodhi",5999,mcc_field,False,Misc Retail,Miscellaneous,Partnership,Jaipur,Rajasthan,False,2025-02-19 00:00:00,False,VIRTUAL_ACCOUNT,0068,ACTIVE,884.98,False,1
MCH6031,MCH6031,Chauhan Group,5699,mcc_field,False,Apparel,CLOTHS,Individual,Hyderabad,Telangana,False,2024-12-13 22:44:00,False,MASKED,4944,ACTIVE,654.0,False,1
MCH6033,MCH6033,"Sama, Basak and Majumdar",5999,mcc_field,False,Misc Retail,Other,Private Limited,Hyderabad,Telangana,False,2025-03-05 00:00:00,False,ACCOUNT_NUMBER,8024,ACTIVE,365.0,False,2
MCH6034,MCH6034,Sane Inc,5912,mcc_field,False,Pharmacy,MEDICAL_STORE,Private Limited,Jaipur,Rajasthan,False,2025-10-18 00:00:00,False,ACCOUNT_NUMBER,5986,ACTIVE,1353.34,False,1
MCH6035,MCH 6035,Radhakrishnan-Chad,5812,mcc_field,False,Restaurants,eating place,Partnership,Delhi,Delhi,False,2026-01-25 00:00:00,False,MISSING,,ACTIVE,706.81,False,2
MCH6036,MCH-6036,Chhabra Group,5699,mcc_field,False,Apparel,Fashion,Sole Proprietor,Amritsar,Punjab,False,2024-01-10 00:00:00,False,MASKED,4226,ACTIVE,,False,1
MCH6039,MCH6039,Padmanabhan-Bora,4814,mcc_field,False,Telecom,TELECOM,Sole Proprietor,Lucknow,Uttar Pradesh,False,,False,MISSING,,ACTIVE,6727.69,False,1
MCH6043,MCH6043,Saran-Rai,5411,mcc_field,False,Grocery,groceries,Private Limited,Jaipur,Rajasthan,False,2025-11-17 00:00:00,False,MISSING,,ACTIVE,2845.67,False,2
MCH6044,MCH-6044,Narain-Srivastava,7011,mcc_field,False,Hotels & Lodging,Hospitality,Sole Proprietor,Hyderabad,Telangana,False,2026-02-11 00:00:00,False,MISSING,,ACTIVE,141.65,False,1
MCH6045,MCH6045,"Bajwa, Wali and Walla",5912,mcc_field,False,Pharmacy,Pharmacy,Private Limited,Bengaluru,Karnataka,False,2023-09-28 00:00:00,False,ACCOUNT_NUMBER,2760,ACTIVE,2897.0,False,1
MCH6046,MCH6046,"Palla, Yadav and Bhatnagar",5999,mcc_field,False,Misc Retail,Other,Individual,Bengaluru,Karnataka,False,2024-03-27 20:41:48,False,MISSING,,ACTIVE,2396.76,False,1
MCH6050,MCH-6050,"Choudhary, Shanker and Rajan",5812,mcc_field,False,Restaurants,Restaurants,Individual,Ludhiana,Punjab,False,2024-03-26 21:03:47,False,ACCOUNT_NUMBER,2555,ACTIVE,2324.79,True,1
MCH6051,MCH 6051,"Prashad, Date and Sodhi",5311,mcc_field,False,Department Stores,Department Stores,Private Limited,Jalandhar,Punjab,False,2026-01-18 00:00:00,False,MISSING,,ACTIVE,212.27,True,1
MCH6052,MCH-6052,Nayak-Wadhwa,5912,mcc_field,False,Pharmacy,Pharmacy,Private Limited,Jaipur,Rajasthan,False,2023-07-12 00:00:00,False,MASKED,8602,ACTIVE,600.38,False,1
MCH6053,MCH6053,Barad-Sen,5999,mcc_field,False,Misc Retail,Retail Other,Individual,Kolkata,West Bengal,False,2025-10-20 00:00:00,False,ACCOUNT_NUMBER,7547,ACTIVE,2730.09,False,2
MCH6056,MCH 6056,Iyengar-Hegde,4131,mcc_field,False,Transportation,Transport,Partnership,Amritsar,Punjab,False,2025-03-23 00:00:00,False,MISSING,,ACTIVE,1004.69,False,1
MCH6058,MCH6058,Loke LLC,5942,mcc_field,False,Books & Stationery,Book Store,Sole Proprietor,Amritsar,Punjab,False,,False,VIRTUAL_ACCOUNT,8734,ACTIVE,317.07,False,1
MCH6059,MCH6059,Bhargava Plc,7011,mcc_field,False,Hotels & Lodging,Hotels,Private Limited,Jaipur,Rajasthan,False,2025-07-16 00:00:00,False,MASKED,7802,SUSPENDED,333.57,False,1
MCH6060,MCH-6060,Chacko-Sundaram,4131,mcc_field,False,Transportation,Transportation,Individual,Jaipur,Rajasthan,False,2023-03-25 00:00:00,False,MASKED,2924,INACTIVE,2026.75,False,1
MCH6061,MCH6061,Anand-Savant,5411,mcc_field,False,Grocery,GROCERY_STORE,Sole Proprietor,Amritsar,Punjab,False,2026-02-08 12:13:00,False,MISSING,,ACTIVE,625.71,True,6
MCH6062,MCH6062,Kata Plc,5699,mcc_field,False,Apparel,Clothing,Sole Proprietor,Mumbai,Maharashtra,False,2025-09-10 00:00:00,False,ACCOUNT_NUMBER,4778,ACTIVE,9045.0,False,2
MCH6064,MCH6064,"Wable, Virk and Gaba",5812,mcc_field,False,Restaurants,FOOD_SERVICES,Private Limited,Amritsar,Punjab,False,2025-06-09 01:56:12,False,ACCOUNT_NUMBER,2355,ACTIVE,5256.61,False,2
MCH6067,MCH6067,Chawla-Ganguly,7011,inferred_from_category,False,Hotels & Lodging,Hospitality,Sole Proprietor,Mumbai,Maharashtra,False,2025-12-03 00:00:00,False,VIRTUAL_ACCOUNT,0860,INACTIVE,700.95,False,1
MCH6069,MCH6069,Krish-Joshi,5699,inferred_from_category,False,Apparel,Fashion,Private Limited,Amritsar,Punjab,False,2024-07-30 00:00:00,False,MASKED,1701,ACTIVE,252.19,False,1
MCH6071,MCH6071,Nagy Inc,5311,mcc_field,False,Department Stores,DEPT_STORE,Private Limited,Delhi,Delhi,False,,False,MASKED,2349,ACTIVE,2743.11,True,1
MCH6072,6072,"Bassi, Sarma and Yohannan",5999,inferred_from_category,False,Misc Retail,Other,Sole Proprietor,Chennai,Tamil Nadu,False,2024-01-14 00:00:00,False,VIRTUAL_ACCOUNT,8335,ACTIVE,1959.53,False,1
MCH6075,MCH-6075,"Lad, Menon and Tiwari",4814,mcc_field,False,Telecom,Mobile Recharge,Private Limited,Bengaluru,Karnataka,False,2023-08-06 00:00:00,False,ACCOUNT_NUMBER,6592,ACTIVE,709.64,False,1
MCH6078,mch6078,Oza-Srinivasan,4814,mcc_field,False,Telecom,Telecom,Individual,Mumbai,Maharashtra,False,2023-10-15 19:51:00,False,MISSING,,ACTIVE,4379.06,False,1
MCH6079,MCH6079,"Seshadri, Muni and Banik",7011,mcc_field,False,Hotels & Lodging,HOTEL_LODGING,Individual,Kolkata,West Bengal,False,2026-02-24 00:00:00,False,MISSING,,ACTIVE,434.97,False,3
MCH6080,6080,"Kanda, Krishnan and Chaudry",5411,mcc_field,False,Grocery,GROCERY_STORE,Private Limited,Chennai,Tamil Nadu,False,2023-02-27 00:47:00,False,MISSING,,INACTIVE,1675.16,False,1
MCH6083,MCH6083,"Shah, Deep and Swaminathan",5411,mcc_field,False,Grocery,GROCERY_STORE,Partnership,Amritsar,Punjab,False,2025-06-28 00:00:00,False,MISSING,,ACTIVE,1417.0,False,1
MCH6084,mch6084,Gera-Patla,4131,inferred_from_category,False,Transportation,Bus/Taxi,Sole Proprietor,Lucknow,Uttar Pradesh,False,2026-01-26 15:06:00,False,ACCOUNT_NUMBER,5491,ACTIVE,3360.46,False,3
MCH6090,MCH6090,Bahl-Ramanathan,7011,mcc_field,False,Hotels & Lodging,Hotel,Sole Proprietor,Jalandhar,Punjab,False,2025-03-10 00:29:05,False,ACCOUNT_NUMBER,5873,ACTIVE,1685.43,False,2
MCH6091,MCH6091,Ratti-Kalita,5942,mcc_field,False,Books & Stationery,Stationery,Sole Proprietor,Ludhiana,Punjab,False,2023-09-06 00:00:00,False,MASKED,4886,ACTIVE,458.92,False,2
MCH6095,MCH-6095,"Sahota, Misra and Kata",5942,inferred_from_category,False,Books & Stationery,Stationery,Partnership,Hyderabad,Telangana,False,2024-11-29 00:00:00,False,MISSING,,ACTIVE,665.0,False,1
MCH6097,MCH6097,Mannan Plc,5812,mcc_field,False,Restaurants,Restaurant,Partnership,Lucknow,Uttar Pradesh,False,2025-02-13 00:39:51,False,MASKED,8307,ACTIVE,258.41,False,1
MCH6099,MCH6099,Yadav LLC,4814,mcc_field,False,Telecom,TELECOM,Partnership,Bengaluru,Karnataka,False,2025-06-16 00:00:00,False,ACCOUNT_NUMBER,7756,ACTIVE,4726.0,False,1
MCH6100,MCH6100,"Pillay, Merchant and Sem",5942,mcc_field,False,Books & Stationery,BOOKS_STATIONERY,Private Limited,Jalandhar,Punjab,False,2023-09-05 09:50:00,False,ACCOUNT_NUMBER,0590,ACTIVE,1374.95,False,1
MCH6101,MCH6101,Dora-Bajwa,5912,mcc_field,False,Pharmacy,Medical,Private Limited,Pune,Maharashtra,False,2025-07-28 00:00:00,False,ACCOUNT_NUMBER,3333,ACTIVE,3328.35,False,2
MCH6102,MCH6102,"Hayre, Peri and Sura",7011,mcc_field,False,Hotels & Lodging,Hotel,Private Limited,Ludhiana,Punjab,False,2024-01-26 00:00:00,False,VIRTUAL_ACCOUNT,0457,ACTIVE,4593.66,True,2
MCH6104,MCH6104,Keer-Gade,5311,mcc_field,False,Department Stores,Department Store,Individual,Kolkata,West Bengal,False,2023-01-01 20:32:00,False,VIRTUAL_ACCOUNT,2123,INACTIVE,935.82,False,1
MCH6105,MCH-6105,Upadhyay Plc,7011,mcc_field,False,Hotels & Lodging,Hotels,Sole Proprietor,Kolkata,West Bengal,False,2024-02-07 00:26:26,False,MISSING,,ACTIVE,527.81,False,3
MCH6107,MCH6107,"Bhattacharyya, Narayanan and Samra",5812,mcc_field,False,Restaurants,Food,Partnership,Pune,Maharashtra,False,2025-02-21 00:00:00,False,MISSING,,ACTIVE,1215.85,False,3
MCH6109,MCH6109,Sampath Ltd,4814,mcc_field,False,Telecom,Telecom,Individual,Ludhiana,Punjab,False,2026-01-15 23:34:00,False,ACCOUNT_NUMBER,9990,ACTIVE,399.08,False,1
MCH6112,MCH6112,Luthra-Grover,5942,mcc_field,False,Books & Stationery,Books,Partnership,Jaipur,Rajasthan,False,2024-06-22 00:00:00,False,MISSING,,ACTIVE,1366.0,False,1
MCH6113,MCH6113,"Shenoy, Kapadia and Pradhan",5942,mcc_field,False,Books & Stationery,BOOKS_STATIONERY,Individual,Amritsar,Punjab,False,2025-05-21 01:21:00,False,VIRTUAL_ACCOUNT,5455,ACTIVE,8727.62,False,2
MCH6114,MCH6114,"Khurana, Chowdhury and Chaudhary",4814,inferred_from_category,False,Telecom,Mobile Recharge,Private Limited,Chennai,Tamil Nadu,False,,False,MASKED,2122,ACTIVE,1212.0,False,1
MCH6115,MCH6115,Padmanabhan-Chahal,5311,inferred_from_category,False,Department Stores,Retail,Private Limited,Mumbai,Maharashtra,False,2024-03-01 00:00:00,False,MASKED,5769,INACTIVE,266.65,False,1
MCH6116,MCH-6116,Keer-Shukla,4131,mcc_field,False,Transportation,Transport,Individual,Delhi,Delhi,False,2025-02-18 00:00:00,False,ACCOUNT_NUMBER,5557,ACTIVE,3651.0,False,1
MCH6118,MCH6118,"Radhakrishnan, Lala and Devi",5311,mcc_field,False,Department Stores,DEPT_STORE,Sole Proprietor,Delhi,Delhi,False,2024-01-06 00:00:00,False,ACCOUNT_NUMBER,0983,ACTIVE,11547.0,False,1
MCH6119,MCH-6119,Hayer Ltd,5912,mcc_field,False,Pharmacy,Pharmacies,Individual,Amritsar,Punjab,False,2025-12-11 00:00:00,False,MISSING,,ACTIVE,1262.04,False,2
MCH6121,MCH-6121,Madan Plc,5311,mcc_field,False,Department Stores,Retail,Private Limited,Bengaluru,Karnataka,False,2023-09-07 00:00:00,False,ACCOUNT_NUMBER,7989,ACTIVE,1208.86,False,2
MCH6122,MCH6122,Rai Ltd,4131,mcc_field,False,Transportation,Transport,Private Limited,Jalandhar,Punjab,False,2024-02-11 00:00:00,False,VIRTUAL_ACCOUNT,5909,INACTIVE,2198.19,False,2
MCH6131,mch6131,"Dhar, Dada and Bakshi",5699,inferred_from_category,False,Apparel,CLOTHS,Partnership,Bengaluru,Karnataka,False,2024-03-10 19:58:24,False,ACCOUNT_NUMBER,0161,ACTIVE,1921.0,False,2
MCH6137,MCH 6137,"Sidhu, Ahuja and Kumar",5812,mcc_field,False,Restaurants,Food,Partnership,Bengaluru,Karnataka,False,,False,ACCOUNT_NUMBER,2134,ACTIVE,1574.67,False,2
MCH6143,MCH6143,Baral Plc,5411,mcc_field,False,Grocery,kirana,Partnership,Kolkata,West Bengal,False,2024-12-05 02:07:44,False,ACCOUNT_NUMBER,5329,ACTIVE,1054.97,False,2
MCH6144,MCH6144,Ravi-Dhingra,5912,mcc_field,False,Pharmacy,chemist,Private Limited,Hyderabad,Telangana,False,2023-04-28 00:00:00,False,MISSING,,ACTIVE,2686.0,False,1
MCH6146,MCH6146,Handa LLC,5912,mcc_field,False,Pharmacy,MEDICAL_STORE,Individual,Amritsar,Punjab,False,2023-01-01 00:00:00,False,VIRTUAL_ACCOUNT,7179,ACTIVE,1061.38,True,1
MCH6147,mch6147,Singhal-Murthy,4131,mcc_field,False,Transportation,Transport,Partnership,Mumbai,Maharashtra,False,2023-01-06 00:00:00,False,MISSING,,ACTIVE,1814.59,True,1
MCH6148,MCH6148,"Sem, Aggarwal and Uppal",5311,mcc_field,False,Department Stores,DEPT_STORE,Sole Proprietor,Lucknow,Uttar Pradesh,False,2025-11-29 06:29:00,False,ACCOUNT_NUMBER,8195,INACTIVE,3148.18,False,3
MCH6150,MCH6150,"Chada, Vala and Merchant",4814,mcc_field,False,Telecom,Mobile Recharge,Private Limited,Hyderabad,Telangana,False,2024-10-10 00:00:00,False,ACCOUNT_NUMBER,4761,INACTIVE,616.0,False,2
MCH6152,MCH6152,Mukhopadhyay Plc,5942,mcc_field,False,Books & Stationery,Stationery,Individual,Jaipur,Rajasthan,False,2025-12-20 00:00:00,False,VIRTUAL_ACCOUNT,5999,ACTIVE,1642.16,False,3
MCH6155,MCH6155,"Mukhopadhyay, Doshi and Gopal",5411,mcc_field,False,Grocery,Grocery Stores,Sole Proprietor,Jalandhar,Punjab,False,2025-10-03 00:00:00,False,MASKED,5418,ACTIVE,830.87,True,3
MCH6158,MCH6158,"Dhingra, Ratti and Palla",4131,mcc_field,False,Transportation,Bus/Taxi,Sole Proprietor,Amritsar,Punjab,False,2023-04-26 00:00:00,False,VIRTUAL_ACCOUNT,1462,ACTIVE,1443.6,False,1
MCH6161,MCH6161,Sura-Wadhwa,4814,inferred_from_category,False,Telecom,Telecom,Individual,Bengaluru,Karnataka,False,2025-04-22 00:00:00,False,VIRTUAL_ACCOUNT,7258,ACTIVE,490.18,False,2
MCH6162,MCH6162,"Naik, Kade and Singh",4131,mcc_field,False,Transportation,Bus/Taxi,Partnership,Amritsar,Punjab,False,2025-03-21 00:00:00,False,MASKED,4537,ACTIVE,2176.24,False,1
MCH6163,MCH-6163,Mani Ltd,5942,mcc_field,False,Books & Stationery,Book Store,Partnership,Hyderabad,Telangana,False,2025-10-30 00:00:00,False,VIRTUAL_ACCOUNT,5773,ACTIVE,2298.3,False,2
MCH6164,6164,"Bir, Patil and Chahal",5912,inferred_from_category,False,Pharmacy,Pharmacy,Sole Proprietor,Mumbai,Maharashtra,False,2023-03-01 18:39:00,False,ACCOUNT_NUMBER,0362,ACTIVE,1451.0,False,1
MCH6165,mch6165,"Chandran, Dey and Dalal",5699,inferred_from_category,False,Apparel,Apparel,Private Limited,Delhi,Delhi,False,2025-08-29 16:50:00,False,VIRTUAL_ACCOUNT,0397,ACTIVE,1513.56,False,4
MCH6167,MCH6167,"Chawla, Andra and Varty",4814,mcc_field,False,Telecom,Telecom,Partnership,Hyderabad,Telangana,False,2023-05-08 00:00:00,False,ACCOUNT_NUMBER,1219,ACTIVE,2407.62,False,1
MCH6168,MCH6168,"Raj, Sharma and Panchal",4131,mcc_field,False,Transportation,Bus/Taxi,Private Limited,Ludhiana,Punjab,False,2025-08-19 00:00:00,False,MISSING,,ACTIVE,1123.84,False,1
MCH6170,MCH6170,Ghose-Mann,5999,mcc_field,False,Misc Retail,Miscellaneous,Private Limited,Lucknow,Uttar Pradesh,False,2023-09-05 00:00:00,False,ACCOUNT_NUMBER,1724,ACTIVE,1120.12,False,1
MCH6171,MCH 6171,Naik and Sons,5812,mcc_field,False,Restaurants,Restaurant,Individual,Amritsar,Punjab,False,2023-08-09 00:00:00,False,MISSING,,CLOSED,4084.17,False,1
MCH6172,MCH 6172,Raja Inc,5812,mcc_field,False,Restaurants,Food,Sole Proprietor,Hyderabad,Telangana,False,2024-11-09 00:00:00,False,MISSING,,ACTIVE,1050.0,False,1
MCH6176,MCH6176,"Tandon, Badal and Natarajan",4131,mcc_field,False,Transportation,TRAVEL,Private Limited,Hyderabad,Telangana,False,2025-12-10 00:00:00,False,MASKED,9488,ACTIVE,2925.84,False,1
MCH6180,MCH6180,Thakur and Sons,5699,mcc_field,False,Apparel,Apparel,Private Limited,Lucknow,Uttar Pradesh,False,2025-05-24 02:59:23,False,VIRTUAL_ACCOUNT,1830,ACTIVE,699.96,False,1
MCH6183,MCH6183,Dutt Plc,7011,mcc_field,False,Hotels & Lodging,Hotel,Sole Proprietor,Kolkata,West Bengal,False,2026-02-23 00:00:00,False,MISSING,,ACTIVE,1191.35,True,3
MCH6184,MCH6184,Peri-Rout,4131,mcc_field,False,Transportation,Bus/Taxi,Sole Proprietor,Mumbai,Maharashtra,False,,False,MASKED,1239,ACTIVE,1637.73,False,1
MCH6187,MCH6187,"Shanker, Sastry and Rattan",4131,mcc_field,False,Transportation,TRAVEL,Individual,Delhi,Delhi,False,2025-11-17 00:00:00,False,MISSING,,ACTIVE,327.19,False,1
MCH6188,MCH6188,"Batta, Choudhary and Bhalla",4131,mcc_field,False,Transportation,transprt,Private Limited,Kolkata,West Bengal,False,2026-01-09 00:00:00,False,ACCOUNT_NUMBER,1401,ACTIVE,163.0,False,2
MCH6190,MCH 6190,Pal Ltd,5699,mcc_field,False,Apparel,CLOTHS,Private Limited,Ludhiana,Punjab,False,2023-03-01 00:00:00,False,MISSING,,ACTIVE,376.59,False,1
MCH6197,MCH6197,"Koshy, Shah and Ratta",4131,mcc_field,False,Transportation,transprt,Partnership,Bengaluru,Karnataka,False,2024-03-20 00:00:00,False,VIRTUAL_ACCOUNT,1544,ACTIVE,1491.79,False,2
MCH6198,MCH6198,Rana-Sabharwal,5311,mcc_field,False,Department Stores,Retail,Individual,Mumbai,Maharashtra,False,,False,MISSING,,ACTIVE,410.5,False,1
MCH6200,MCH 6200,"Sen, Walla and Bath",5999,mcc_field,False,Misc Retail,Retail Other,Private Limited,Delhi,Delhi,False,2024-01-29 20:38:00,False,MISSING,,ACTIVE,,False,3
MCH6205,MCH6205,Munshi Inc,4814,mcc_field,False,Telecom,Telecom,Sole Proprietor,Ludhiana,Punjab,False,2026-01-01 00:00:00,False,VIRTUAL_ACCOUNT,8772,ACTIVE,230.73,False,2
MCH6206,MCH6206,"Chander, Bawa and Setty",7011,mcc_field,False,Hotels & Lodging,Hospitality,Sole Proprietor,Lucknow,Uttar Pradesh,False,2025-12-08 05:06:00,False,MISSING,,ACTIVE,1545.95,False,4
MCH6207,MCH6207,"Ganesan, Bajwa and Reddy",5912,mcc_field,False,Pharmacy,Pharmacy,Partnership,Jaipur,Rajasthan,False,2023-03-21 00:00:00,False,ACCOUNT_NUMBER,3894,ACTIVE,391.96,False,1
MCH6208,6208,Tak-Parmar,4814,mcc_field,False,Telecom,Telecom,Private Limited,Lucknow,Uttar Pradesh,False,2024-03-16 00:00:00,False,MASKED,8227,BLOCKED,,False,1
MCH6210,MCH6210,Sem Group,5812,mcc_field,False,Restaurants,eating place,Private Limited,Amritsar,Punjab,False,2024-01-03 02:42:08,False,MISSING,,ACTIVE,2370.64,False,1
MCH6213,MCH6213,Sangha LLC,5999,inferred_from_category,False,Misc Retail,Retail Other,Private Limited,Delhi,Delhi,False,2025-12-03 12:46:00,False,MISSING,,ACTIVE,722.0,False,1
MCH6216,MCH6216,"Bhatti, Dass and Deshpande",5411,mcc_field,False,Grocery,Grocery,Individual,Ludhiana,Punjab,False,2024-09-08 01:01:00,False,MASKED,5234,ACTIVE,1325.06,False,2
MCH6218,MCH6218,Chad-Bhakta,5411,mcc_field,False,Grocery,Grocery,Sole Proprietor,Chennai,Tamil Nadu,False,2023-12-23 00:00:00,False,VIRTUAL_ACCOUNT,2267,ACTIVE,218.0,False,1
MCH6219,MCH6219,"Morar, Walla and Behl",5912,mcc_field,False,Pharmacy,MEDICAL_STORE,Partnership,Delhi,Delhi,False,2024-06-24 00:00:00,False,MISSING,,ACTIVE,4347.57,False,1
MCH6221,MCH6221,Dey-Maharaj,5912,mcc_field,False,Pharmacy,chemist,Private Limited,Ludhiana,Punjab,False,2026-01-22 00:00:00,False,ACCOUNT_NUMBER,0882,INACTIVE,402.9,True,2
MCH6223,MCH6223,Ramanathan-Dhingra,4131,mcc_field,False,Transportation,TRAVEL,Individual,Lucknow,Uttar Pradesh,False,2023-10-03 00:00:00,False,ACCOUNT_NUMBER,0394,ACTIVE,306.0,False,1
MCH6224,MCH 6224,Lal-Anand,5912,mcc_field,False,Pharmacy,chemist,Private Limited,Delhi,Delhi,False,2025-07-28 00:00:00,False,ACCOUNT_NUMBER,1138,ACTIVE,3823.0,False,2
MCH6225,MCH6225,"Loyal, Mander and Agrawal",5411,mcc_field,False,Grocery,Grocery,Sole Proprietor,Kolkata,West Bengal,False,2023-12-17 00:00:00,False,MISSING,,ACTIVE,859.91,False,1
MCH6228,MCH6228,"Kar, Agarwal and Karpe",5812,mcc_field,False,Restaurants,eating place,Private Limited,Bengaluru,Karnataka,False,2024-08-05 00:00:00,False,MISSING,,ACTIVE,1145.75,False,2
MCH6231,MCH-6231,"Chand, Johal and Chawla",5812,mcc_field,False,Restaurants,FOOD_SERVICES,Private Limited,Jalandhar,Punjab,False,2023-06-26 00:00:00,False,ACCOUNT_NUMBER,8479,ACTIVE,919.0,False,1
MCH6233,MCH6233,Vohra Ltd,5942,mcc_field,False,Books & Stationery,Books,Partnership,Delhi,Delhi,False,2026-02-26 00:00:00,False,MISSING,,ACTIVE,2389.79,False,2
MCH6239,MCH-6239,Varkey-More,5699,mcc_field,False,Apparel,Clothing,Private Limited,Lucknow,Uttar Pradesh,False,2025-08-20 00:00:00,False,MISSING,,ACTIVE,849.3,False,2
MCH6240,MCH6240,Mutti Plc,5999,mcc_field,False,Misc Retail,Misc Retail,Partnership,Delhi,Delhi,False,2025-11-08 00:00:00,False,MISSING,,ACTIVE,1461.1,False,2
MCH6242,MCH6242,Som Inc,5311,mcc_field,False,Department Stores,Department Store,Sole Proprietor,Jaipur,Rajasthan,False,2023-06-27 04:59:14,False,VIRTUAL_ACCOUNT,6690,ACTIVE,1984.97,True,1
MCH6244,MCH6244,Memon and Sons,5311,mcc_field,False,Department Stores,Retail,Individual,Mumbai,Maharashtra,False,2025-11-24 00:00:00,False,MISSING,,INACTIVE,1468.71,True,2
MCH6246,MCH 6246,Zachariah Group,5699,mcc_field,False,Apparel,CLOTHS,Individual,Chennai,Tamil Nadu,False,2025-06-16 00:00:00,False,MISSING,,ACTIVE,1510.7,False,2
MCH6247,MCH6247,Dhar-Ram,4814,mcc_field,False,Telecom,phone service,Individual,Jaipur,Rajasthan,False,2026-01-14 00:00:00,False,MISSING,,ACTIVE,468.52,False,1
MCH6251,MCH6251,"Sodhi, Handa and Venkatesh",5411,mcc_field,False,Grocery,Grocery Stores,Sole Proprietor,Lucknow,Uttar Pradesh,False,2025-09-18 00:00:00,False,ACCOUNT_NUMBER,7488,SUSPENDED,291.55,False,1
MCH6254,MCH6254,Murthy Group,4814,mcc_field,False,Telecom,Telecom,Partnership,Amritsar,Punjab,False,2025-07-05 23:34:00,False,ACCOUNT_NUMBER,8410,INACTIVE,,False,1
MCH6255,MCH6255,"Gupta, Kibe and Aurora",7011,mcc_field,False,Hotels & Lodging,Hospitality,Partnership,Lucknow,Uttar Pradesh,False,2023-10-31 04:07:14,False,ACCOUNT_NUMBER,2681,ACTIVE,3182.0,False,1
MCH6256,MCH6256,Rana-Walia,5812,mcc_field,False,Restaurants,Restaurants,Sole Proprietor,Ludhiana,Punjab,False,2025-02-27 00:00:00,False,MASKED,5533,INACTIVE,330.34,False,2
MCH6257,MCH6257,"Bali, Ahuja and Natarajan",4131,mcc_field,False,Transportation,transprt,Individual,Delhi,Delhi,False,2025-11-27 00:00:00,False,MISSING,,SUSPENDED,1050.0,False,2
MCH6258,MCH-6258,"Mitra, Nori and Venkataraman",5912,inferred_from_category,False,Pharmacy,Pharmacies,Private Limited,Hyderabad,Telangana,False,2025-02-10 18:46:00,False,MISSING,,ACTIVE,353.34,False,1
MCH6260,MCH6260,Mittal Plc,5912,mcc_field,False,Pharmacy,Pharmacy,Private Limited,Lucknow,Uttar Pradesh,False,2025-01-27 15:46:00,False,MASKED,9807,ACTIVE,,False,1
MCH6262,MCH6262,Saran Ltd,5311,mcc_field,False,Department Stores,Department Store,Partnership,Mumbai,Maharashtra,False,2025-08-04 12:06:38,False,MASKED,7596,INACTIVE,6560.0,False,1
MCH6263,MCH6263,"Bahri, Bajaj and Mander",5942,mcc_field,False,Books & Stationery,Books,Individual,Chennai,Tamil Nadu,False,2025-09-10 00:00:00,False,MISSING,,INACTIVE,667.85,False,1
MCH6267,MCH-6267,Mandal-Badal,4814,mcc_field,False,Telecom,phone service,Partnership,Mumbai,Maharashtra,False,2024-12-10 00:00:00,False,MISSING,,ACTIVE,,False,1
MCH6268,MCH6268,"Yogi, Sachar and Mammen",5411,mcc_field,False,Grocery,Grocery Stores,Sole Proprietor,Jalandhar,Punjab,False,2025-11-05 00:00:00,False,MASKED,1380,ACTIVE,1773.0,False,2
MCH6273,MCH6273,"Dubey, Narula and Jhaveri",5311,mcc_field,False,Department Stores,Department Store,Private Limited,Pune,Maharashtra,False,2025-05-06 00:00:00,False,MISSING,,ACTIVE,754.63,False,1
MCH6274,MCH-6274,Mall Inc,7011,mcc_field,False,Hotels & Lodging,HOTEL_LODGING,Partnership,Amritsar,Punjab,False,2025-06-21 00:00:00,False,MASKED,1310,ACTIVE,1700.39,False,1
MCH6275,MCH6275,Tank Plc,4814,mcc_field,False,Telecom,Mobile Recharge,Sole Proprietor,Chennai,Tamil Nadu,False,2024-08-26 00:00:00,False,MASKED,8300,ACTIVE,781.0,False,1
MCH6277,MCH6277,"Mangat, Kaur and Guha",7011,mcc_field,False,Hotels & Lodging,Hospitality,Partnership,Delhi,Delhi,False,2024-04-07 03:31:48,False,MISSING,,ACTIVE,1786.0,False,2
MCH6278,mch6278,"Keer, Sha and Sama",5912,mcc_field,False,Pharmacy,Medical,Partnership,Kolkata,West Bengal,False,2025-08-23 00:00:00,False,ACCOUNT_NUMBER,5387,ACTIVE,8713.68,False,1
MCH6280,MCH6280,Khanna-Kanda,5699,mcc_field,False,Apparel,garments,Sole Proprietor,Pune,Maharashtra,False,,False,ACCOUNT_NUMBER,8627,ACTIVE,243.27,False,1
MCH6282,MCH6282,Madan-Din,7011,mcc_field,False,Hotels & Lodging,Hotels,Partnership,Amritsar,Punjab,False,2026-01-20 00:00:00,False,MISSING,,ACTIVE,955.08,False,2
MCH6284,MCH6284,Talwar Ltd,7011,mcc_field,False,Hotels & Lodging,Hotels,Partnership,Amritsar,Punjab,False,2025-11-27 00:00:00,False,ACCOUNT_NUMBER,7576,ACTIVE,678.88,True,2
MCH6285,mch6285,Kumer-Mane,7011,mcc_field,False,Hotels & Lodging,Hotel,Private Limited,Bengaluru,Karnataka,False,2024-10-01 00:00:00,False,MISSING,,ACTIVE,567.98,False,1
MCH6290,MCH6290,Chaudhry-Agarwal,5999,mcc_field,False,Misc Retail,Retail Other,Partnership,Ludhiana,Punjab,False,2023-09-01 00:00:00,False,MISSING,,INACTIVE,5757.0,False,1
MCH6291,MCH 6291,Sheth-Anne,5311,mcc_field,False,Department Stores,Retail,Partnership,Delhi,Delhi,False,2025-10-15 00:00:00,False,ACCOUNT_NUMBER,0526,SUSPENDED,2021.5,True,2
MCH6293,MCH6293,Bora-Nigam,5311,mcc_field,False,Department Stores,Department Store,Partnership,Jalandhar,Punjab,False,,False,MISSING,,ACTIVE,4957.97,True,1
MCH6296,MCH6296,"Goyal, Vora and Loke",5411,mcc_field,False,Grocery,GROCERY_STORE,Private Limited,Lucknow,Uttar Pradesh,False,,False,MISSING,,ACTIVE,538.0,False,1
MCH6299,MCH6299,Pathak-Mukherjee,5999,mcc_field,False,Misc Retail,Other,Individual,Delhi,Delhi,False,2025-02-02 00:00:00,False,MISSING,,ACTIVE,256.83,False,2
MCH6300,MCH6300,Kumar Plc,5699,mcc_field,False,Apparel,CLOTHS,Partnership,Jaipur,Rajasthan,False,2025-04-17 00:00:00,False,MISSING,,ACTIVE,1647.52,False,1
MCH6301,MCH6301,"Apte, Vohra and Gade",4814,mcc_field,False,Telecom,Telecom,Partnership,Jalandhar,Punjab,False,2023-03-30 00:00:00,False,MISSING,,ACTIVE,2355.49,False,1
MCH6302,mch6302,Gour-Rattan,4131,mcc_field,False,Transportation,transprt,Individual,Hyderabad,Telangana,False,2024-09-29 00:00:00,False,VIRTUAL_ACCOUNT,6158,ACTIVE,966.01,False,1
MCH6305,MCH6305,"Chakraborty,hansand Sahota",4131,mcc_field,False,Transportation,Transport,Individual,Mumbai,Maharashtra,False,2025-10-20 00:00:00,False,MISSING,,ACTIVE,1075.82,False,1
MCH6306,mch6306,"Ramesh, Viswanathan and Kalita",4131,mcc_field,False,Transportation,Transport,Private Limited,Chennai,Tamil Nadu,False,2026-01-05 00:00:00,False,MASKED,8991,ACTIVE,302.6,False,1
MCH6308,MCH6308,Seshadri LLC,5699,mcc_field,False,Apparel,Fashion,Private Limited,Delhi,Delhi,False,2025-10-03 00:00:00,False,MISSING,,ACTIVE,422.55,False,2
MCH6313,MCH 6313,Ramanathan Plc,5411,inferred_from_category,False,Grocery,Grocery,Sole Proprietor,Mumbai,Maharashtra,False,,False,VIRTUAL_ACCOUNT,3437,ACTIVE,3430.73,False,1
MCH6314,MCH6314,"Kuruvilla, Lalla and Mallick",5699,mcc_field,False,Apparel,CLOTHS,Private Limited,Lucknow,Uttar Pradesh,False,2026-01-05 15:15:00,False,MISSING,,ACTIVE,697.89,False,2
MCH6315,MCH6315,"Pal, Zacharia and Narayan",7011,mcc_field,False,Hotels & Lodging,HOTEL_LODGING,Sole Proprietor,Mumbai,Maharashtra,False,2023-04-01 00:00:00,False,ACCOUNT_NUMBER,7805,ACTIVE,529.2,False,2
MCH6321,MCH6321,Chander Ltd,5999,mcc_field,False,Misc Retail,Other,Private Limited,Jaipur,Rajasthan,False,,False,MISSING,,ACTIVE,380.1,False,1
MCH6325,MCH6325,"Sathe, Seth and Varghese",5311,mcc_field,False,Department Stores,Department Stores,Partnership,Delhi,Delhi,False,2025-04-03 00:00:00,False,MISSING,,INACTIVE,422.65,False,2
MCH6326,mch6326,"Barad,murtyand Tella",5942,mcc_field,False,Books & Stationery,BOOKS_STATIONERY,Private Limited,Chennai,Tamil Nadu,False,2024-06-22 18:08:00,False,VIRTUAL_ACCOUNT,0094,ACTIVE,671.62,True,2
MCH6328,MCH6328,"Ray, Pandit and Bala",4814,mcc_field,False,Telecom,phone service,Private Limited,Chennai,Tamil Nadu,False,2025-11-27 00:31:00,False,VIRTUAL_ACCOUNT,4155,ACTIVE,644.89,False,1
MCH6329,MCH-6329,Srinivas-Banerjee,5912,inferred_from_category,False,Pharmacy,MEDICAL_STORE,Individual,Kolkata,West Bengal,False,2024-05-12 00:00:00,False,MASKED,2718,ACTIVE,199.46,False,1
MCH6331,MCH6331,"Varughese, Sandhu and Issac",5942,inferred_from_category,False,Books & Stationery,BOOKS_STATIONERY,Individual,Hyderabad,Telangana,False,2025-09-01 00:00:00,False,MISSING,,ACTIVE,868.0,False,2
MCH6332,MCH6332,Shukla-Hayre,5311,mcc_field,False,Department Stores,Department Store,Sole Proprietor,Lucknow,Uttar Pradesh,False,2026-01-12 17:50:00,False,MISSING,,ACTIVE,788.91,False,2
MCH6333,MCH6333,"Kumer, Butala and Sawhney",5699,mcc_field,False,Apparel,garments,Individual,Chennai,Tamil Nadu,False,2024-09-08 02:04:48,False,VIRTUAL_ACCOUNT,3650,ACTIVE,831.77,False,1
MCH6336,mch6336,"Kunda, Kumar and Gulati",4131,inferred_from_category,False,Transportation,transprt,Private Limited,Chennai,Tamil Nadu,False,2024-03-16 16:19:00,False,MASKED,8337,ACTIVE,772.78,False,1
MCH6337,MCH6337,Chander LLC,5912,mcc_field,False,Pharmacy,Pharmacies,Individual,Kolkata,West Bengal,False,2025-12-28 22:16:00,False,MISSING,,ACTIVE,1428.08,False,1
MCH6338,MCH6338,Dutta Plc,5311,mcc_field,False,Department Stores,DEPT_STORE,Individual,Kolkata,West Bengal,False,2024-06-29 00:00:00,False,MISSING,,ACTIVE,1835.5,False,1
MCH6343,MCH6343,Prabhakar Ltd,5411,mcc_field,False,Grocery,Grocery,Sole Proprietor,Ludhiana,Punjab,False,2025-11-13 00:00:00,False,MISSING,,INACTIVE,8227.32,False,2
MCH6345,mch6345,Mani Group,5999,mcc_field,False,Misc Retail,Other,Partnership,Ludhiana,Punjab,False,,False,MISSING,,ACTIVE,1339.21,False,1
MCH6351,MCH6351,Mahal-Padmanabhan,5812,mcc_field,False,Restaurants,Restaurant,Partnership,Bengaluru,Karnataka,False,2025-03-30 00:00:00,False,VIRTUAL_ACCOUNT,3710,ACTIVE,3129.06,False,1
MCH6352,MCH-6352,Chadha Group,5411,inferred_from_category,False,Grocery,kirana,Private Limited,Chennai,Tamil Nadu,False,2024-05-19 14:55:03,False,VIRTUAL_ACCOUNT,1151,SUSPENDED,419.41,False,2
MCH6354,MCH6354,"Gulati, Khosla and Peri",5812,mcc_field,False,Restaurants,Restaurants,Partnership,Lucknow,Uttar Pradesh,False,2025-08-14 00:00:00,False,MISSING,,ACTIVE,122.8,False,1
MCH6355,MCH6355,Dutt Plc,5699,mcc_field,False,Apparel,CLOTHS,Private Limited,Bengaluru,Karnataka,False,2025-04-01 04:52:41,False,ACCOUNT_NUMBER,1313,ACTIVE,495.94,False,1
MCH6356,MCH6356,"Pandit, Wagle and Kata",7011,mcc_field,False,Hotels & Lodging,Hospitality,Private Limited,Amritsar,Punjab,False,2024-08-03 09:31:28,False,MASKED,6397,INACTIVE,499.8,False,1
MCH6359,MCH6359,Pai-Dada,4131,inferred_from_category,False,Transportation,TRAVEL,Individual,Jaipur,Rajasthan,False,2025-05-27 00:00:00,False,VIRTUAL_ACCOUNT,0965,ACTIVE,484.0,False,1
MCH6360,MCH6360,"Desai, Shroff and Goel",7011,mcc_field,False,Hotels & Lodging,Hotel,Private Limited,Jalandhar,Punjab,False,2025-11-11 00:00:00,False,ACCOUNT_NUMBER,2488,INACTIVE,635.23,False,3
MCH6361,MCH6361,"Saran, Dhar and Chaudhry",7011,mcc_field,False,Hotels & Lodging,Hotel,Sole Proprietor,Delhi,Delhi,False,2023-04-18 22:29:15,False,ACCOUNT_NUMBER,8117,ACTIVE,701.89,False,1
MCH6365,MCH6365,Bora-Sood,5311,mcc_field,False,Department Stores,Department Stores,Individual,Pune,Maharashtra,False,2025-06-28 00:00:00,False,MISSING,,ACTIVE,3013.41,True,2
MCH6366,MCH6366,"Hora, Edwin and Zacharia",4814,mcc_field,False,Telecom,Mobile Recharge,Sole Proprietor,Ludhiana,Punjab,False,2025-03-29 00:00:00,False,ACCOUNT_NUMBER,2742,ACTIVE,780.59,False,1
MCH6369,MCH6369,"Chaudhry, Batra and Rama",4131,mcc_field,False,Transportation,Transportation,Partnership,Jalandhar,Punjab,False,2024-04-15 00:00:00,False,ACCOUNT_NUMBER,8122,INACTIVE,612.29,False,1
MCH6370,mch6370,"Dass, Hegde and Viswanathan",5812,mcc_field,False,Restaurants,FOOD_SERVICES,Partnership,Jaipur,Rajasthan,False,2023-03-24 18:53:14,False,VIRTUAL_ACCOUNT,9316,ACTIVE,2201.27,False,1
MCH6372,MCH6372,Goda and Sons,5699,mcc_field,False,Apparel,Apparel,Individual,Chennai,Tamil Nadu,False,2024-05-14 00:00:00,False,VIRTUAL_ACCOUNT,7769,ACTIVE,515.6,False,2
MCH6376,MCH6376,"Naik, Dhillon and Sama",5942,mcc_field,False,Books & Stationery,Books,Partnership,Jalandhar,Punjab,False,2024-01-20 00:00:00,False,VIRTUAL_ACCOUNT,7616,ACTIVE,2593.39,False,2
MCH6377,MCH6377,Balasubramanian LLC,5912,mcc_field,False,Pharmacy,MEDICAL_STORE,Individual,Mumbai,Maharashtra,False,2025-12-06 00:00:00,False,VIRTUAL_ACCOUNT,6525,ACTIVE,1259.93,False,2
MCH6379,MCH6379,Chana-Mahajan,5942,mcc_field,False,Books & Stationery,BOOKS_STATIONERY,Private Limited,Bengaluru,Karnataka,False,2025-08-08 17:00:00,False,MASKED,7525,ACTIVE,2923.98,False,1
MCH6380,MCH6380,Naik-Kalla,5999,mcc_field,False,Misc Retail,Other,Individual,Pune,Maharashtra,False,2026-01-02 06:05:56,False,ACCOUNT_NUMBER,2991,BLOCKED,1353.03,True,1
MCH6383,MCH6383,Shere-Mander,4131,inferred_from_category,False,Transportation,Bus/Taxi,Private Limited,Delhi,Delhi,False,2024-05-20 00:00:00,False,MISSING,,BLOCKED,1196.32,False,2
MCH6384,MCH6384,"Ravel, Mane and Madan",5912,mcc_field,False,Pharmacy,Pharmacies,Partnership,Delhi,Delhi,False,2023-04-26 06:56:00,False,ACCOUNT_NUMBER,0345,ACTIVE,334.08,False,1
MCH6386,MCH6386,Mahajan Inc,5311,mcc_field,False,Department Stores,Retail,Individual,Amritsar,Punjab,False,2025-02-03 00:00:00,False,MISSING,,ACTIVE,,False,1
MCH6388,MCH6388,Raval-Cherian,5812,inferred_from_category,False,Restaurants,Restaurant,Partnership,Mumbai,Maharashtra,False,2023-11-15 00:49:17,False,MISSING,,ACTIVE,2297.8,False,2
MCH6390,mch6390,Barman Plc,5912,inferred_from_category,False,Pharmacy,MEDICAL_STORE,Individual,Kolkata,West Bengal,False,2023-11-24 00:00:00,False,MASKED,9714,ACTIVE,904.29,True,1
MCH6391,MCH6391,"Bhatti, Keer and Gupta",4814,mcc_field,False,Telecom,Telecom,Individual,Mumbai,Maharashtra,False,2025-08-22 10:17:00,False,MISSING,,ACTIVE,684.0,False,2
MCH6392,mch6392,Golla-Pau,5999,inferred_from_category,False,Misc Retail,Other,Private Limited,Delhi,Delhi,False,2025-01-04 07:52:24,False,VIRTUAL_ACCOUNT,1317,ACTIVE,471.06,False,3
MCH6394,MCH6394,Yogi Inc,5699,mcc_field,False,Apparel,CLOTHS,Private Limited,Kolkata,West Bengal,False,2023-10-20 00:00:00,False,MISSING,,ACTIVE,1717.76,False,1
MCH6396,MCH-6396,Mani-Puri,5999,mcc_field,False,Misc Retail,Retail Other,Individual,Lucknow,Uttar Pradesh,False,2025-04-21 00:00:00,False,MASKED,7558,ACTIVE,4113.97,False,2
MCH6397,MCH6397,Tella-Lad,5912,mcc_field,False,Pharmacy,Pharmacies,Private Limited,Lucknow,Uttar Pradesh,False,2025-10-10 00:00:00,False,MISSING,,ACTIVE,872.0,False,3
MCH6400,MCH6400,Sem-Keer,5411,mcc_field,False,Grocery,Grocery Stores,Partnership,Ludhiana,Punjab,False,2025-12-21 00:00:00,False,ACCOUNT_NUMBER,7300,ACTIVE,13683.2,False,1
MCH6401,MCH6401,"Shenoy, Doctor and Gola",5912,mcc_field,False,Pharmacy,Medical,Individual,Mumbai,Maharashtra,False,2025-02-09 13:26:39,False,MISSING,,SUSPENDED,690.47,False,2
MCH6403,MCH6403,"Sahni, Kapur and Ganesh",5699,inferred_from_category,False,Apparel,CLOTHS,Private Limited,Chennai,Tamil Nadu,False,2024-05-30 00:00:00,False,MISSING,,ACTIVE,344.49,False,1
MCH6404,MCH6404,Tailor Group,5999,mcc_field,False,Misc Retail,Other,Private Limited,Jaipur,Rajasthan,False,2026-02-04 15:32:58,False,MISSING,,SUSPENDED,792.4,False,1
MCH6405,MCH6405,Jaggi Ltd,5411,mcc_field,False,Grocery,groceries,Partnership,Delhi,Delhi,False,2024-01-26 06:23:00,False,MASKED,6470,ACTIVE,4074.0,False,1
MCH6408,MCH6408,Gade and Sons,5942,mcc_field,False,Books & Stationery,Books,Sole Proprietor,Chennai,Tamil Nadu,False,2024-06-11 00:00:00,False,MISSING,,ACTIVE,4374.58,False,1
MCH6409,MCH6409,Wason and Sons,5699,mcc_field,False,Apparel,Clothing,Private Limited,Bengaluru,Karnataka,False,2024-10-07 00:00:00,False,VIRTUAL_ACCOUNT,0476,SUSPENDED,1111.14,False,1
MCH6410,MCH6410,Dua-Kara,5699,mcc_field,False,Apparel,Clothing,Individual,Delhi,Delhi,False,,False,MISSING,,ACTIVE,1003.3,False,1
MCH6418,MCH6418,Doctor Ltd,7011,mcc_field,False,Hotels & Lodging,Hotels,Sole Proprietor,Jalandhar,Punjab,False,,False,MISSING,,ACTIVE,1362.45,False,1
MCH6419,MCH6419,"Bhalla, Dubey and Salvi",5912,inferred_from_category,False,Pharmacy,Medical,Sole Proprietor,Jaipur,Rajasthan,False,2024-01-15 01:23:00,False,MISSING,,ACTIVE,3881.01,False,1
MCH6420,MCH6420,Wadhwa and Sons,5912,mcc_field,False,Pharmacy,Medical,Partnership,Bengaluru,Karnataka,False,,False,ACCOUNT_NUMBER,7412,ACTIVE,160.44,False,1
MCH6421,MCH6421,Wadhwa Ltd,5699,mcc_field,False,Apparel,Apparel,Sole Proprietor,Bengaluru,Karnataka,False,2024-01-30 21:37:00,False,MISSING,,ACTIVE,1782.12,False,1
MCH6422,MCH6422,"Bhatnagar, Bora and Venkataraman",5912,mcc_field,False,Pharmacy,Pharmacies,Sole Proprietor,Pune,Maharashtra,False,2025-05-11 11:45:00,False,MISSING,,ACTIVE,1587.75,False,2
MCH6425,MCH6425,Pall-Kanda,5942,mcc_field,False,Books & Stationery,BOOKS_STATIONERY,Sole Proprietor,Delhi,Delhi,False,,False,MISSING,,ACTIVE,1143.39,True,1
MCH6427,MCH 6427,Bose Inc,5999,mcc_field,False,Misc Retail,Misc Retail,Private Limited,Ludhiana,Punjab,False,2025-07-02 00:00:00,False,VIRTUAL_ACCOUNT,1976,CLOSED,1949.7,False,1
MCH6429,MCH6429,Doshi Group,5699,mcc_field,False,Apparel,Apparel,Sole Proprietor,Amritsar,Punjab,False,2025-10-15 00:00:00,False,VIRTUAL_ACCOUNT,4325,ACTIVE,369.26,False,1
MCH6430,MCH6430,Prakash Group,4814,mcc_field,False,Telecom,TELECOM,Individual,Hyderabad,Telangana,False,2025-08-05 00:00:00,False,MISSING,,BLOCKED,5278.71,False,1
MCH6431,MCH6431,"Batra, Pant and Devan",7011,mcc_field,False,Hotels & Lodging,Hotels,Partnership,Bengaluru,Karnataka,False,2026-01-31 00:00:00,False,MASKED,1013,INACTIVE,1564.0,False,1
MCH6433,MCH6433,Bhattacharyya Ltd,4814,mcc_field,False,Telecom,TELECOM,Partnership,Bengaluru,Karnataka,False,2024-12-31 00:00:00,False,MISSING,,INACTIVE,1248.03,False,1
MCH6440,MCH6440,Taneja-Mahajan,5311,mcc_field,False,Department Stores,DEPT_STORE,Individual,Jalandhar,Punjab,False,2025-04-17 00:00:00,False,ACCOUNT_NUMBER,8462,ACTIVE,6682.66,False,2
MCH6441,MCH6441,Bhatia and Sons,7011,mcc_field,False,Hotels & Lodging,Hotel,Partnership,Lucknow,Uttar Pradesh,False,2025-12-20 07:37:00,False,MISSING,,ACTIVE,995.16,False,3
MCH6445,MCH6445,Shere and Sons,5912,mcc_field,False,Pharmacy,Medical,Individual,Ludhiana,Punjab,False,2025-01-28 00:00:00,False,MISSING,,ACTIVE,766.0,False,1
MCH6446,MCH6446,Upadhyay-Upadhyay,5812,mcc_field,False,Restaurants,eating place,Partnership,Jalandhar,Punjab,False,2024-12-05 15:55:00,False,MISSING,,ACTIVE,2923.06,True,2
MCH6447,MCH6447,Kant-Tella,7011,mcc_field,False,Hotels & Lodging,Hotel,Partnership,Delhi,Delhi,False,2026-01-22 00:00:00,False,MISSING,,ACTIVE,994.25,False,2
MCH6448,MCH6448,"Kara, Mahal and Borah",5699,mcc_field,False,Apparel,garments,Individual,Chennai,Tamil Nadu,False,2025-02-02 01:23:00,False,ACCOUNT_NUMBER,2120,SUSPENDED,2308.59,False,2
MCH6449,mch6449,Chakraborty-Hans,5812,mcc_field,False,Restaurants,FOOD_SERVICES,Sole Proprietor,Hyderabad,Telangana,False,2024-03-01 00:00:00,False,MASKED,5646,ACTIVE,1506.6,False,2
MCH6450,MCH6450,"Goel, Madan and Gola",5942,mcc_field,False,Books & Stationery,books,Individual,Chennai,Tamil Nadu,False,2025-10-15 00:00:00,False,MISSING,,SUSPENDED,855.0,False,4
MCH6451,MCH6451,Chandran Group,5311,mcc_field,False,Department Stores,Department Store,Individual,Jalandhar,Punjab,False,2025-10-07 00:00:00,False,ACCOUNT_NUMBER,7499,INACTIVE,165.95,False,2
MCH6454,MCH 6454,Nagi-Choudhury,5699,mcc_field,False,Apparel,garments,Private Limited,Bengaluru,Karnataka,False,2024-03-28 00:00:00,False,MASKED,1525,INACTIVE,3116.0,False,1
MCH6455,MCH6455,Luthra-Wable,5999,mcc_field,False,Misc Retail,Miscellaneous,Partnership,Mumbai,Maharashtra,False,2023-09-04 00:00:00,False,ACCOUNT_NUMBER,6293,ACTIVE,1528.51,False,1
MCH6460,6460,Deol-Narayanan,5311,mcc_field,False,Department Stores,Retail,Partnership,Mumbai,Maharashtra,False,2026-01-19 08:20:00,False,MASKED,8283,ACTIVE,878.73,False,1
MCH6462,MCH6462,"Vaidya, Kunda and Bhavsar",5311,mcc_field,False,Department Stores,Retail,Private Limited,Lucknow,Uttar Pradesh,False,2025-12-19 00:00:00,False,ACCOUNT_NUMBER,5252,ACTIVE,1652.23,False,1
MCH6464,MCH6464,Date LLC,5699,mcc_field,False,Apparel,Apparel,Private Limited,Bengaluru,Karnataka,False,2025-12-03 00:00:00,False,MASKED,4137,ACTIVE,3772.0,False,1
MCH6465,MCH6465,Mody Ltd,5699,mcc_field,False,Apparel,Fashion,Sole Proprietor,Chennai,Tamil Nadu,False,2025-03-01 00:00:00,False,MISSING,,SUSPENDED,307.0,False,2
MCH6466,MCH6466,Randhawa LLC,5311,mcc_field,False,Department Stores,Retail,Individual,Pune,Maharashtra,False,2024-06-03 00:00:00,False,VIRTUAL_ACCOUNT,7916,ACTIVE,3082.9,False,1
MCH6468,MCH6468,Golla-Murty,4131,mcc_field,False,Transportation,Transportation,Partnership,Hyderabad,Telangana,False,2024-06-20 00:00:00,False,MISSING,,ACTIVE,,False,1
MCH6469,MCH6469,"Bahl, Barad and Dhillon",5311,mcc_field,False,Department Stores,Department Store,Private Limited,Chennai,Tamil Nadu,False,2025-02-10 00:00:00,False,MISSING,,ACTIVE,931.21,True,1
MCH6473,MCH6473,Tata Group,5812,mcc_field,False,Restaurants,Restaurants,Private Limited,Lucknow,Uttar Pradesh,False,2023-04-09 00:00:00,False,ACCOUNT_NUMBER,2685,SUSPENDED,2924.69,False,1
MCH6474,MCH6474,Bakshi Ltd,5912,mcc_field,False,Pharmacy,Medical,Private Limited,Lucknow,Uttar Pradesh,False,2025-09-06 00:00:00,False,VIRTUAL_ACCOUNT,1116,ACTIVE,3871.85,False,3
MCH6477,MCH6477,Gopal-Dewan,5699,mcc_field,False,Apparel,Clothing,Sole Proprietor,Mumbai,Maharashtra,False,2025-12-20 00:00:00,False,VIRTUAL_ACCOUNT,1483,ACTIVE,1828.26,False,1
MCH6480,MCH6480,Sundaram and Sons,5699,mcc_field,False,Apparel,Apparel,Partnership,Mumbai,Maharashtra,False,2023-11-13 01:40:00,False,MASKED,8936,ACTIVE,680.72,False,1
MCH6481,MCH6481,Kalita Inc,4131,mcc_field,False,Transportation,transprt,Private Limited,Mumbai,Maharashtra,False,2024-11-29 00:00:00,False,VIRTUAL_ACCOUNT,6639,ACTIVE,1389.63,False,2
MCH6482,MCH6482,Mitra-Agate,5311,mcc_field,False,Department Stores,Department Store,Individual,Amritsar,Punjab,False,2024-04-06 00:00:00,False,MISSING,,INACTIVE,1340.0,False,1
MCH6488,MCH6488,"Cheema, Dubey and Kala",5699,inferred_from_category,False,Apparel,garments,Private Limited,Mumbai,Maharashtra,False,2024-11-14 00:00:00,False,MISSING,,ACTIVE,1180.07,False,1
MCH6492,MCH6492,Peri LLC,5912,mcc_field,False,Pharmacy,Pharmacies,Individual,Mumbai,Maharashtra,False,2025-08-20 09:18:03,False,MISSING,,ACTIVE,3574.25,False,1
MCH6493,MCH-6493,"Subramaniam, Prashad and Parmer",4131,inferred_from_category,False,Transportation,Bus/Taxi,Sole Proprietor,Mumbai,Maharashtra,False,2025-04-13 00:00:00,False,MASKED,8820,INACTIVE,,False,1
MCH6498,6498,Peri-Saran,5999,inferred_from_category,False,Misc Retail,Misc Retail,Private Limited,Kolkata,West Bengal,False,2025-01-08 22:53:50,False,MASKED,0646,ACTIVE,7077.96,False,3
MCH6501,MCH6501,Kala-Garg,5699,inferred_from_category,False,Apparel,Clothing,Sole Proprietor,Ludhiana,Punjab,False,2023-05-07 00:00:00,False,ACCOUNT_NUMBER,1773,ACTIVE,471.98,False,1
MCH6502,MCH6502,Mall Plc,5999,mcc_field,False,Misc Retail,Retail Other,Sole Proprietor,Chennai,Tamil Nadu,False,2025-05-10 03:33:00,False,MISSING,,INACTIVE,1695.37,False,1
MCH6504,MCH-6504,"Wagle, Choudhry and Patla",5942,mcc_field,False,Books & Stationery,Stationery,Private Limited,Jalandhar,Punjab,False,2025-11-14 00:00:00,False,MISSING,,ACTIVE,1748.0,False,1
MCH6507,MCH6507,"Balakrishnan, Shroff and Tank",4131,mcc_field,False,Transportation,Bus/Taxi,Individual,Ludhiana,Punjab,False,2024-10-28 12:41:00,False,VIRTUAL_ACCOUNT,7278,ACTIVE,1269.14,False,3
MCH6508,MCH6508,Varty Inc,5912,mcc_field,False,Pharmacy,Pharmacies,Individual,Jalandhar,Punjab,False,2025-09-18 00:00:00,False,MISSING,,ACTIVE,3434.37,False,2
MCH6511,MCH 6511,"Doctor, Sur and Badal",5411,mcc_field,False,Grocery,kirana,Sole Proprietor,Pune,Maharashtra,False,2024-07-27 20:57:52,False,MASKED,9778,ACTIVE,778.51,False,1
MCH6512,MCH6512,"Sagar, Deep and Rao",4814,inferred_from_category,False,Telecom,Mobile Recharge,Sole Proprietor,Hyderabad,Telangana,False,2025-01-11 00:00:00,False,ACCOUNT_NUMBER,9144,ACTIVE,,False,1
MCH6513,MCH6513,"Krishna, Deshpande and Kar",5311,mcc_field,False,Department Stores,DEPT_STORE,Individual,Mumbai,Maharashtra,False,2025-08-13 00:00:00,False,MASKED,3471,ACTIVE,2622.03,False,2
MCH6514,MCH6514,Lalla-Palan,5812,mcc_field,False,Restaurants,Restaurants,Individual,Kolkata,West Bengal,False,2025-03-26 09:22:56,False,MASKED,0164,ACTIVE,,False,1
MCH6517,MCH6517,"Vig, Sen and Kumar",5699,mcc_field,False,Apparel,CLOTHS,Sole Proprietor,Delhi,Delhi,False,2023-05-05 00:00:00,False,MISSING,,ACTIVE,1024.93,False,1
MCH6519,MCH6519,Mane-Madan,5699,mcc_field,False,Apparel,Clothing,Partnership,Ludhiana,Punjab,False,2024-12-25 00:00:00,False,MISSING,,ACTIVE,978.4,False,3
MCH6520,MCH6520,Manda-Shah,5912,mcc_field,False,Pharmacy,MEDICAL_STORE,Individual,Kolkata,West Bengal,False,2024-08-01 00:55:00,False,MISSING,,ACTIVE,1457.02,False,1
MCH6523,MCH6523,Ramanathan-Wali,5999,mcc_field,False,Misc Retail,Other,Private Limited,Bengaluru,Karnataka,False,2024-08-27 00:00:00,False,VIRTUAL_ACCOUNT,9501,ACTIVE,2272.75,False,1
MCH6524,MCH6524,Chaudry-Lall,7011,mcc_field,False,Hotels & Lodging,Hotels,Sole Proprietor,Delhi,Delhi,False,2023-12-25 00:00:00,False,VIRTUAL_ACCOUNT,9053,INACTIVE,,False,1
MCH6527,MCH6527,"Lalla, Bhandari and Mane",5411,mcc_field,False,Grocery,Grocery Stores,Sole Proprietor,Pune,Maharashtra,False,2025-07-09 00:00:00,False,VIRTUAL_ACCOUNT,1081,ACTIVE,1832.42,True,2
MCH6530,MCH6530,Yogi-D’alia,4131,mcc_field,False,Transportation,Transport,Private Limited,Jaipur,Rajasthan,False,2024-06-16 00:00:00,False,MISSING,,INACTIVE,828.59,False,2
MCH6535,MCH6535,Nagy and Sons,5411,mcc_field,False,Grocery,Grocery,Sole Proprietor,Hyderabad,Telangana,False,2023-11-24 00:00:00,False,MISSING,,ACTIVE,291.26,False,1
MCH6541,MCH6541,"Mahal, Panchal and Doshi",5912,mcc_field,False,Pharmacy,chemist,Individual,Mumbai,Maharashtra,False,2024-06-12 16:15:10,False,MASKED,5174,ACTIVE,307.0,False,1
MCH6542,MCH6542,Saraf-Dhingra,5311,mcc_field,False,Department Stores,Retail,Sole Proprietor,Mumbai,Maharashtra,False,2023-12-16 00:00:00,False,VIRTUAL_ACCOUNT,3512,ACTIVE,321.72,False,1
MCH6543,MCH6543,Nagi-Pradhan,5411,mcc_field,False,Grocery,GROCERY_STORE,Private Limited,Mumbai,Maharashtra,False,2025-07-17 01:33:23,False,MISSING,,ACTIVE,2785.85,False,2
MCH6545,MCH 6545,Garg Plc,5699,mcc_field,False,Apparel,Fashion,Partnership,Ludhiana,Punjab,False,2024-02-20 00:00:00,False,MISSING,,ACTIVE,1653.52,False,2
MCH6547,MCH6547,"Gupta,dewanand Nadig",5942,mcc_field,False,Books & Stationery,Books,Individual,Hyderabad,Telangana,False,2023-05-27 00:00:00,False,MISSING,,INACTIVE,974.14,False,1
MCH6548,MCH6548,"Nayak, Kannan and Chatterjee",5999,mcc_field,False,Misc Retail,Retail Other,Private Limited,Jaipur,Rajasthan,False,2025-07-28 00:00:00,False,MISSING,,ACTIVE,2065.28,False,2
MCH6551,MCH6551,Kala LLC,4131,mcc_field,False,Transportation,Transport,Private Limited,Jaipur,Rajasthan,False,2025-09-11 00:00:00,False,MISSING,,ACTIVE,,False,2
MCH6554,MCH6554,Vora LLC,7011,mcc_field,False,Hotels & Lodging,Hospitality,Individual,Bengaluru,Karnataka,False,2024-10-06 15:25:00,False,MISSING,,INACTIVE,3625.66,False,1
MCH6555,MCH6555,Tata-Bajwa,5311,mcc_field,False,Department Stores,Retail,Partnership,Lucknow,Uttar Pradesh,False,2023-12-24 00:00:00,False,MISSING,,SUSPENDED,3890.0,False,1
MCH6556,MCH6556,"Gala, Kale and Manne",5699,mcc_field,False,Apparel,Clothing,Partnership,Delhi,Delhi,False,2025-08-22 00:00:00,False,MISSING,,ACTIVE,760.0,False,3
MCH6559,MCH6559,Patla Ltd,7011,mcc_field,False,Hotels & Lodging,HOTEL_LODGING,Sole Proprietor,Bengaluru,Karnataka,False,2025-12-18 00:00:00,False,MISSING,,ACTIVE,922.45,False,2
MCH6560,MCH6560,"Pandit, Jayaraman and Chokshi",4814,mcc_field,False,Telecom,phone service,Individual,Hyderabad,Telangana,False,2023-05-29 00:00:00,False,ACCOUNT_NUMBER,6171,ACTIVE,11930.97,False,1
MCH6562,MCH6562,Kant Inc,7011,mcc_field,False,Hotels & Lodging,HOTEL_LODGING,Sole Proprietor,Chennai,Tamil Nadu,False,2024-10-14 00:00:00,False,MASKED,2723,ACTIVE,2590.35,False,1
MCH6563,mch6563,Naik Plc,4131,mcc_field,False,Transportation,TRAVEL,Individual,Jalandhar,Punjab,False,2025-04-04 00:38:00,False,MISSING,,ACTIVE,1376.0,False,2
MCH6565,MCH6565,Parmer-Datta,4814,mcc_field,False,Telecom,Mobile Recharge,Sole Proprietor,Hyderabad,Telangana,False,2023-07-28 00:00:00,False,MASKED,1044,ACTIVE,2464.68,False,1
MCH6566,MCH6566,"Purohit, Chacko and Kadakia",4814,mcc_field,False,Telecom,Mobile Recharge,Private Limited,Chennai,Tamil Nadu,False,2024-03-10 00:00:00,False,VIRTUAL_ACCOUNT,0794,CLOSED,1923.82,False,2
MCH6568,MCH6568,Minhas Plc,7011,mcc_field,False,Hotels & Lodging,HOTEL_LODGING,Sole Proprietor,Amritsar,Punjab,False,2024-04-10 18:11:31,False,ACCOUNT_NUMBER,0412,ACTIVE,1486.0,False,1
MCH6570,MCH6570,Venkataraman Ltd,5912,mcc_field,False,Pharmacy,Medical,Private Limited,Delhi,Delhi,False,2024-01-23 00:00:00,False,MISSING,,ACTIVE,332.15,False,1
MCH6572,MCH 6572,Naidu Plc,5311,mcc_field,False,Department Stores,DEPT_STORE,Private Limited,Pune,Maharashtra,False,2025-03-17 00:00:00,False,VIRTUAL_ACCOUNT,4581,ACTIVE,402.0,False,2
MCH6574,MCH6574,"Thaman, Gupta and Barad",4814,mcc_field,False,Telecom,phone service,Private Limited,Pune,Maharashtra,False,2024-03-03 13:31:25,False,ACCOUNT_NUMBER,0427,ACTIVE,1371.71,False,1
MCH6575,MCH6575,Sanghvi Plc,5942,mcc_field,False,Books & Stationery,Book Store,Individual,Lucknow,Uttar Pradesh,False,2025-02-15 00:00:00,False,VIRTUAL_ACCOUNT,8917,ACTIVE,819.0,False,2
MCH6577,MCH6577,D’alia Inc,5699,mcc_field,False,Apparel,CLOTHS,Partnership,Bengaluru,Karnataka,False,2023-08-05 16:50:00,False,MISSING,,ACTIVE,1979.76,False,1
MCH6578,MCH6578,Lal-Sachdeva,4131,mcc_field,False,Transportation,Bus/Taxi,Partnership,Jalandhar,Punjab,False,2026-01-04 13:25:00,False,ACCOUNT_NUMBER,4216,ACTIVE,1965.27,False,2
MCH6582,MCH6582,Sagar Group,5912,mcc_field,False,Pharmacy,Pharmacies,Partnership,Kolkata,West Bengal,False,2023-06-09 00:00:00,False,MISSING,,ACTIVE,1999.0,False,2
MCH6583,mch6583,Raval-Badal,5912,mcc_field,False,Pharmacy,Pharmacies,Individual,Kolkata,West Bengal,False,2025-11-07 00:00:00,False,ACCOUNT_NUMBER,0236,ACTIVE,2083.0,False,2
MCH6585,MCH6585,Bansal Ltd,5411,mcc_field,False,Grocery,kirana,Private Limited,Mumbai,Maharashtra,False,2025-01-25 10:52:00,False,VIRTUAL_ACCOUNT,5925,INACTIVE,729.86,False,2
MCH6586,6586,Pandya Plc,5999,mcc_field,False,Misc Retail,Miscellaneous,Individual,Bengaluru,Karnataka,False,2024-04-29 00:00:00,False,VIRTUAL_ACCOUNT,0473,ACTIVE,520.0,False,1
MCH6590,6590,Handa Inc,5699,mcc_field,False,Apparel,Fashion,Individual,Kolkata,West Bengal,False,2024-04-07 00:00:00,False,VIRTUAL_ACCOUNT,4347,ACTIVE,2071.46,False,1
MCH6593,MCH6593,Sharma-Ahuja,5411,mcc_field,False,Grocery,kirana,Sole Proprietor,Jalandhar,Punjab,False,2025-06-27 17:43:12,False,VIRTUAL_ACCOUNT,9342,ACTIVE,3094.86,False,3
MCH6594,MCH 6594,Varkey-Bhatti,5411,mcc_field,False,Grocery,GROCERY_STORE,Partnership,Pune,Maharashtra,False,2025-01-24 23:13:22,False,ACCOUNT_NUMBER,1686,ACTIVE,1271.0,False,1
MCH6595,MCH6595,More-Sharma,7011,mcc_field,False,Hotels & Lodging,Hotel,Sole Proprietor,Jalandhar,Punjab,False,2023-11-12 00:00:00,False,MISSING,,ACTIVE,308.54,False,1
MCH6598,MCH6598,"Banik, Halder and Sabharwal",7011,mcc_field,False,Hotels & Lodging,HOTEL_LODGING,Individual,Mumbai,Maharashtra,False,2025-06-02 00:00:00,False,MASKED,2729,INACTIVE,230.53,False,4
MCH6600,MCH6600,Raju Inc,7011,mcc_field,False,Hotels & Lodging,HOTEL_LODGING,Individual,Bengaluru,Karnataka,False,2025-04-18 00:00:00,False,VIRTUAL_ACCOUNT,8880,ACTIVE,484.58,False,1
MCH6602,MCH6602,Thakkar Ltd,4131,mcc_field,False,Transportation,TRAVEL,Partnership,Mumbai,Maharashtra,False,2023-01-03 08:43:35,False,MASKED,6968,ACTIVE,483.25,False,1
MCH6603,MCH6603,Atwal Plc,7011,mcc_field,False,Hotels & Lodging,Hotels,Sole Proprietor,Jaipur,Rajasthan,False,2024-08-20 00:00:00,False,VIRTUAL_ACCOUNT,8553,ACTIVE,694.88,False,1
MCH6607,mch6607,Bedi-Bhandari,5812,mcc_field,False,Restaurants,Food,Sole Proprietor,Ludhiana,Punjab,False,2023-12-30 00:00:00,False,MISSING,,ACTIVE,1203.0,False,1
MCH6608,MCH6608,"Puri, Dar and Mann",5411,inferred_from_category,False,Grocery,kirana,Private Limited,Delhi,Delhi,False,2024-02-10 07:57:42,False,MISSING,,ACTIVE,410.36,True,1
MCH6611,6611,Mand Plc,5411,mcc_field,False,Grocery,GROCERY_STORE,Private Limited,Chennai,Tamil Nadu,False,2023-01-01 00:00:00,False,MISSING,,ACTIVE,1110.3,True,1
MCH6612,MCH6612,Sule-Pillay,5812,mcc_field,False,Restaurants,Restaurant,Partnership,Pune,Maharashtra,False,2025-09-09 00:00:00,False,VIRTUAL_ACCOUNT,0400,ACTIVE,2010.07,False,1
MCH6615,MCH 6615,Pillay Group,5942,mcc_field,False,Books & Stationery,Book Store,Individual,Hyderabad,Telangana,False,2025-09-12 23:50:08,False,ACCOUNT_NUMBER,3146,SUSPENDED,785.64,True,1
MCH6617,MCH 6617,Buch Group,5699,mcc_field,False,Apparel,CLOTHS,Sole Proprietor,Hyderabad,Telangana,False,2024-09-01 00:00:00,False,MISSING,,ACTIVE,1759.15,False,2
MCH6623,mch6623,Kakar and Sons,5912,mcc_field,False,Pharmacy,Pharmacy,Individual,Pune,Maharashtra,False,,False,ACCOUNT_NUMBER,8927,ACTIVE,1424.35,False,1
MCH6626,mch6626,Zacharia-Kapadia,5912,mcc_field,False,Pharmacy,Pharmacy,Private Limited,Lucknow,Uttar Pradesh,False,2024-07-25 00:00:00,False,MISSING,,INACTIVE,2864.89,False,1
MCH6628,MCH6628,Thakur-Kunda,4814,inferred_from_category,False,Telecom,phone service,Private Limited,Delhi,Delhi,False,2025-05-13 14:37:00,False,MASKED,4289,ACTIVE,1718.0,False,1
MCH6630,mch6630,"Kalla, Vyas and Lanka",5942,mcc_field,False,Books & Stationery,Stationery,Sole Proprietor,Jaipur,Rajasthan,False,,False,MISSING,,ACTIVE,257.87,False,1
MCH6632,MCH6632,"Om, Mall and Sandhu",4131,inferred_from_category,False,Transportation,Bus/Taxi,Partnership,Lucknow,Uttar Pradesh,False,2023-07-28 00:00:00,False,MASKED,3092,SUSPENDED,996.13,False,1
MCH6634,MCH6634,Dave-Sundaram,5999,mcc_field,False,Misc Retail,Miscellaneous,Private Limited,Ludhiana,Punjab,False,2024-12-10 00:00:00,False,MISSING,,INACTIVE,1276.14,False,2
MCH6635,MCH6635,Sehgal Inc,5812,mcc_field,False,Restaurants,eating place,Private Limited,Bengaluru,Karnataka,False,,False,MISSING,,ACTIVE,1810.23,False,1
MCH6637,mch6637,Sagar Group,5311,mcc_field,False,Department Stores,Retail,Sole Proprietor,Jaipur,Rajasthan,False,2023-08-16 00:00:00,False,MISSING,,ACTIVE,2926.37,True,1
MCH6639,MCH 6639,Sandal Group,5812,mcc_field,False,Restaurants,eating place,Sole Proprietor,Amritsar,Punjab,False,2024-05-29 07:36:20,False,ACCOUNT_NUMBER,5501,ACTIVE,3334.16,False,1
MCH6641,MCH6641,Sunder-Taneja,5411,mcc_field,False,Grocery,kirana,Individual,Kolkata,West Bengal,False,2025-12-24 23:48:00,False,MISSING,,ACTIVE,126.11,False,1
MCH6643,MCH6643,"Bala, Palla and Srinivas",5942,mcc_field,False,Books & Stationery,Stationery,Private Limited,Jalandhar,Punjab,False,2023-06-13 10:35:36,False,ACCOUNT_NUMBER,7292,ACTIVE,1698.35,False,1
MCH6645,MCH6645,Buch LLC,4131,mcc_field,False,Transportation,transprt,Private Limited,Amritsar,Punjab,False,2024-09-25 00:00:00,False,MISSING,,ACTIVE,102.32,False,2
MCH6650,MCH6650,Kuruvi11a-G01a,5942,mcc_field,False,Books & Stationery,Stationery,Private Limited,Bengaluru,Karnataka,False,2024-07-16 00:00:00,False,MASKED,4971,INACTIVE,2725.71,False,2
MCH6651,MCH6651,"Choudhry, Sarma and Seshadri",7011,mcc_field,False,Hotels & Lodging,Hotel,Sole Proprietor,Delhi,Delhi,False,2024-10-05 13:55:27,False,VIRTUAL_ACCOUNT,3187,ACTIVE,2606.0,False,2
MCH6654,MCH 6654,Cheema-Dara,7011,mcc_field,False,Hotels & Lodging,Hotels,Partnership,Mumbai,Maharashtra,False,2023-12-26 12:35:00,False,VIRTUAL_ACCOUNT,6169,ACTIVE,581.25,False,2
MCH6656,mch6656,Uppal LLC,5812,mcc_field,False,Restaurants,FOOD_SERVICES,Individual,Ludhiana,Punjab,False,2023-10-11 00:00:00,False,MASKED,4591,ACTIVE,488.8,False,1
MCH6657,MCH6657,Atwal-Sarraf,5411,mcc_field,False,Grocery,Grocery,Partnership,Hyderabad,Telangana,False,,False,MISSING,,ACTIVE,804.0,False,1
MCH6660,MCH6660,Biswas Group,4131,mcc_field,False,Transportation,Transportation,Sole Proprietor,Chennai,Tamil Nadu,False,2025-03-18 22:30:52,False,MISSING,,ACTIVE,204.05,False,2
MCH6662,MCH6662,Din-Gour,5999,mcc_field,False,Misc Retail,Misc Retail,Individual,Pune,Maharashtra,False,2024-02-26 00:00:00,False,MASKED,2767,ACTIVE,3959.93,False,1
MCH6665,mch6665,Wadhwa Inc,5311,mcc_field,False,Department Stores,Department Store,Private Limited,Delhi,Delhi,False,2025-07-05 00:00:00,False,MISSING,,ACTIVE,1714.72,False,1
MCH6666,MCH6666,Baral Inc,5699,mcc_field,False,Apparel,Clothing,Individual,Bengaluru,Karnataka,False,2025-12-22 00:00:00,False,VIRTUAL_ACCOUNT,9950,ACTIVE,381.87,False,2
MCH6667,MCH 6667,Konda-Jain,5912,mcc_field,False,Pharmacy,Pharmacy,Sole Proprietor,Hyderabad,Telangana,False,2024-10-16 00:00:00,False,MISSING,,ACTIVE,2831.62,False,1
MCH6670,MCH6670,Sawhney Inc,5411,mcc_field,False,Grocery,Grocery Stores,Individual,Bengaluru,Karnataka,False,2026-01-17 00:00:00,False,MASKED,5717,ACTIVE,2332.15,True,1
MCH6671,MCH6671,Chandran-Dada,5699,mcc_field,False,Apparel,Clothing,Partnership,Amritsar,Punjab,False,2023-04-12 00:00:00,False,ACCOUNT_NUMBER,2960,ACTIVE,2579.5,False,1
MCH6672,MCH 6672,Nagarajan Inc,5812,mcc_field,False,Restaurants,FOOD_SERVICES,Partnership,Lucknow,Uttar Pradesh,False,2024-10-11 00:00:00,False,MISSING,,ACTIVE,9245.49,False,2
MCH6675,MCH 6675,Vora and Sons,5699,inferred_from_category,False,Apparel,CLOTHS,Partnership,Ludhiana,Punjab,False,2025-07-31 00:00:00,False,MASKED,5119,ACTIVE,769.28,False,1
MCH6676,MCH6676,Balakrishnan-Baral,4131,mcc_field,False,Transportation,Transport,Partnership,Chennai,Tamil Nadu,False,2025-08-02 10:17:51,False,MISSING,,ACTIVE,1126.87,False,1
MCH6677,MCH6677,"Deshmukh, Choudhry and Lad",5912,mcc_field,False,Pharmacy,MEDICAL_STORE,Private Limited,Jalandhar,Punjab,False,2024-12-05 00:00:00,False,MISSING,,INACTIVE,2949.0,False,1
MCH6680,MCH6680,Vaidya-Agrawal,5999,mcc_field,False,Misc Retail,Misc Retail,Partnership,Delhi,Delhi,False,2025-05-28 00:00:00,False,MISSING,,ACTIVE,,False,1
MCH6681,MCH6681,Baria Plc,4131,mcc_field,False,Transportation,Bus/Taxi,Individual,Delhi,Delhi,False,2026-02-17 00:00:00,False,ACCOUNT_NUMBER,6547,INACTIVE,1343.0,False,1
MCH6683,MCH6683,Pai Inc,5411,mcc_field,False,Grocery,Grocery,Individual,Chennai,Tamil Nadu,False,2025-11-29 00:42:00,False,VIRTUAL_ACCOUNT,2498,ACTIVE,808.55,True,2
MCH6692,MCH-6692,Parekh Group,5942,mcc_field,False,Books & Stationery,Book Store,Partnership,Amritsar,Punjab,False,2023-12-23 00:00:00,False,MASKED,5642,ACTIVE,3070.0,False,3
MCH6697,MCH6697,Andra-Sengupta,5411,mcc_field,False,Grocery,GROCERY_STORE,Partnership,Bengaluru,Karnataka,False,2025-10-09 00:00:00,False,MISSING,,INACTIVE,1006.44,False,2
MCH6700,6700,Ravi Ltd,4814,mcc_field,False,Telecom,TELECOM,Partnership,Pune,Maharashtra,False,,False,MISSING,,ACTIVE,219.11,False,1
MCH6707,mch6707,Kari Ltd,5942,inferred_from_category,False,Books & Stationery,Books,Sole Proprietor,Bengaluru,Karnataka,False,2025-06-21 00:00:00,False,ACCOUNT_NUMBER,3046,ACTIVE,1949.47,False,2
MCH6708,MCH6708,Soman and Sons,5912,mcc_field,False,Pharmacy,MEDICAL_STORE,Private Limited,Ludhiana,Punjab,False,2025-06-03 00:00:00,False,ACCOUNT_NUMBER,2119,ACTIVE,957.0,False,2
MCH6711,MCH6711,Loyal-Srinivasan,5411,mcc_field,False,Grocery,Grocery,Partnership,Hyderabad,Telangana,False,2025-06-15 00:00:00,False,MASKED,4153,INACTIVE,931.24,False,1
MCH6716,MCH6716,Shan Plc,5699,mcc_field,False,Apparel,garments,Partnership,Amritsar,Punjab,False,2025-09-07 00:00:00,False,MASKED,2064,ACTIVE,1208.93,False,1
MCH6718,MCH-6718,Chaudry-Ramachandran,4814,mcc_field,False,Telecom,phone service,Individual,Lucknow,Uttar Pradesh,False,2024-07-19 00:00:00,False,MASKED,5658,ACTIVE,1635.83,False,1
MCH6720,MCH6720,"Dhingra, Shukla and Edwin",5912,mcc_field,False,Pharmacy,Medical,Partnership,Amritsar,Punjab,False,2025-08-07 00:00:00,False,MASKED,5057,ACTIVE,638.0,False,1
MCH6721,MCH6721,"Saran, Varughese and Savant",5912,mcc_field,False,Pharmacy,Pharmacies,Individual,Ludhiana,Punjab,False,2025-11-11 00:00:00,False,VIRTUAL_ACCOUNT,0281,ACTIVE,1696.94,False,2
MCH6722,MCH6722,Bhagat LLC,5999,mcc_field,False,Misc Retail,Misc Retail,Sole Proprietor,Mumbai,Maharashtra,False,2023-05-13 00:00:00,False,MISSING,,ACTIVE,211.13,False,2
MCH6726,MCH6726,Boase-Chatterjee,7011,mcc_field,False,Hotels & Lodging,Hotels,Individual,Chennai,Tamil Nadu,False,2024-04-10 07:16:24,False,MISSING,,SUSPENDED,1583.09,False,1
MCH6729,MCH6729,Khatri and Sons,5912,inferred_from_category,False,Pharmacy,Medical,Partnership,Chennai,Tamil Nadu,False,2023-07-01 00:00:00,False,VIRTUAL_ACCOUNT,2100,ACTIVE,,False,2
MCH6730,MCH6730,"Babu, Sarma and Setty",5912,mcc_field,False,Pharmacy,chemist,Partnership,Lucknow,Uttar Pradesh,False,2023-10-28 00:00:00,False,MASKED,4738,ACTIVE,1118.53,False,1
MCH6731,MCH6731,Thakur Plc,5812,mcc_field,False,Restaurants,eating place,Individual,Hyderabad,Telangana,False,2025-10-25 00:00:00,False,MISSING,,ACTIVE,305.3,False,4
MCH6737,MCH 6737,Kohli Inc,5942,mcc_field,False,Books & Stationery,BOOKS_STATIONERY,Partnership,Ludhiana,Punjab,False,2023-07-06 00:00:00,False,ACCOUNT_NUMBER,2754,ACTIVE,675.29,False,2
MCH6738,6738,"Jain, Kothari and Subramanian",4814,mcc_field,False,Telecom,Telecom,Individual,Delhi,Delhi,False,2025-12-06 23:26:23,False,VIRTUAL_ACCOUNT,3117,INACTIVE,1846.61,False,2
MCH6741,MCH6741,Parikh-Bhatt,7011,mcc_field,False,Hotels & Lodging,Hotel,Partnership,Delhi,Delhi,False,2025-06-20 00:00:00,False,MISSING,,SUSPENDED,664.53,False,1
MCH6742,MCH6742,"Garde, Chaudhry and Mistry",7011,mcc_field,False,Hotels & Lodging,Hospitality,Sole Proprietor,Jalandhar,Punjab,False,2024-05-03 00:00:00,False,MISSING,,ACTIVE,646.0,False,2
MCH6743,MCH6743,Patla Inc,4814,mcc_field,False,Telecom,Mobile Recharge,Private Limited,Mumbai,Maharashtra,False,2026-02-20 00:00:00,False,VIRTUAL_ACCOUNT,3242,ACTIVE,,False,5
MCH6744,MCH6744,Grewal Inc,5999,mcc_field,False,Misc Retail,Miscellaneous,Private Limited,Hyderabad,Telangana,False,2023-12-01 00:00:00,False,MISSING,,ACTIVE,1886.71,False,1
MCH6745,MCH6745,Chaudry Plc,7011,mcc_field,False,Hotels & Lodging,Hospitality,Individual,Lucknow,Uttar Pradesh,False,2023-05-16 00:00:00,False,MISSING,,INACTIVE,2605.91,False,1
MCH6746,MCH6746,"Tank, Chanda and Kothari",5411,mcc_field,False,Grocery,Grocery Stores,Private Limited,Ludhiana,Punjab,False,2024-02-04 00:00:00,False,ACCOUNT_NUMBER,9145,ACTIVE,2445.51,False,1
MCH6748,MCH6748,Sathe Inc,5411,mcc_field,False,Grocery,Grocery Stores,Sole Proprietor,Kolkata,West Bengal,False,2023-05-07 00:00:00,False,MISSING,,INACTIVE,1451.17,False,1
MCH6751,MCH6751,Jhaveri-Rege,5942,mcc_field,False,Books & Stationery,Book Store,Private Limited,Jalandhar,Punjab,False,2023-07-30 00:00:00,False,MISSING,,ACTIVE,1649.91,False,1
MCH6755,MCH6755,Subramaniam Inc,7011,mcc_field,False,Hotels & Lodging,Hospitality,Partnership,Delhi,Delhi,False,2024-03-23 00:00:00,False,MISSING,,ACTIVE,1535.05,False,1
MCH6756,MCH6756,Mangal Plc,5812,mcc_field,False,Restaurants,Restaurants,Individual,Kolkata,West Bengal,False,2024-12-21 00:00:00,False,MASKED,7752,ACTIVE,689.85,False,1
MCH6757,MCH6757,Brar-Saha,5942,mcc_field,False,Books & Stationery,Books,Sole Proprietor,Ludhiana,Punjab,False,2024-05-09 00:00:00,False,VIRTUAL_ACCOUNT,0116,ACTIVE,602.25,False,1
MCH6758,MCH6758,"Kaul, Vyas and Bobal",5912,mcc_field,False,Pharmacy,chemist,Sole Proprietor,Jaipur,Rajasthan,False,,False,VIRTUAL_ACCOUNT,1926,ACTIVE,1560.09,False,1
MCH6764,MCH6764,Rama-Vora,4131,mcc_field,False,Transportation,transprt,Partnership,Hyderabad,Telangana,False,2025-08-22 07:58:18,False,MASKED,1624,ACTIVE,892.82,False,1
MCH6765,MCH6765,Sengupta-Keer,5912,mcc_field,False,Pharmacy,chemist,Individual,Delhi,Delhi,False,2025-11-17 00:00:00,False,MASKED,7076,ACTIVE,1250.47,False,3
MCH6770,MCH6770,Chaudhari-Dewan,5942,mcc_field,False,Books & Stationery,Books,Sole Proprietor,Jaipur,Rajasthan,False,,False,MISSING,,ACTIVE,1139.41,False,1
MCH6772,MCH6772,"Sarin,kaleand Bava",5411,mcc_field,False,Grocery,groceries,Individual,Amritsar,Punjab,False,2024-03-12 00:00:00,False,ACCOUNT_NUMBER,0944,INACTIVE,893.58,False,1
MCH6773,MCH6773,"Parmar, Sahota and Rajagopalan",5999,mcc_field,False,Misc Retail,Miscellaneous,Sole Proprietor,Pune,Maharashtra,False,2024-02-23 00:00:00,False,VIRTUAL_ACCOUNT,1358,ACTIVE,3042.0,False,1
MCH6774,MCH6774,Parsa Ltd,5699,mcc_field,False,Apparel,CLOTHS,Private Limited,Amritsar,Punjab,False,2023-01-17 00:00:00,False,MISSING,,ACTIVE,2007.14,False,1
MCH6775,mch6775,La11 Group,5999,mcc_field,False,Misc Retail,Retail Other,Private Limited,Chennai,Tamil Nadu,False,,False,VIRTUAL_ACCOUNT,4902,INACTIVE,196.61,False,1
MCH6776,6776,Hari-Tak,4131,mcc_field,False,Transportation,Transport,Sole Proprietor,Jalandhar,Punjab,False,2025-05-25 00:00:00,False,VIRTUAL_ACCOUNT,9600,INACTIVE,1189.41,False,3
MCH6777,MCH6777,Lall-Date,5411,mcc_field,False,Grocery,groceries,Partnership,Lucknow,Uttar Pradesh,False,2023-12-20 14:05:11,False,MASKED,6676,ACTIVE,1143.87,False,1
MCH6780,MCH 6780,"Bhatia, Dalal and Kapur",5999,mcc_field,False,Misc Retail,Retail Other,Private Limited,Jalandhar,Punjab,False,2025-05-24 00:31:32,False,MISSING,,ACTIVE,10952.74,True,1
MCH6782,MCH6782,Basu Plc,5812,mcc_field,False,Restaurants,FOOD_SERVICES,Private Limited,Delhi,Delhi,False,2025-08-30 00:00:00,False,MISSING,,ACTIVE,406.96,True,2
MCH6783,MCH6783,"Deep, Pall and Suri",5912,mcc_field,False,Pharmacy,Medical,Individual,Lucknow,Uttar Pradesh,False,2025-11-28 13:45:00,False,MISSING,,ACTIVE,1131.0,False,3
MCH6785,MCH6785,Rai LLC,7011,mcc_field,False,Hotels & Lodging,HOTEL_LODGING,Sole Proprietor,Chennai,Tamil Nadu,False,2024-12-01 08:40:45,False,MISSING,,ACTIVE,2498.92,False,1
MCH6789,MCH 6789,Sanghvi-Garg,5699,mcc_field,False,Apparel,Apparel,Individual,Kolkata,West Bengal,False,,False,MASKED,2367,ACTIVE,8043.93,False,1
MCH6795,MCH6795,"Hans, Majumdar and Mangat",5999,mcc_field,False,Misc Retail,Misc Retail,Individual,Hyderabad,Telangana,False,2023-06-05 00:00:00,False,MISSING,,ACTIVE,1573.9,False,1
MCH6802,MCH6802,"Deo, Vohra and Palla",5311,mcc_field,False,Department Stores,Department Store,Private Limited,Delhi,Delhi,False,2024-04-11 00:00:00,False,MISSING,,ACTIVE,1823.92,False,1
MCH6803,MCH6803,Babu-Aggarwal,5942,mcc_field,False,Books & Stationery,Stationery,Partnership,Pune,Maharashtra,False,2025-05-24 00:00:00,False,VIRTUAL_ACCOUNT,6242,ACTIVE,2653.94,False,1
MCH6804,MCH6804,Johal and Sons,5699,mcc_field,False,Apparel,CLOTHS,Sole Proprietor,Chennai,Tamil Nadu,False,2025-10-13 00:00:00,False,ACCOUNT_NUMBER,8573,INACTIVE,4018.13,False,1
MCH6805,6805,Dora Ltd,5311,mcc_field,False,Department Stores,Department Store,Private Limited,Mumbai,Maharashtra,False,2025-09-17 00:00:00,False,ACCOUNT_NUMBER,4694,ACTIVE,371.73,False,1
MCH6806,MCH6806,Badal-Bhasin,5411,mcc_field,False,Grocery,GROCERY_STORE,Individual,Hyderabad,Telangana,False,2025-12-05 00:00:00,False,MISSING,,ACTIVE,23208.4,False,2
MCH6809,mch6809,Reddy-Bhatt,5699,inferred_from_category,False,Apparel,Clothing,Partnership,Bengaluru,Karnataka,False,2024-08-05 00:00:00,False,MISSING,,ACTIVE,2382.0,False,1
MCH6812,MCH6812,"Gade, Badami and Choudhary",4814,mcc_field,False,Telecom,Mobile Recharge,Sole Proprietor,Amritsar,Punjab,False,2023-12-21 00:00:00,False,MISSING,,ACTIVE,200.21,True,1
MCH6814,mch6814,Gara-Seth,4814,mcc_field,False,Telecom,TELECOM,Private Limited,Jaipur,Rajasthan,False,2024-07-02 00:00:00,False,ACCOUNT_NUMBER,3537,ACTIVE,1223.19,True,1
MCH6815,mch6815,"Borra, Talwar and Jha",4814,mcc_field,False,Telecom,Telecom,Partnership,Jalandhar,Punjab,False,,False,ACCOUNT_NUMBER,6238,ACTIVE,750.82,False,1
MCH6816,MCH6816,Muni-Bakshi,5942,inferred_from_category,False,Books & Stationery,Book Store,Private Limited,Mumbai,Maharashtra,False,2025-10-19 19:36:20,False,ACCOUNT_NUMBER,6602,SUSPENDED,1412.92,False,1
MCH6818,MCH6818,"Halder, Tata and Chand",7011,mcc_field,False,Hotels & Lodging,Hotels,Sole Proprietor,Kolkata,West Bengal,False,2025-04-20 00:00:00,False,MISSING,,ACTIVE,233.0,False,3
MCH6819,MCH6819,"Arya, Bassi and Kaur",5999,inferred_from_category,False,Misc Retail,Retail Other,Partnership,Amritsar,Punjab,False,2025-11-19 00:00:00,False,MISSING,,ACTIVE,2433.05,False,3
MCH6822,MCH6822,"Sankar, Deol and Goswami",4814,mcc_field,False,Telecom,Telecom,Sole Proprietor,Jaipur,Rajasthan,False,2025-03-31 00:00:00,False,MASKED,2270,CLOSED,1194.99,True,1
MCH6824,MCH6824,"Talwar, Ramesh and Hora",5942,inferred_from_category,False,Books & Stationery,BOOKS_STATIONERY,Sole Proprietor,Bengaluru,Karnataka,False,2023-09-10 00:00:00,False,MASKED,8796,ACTIVE,3249.65,False,1
MCH6825,MCH6825,Biswas-Nadig,5999,mcc_field,False,Misc Retail,Other,Sole Proprietor,Jalandhar,Punjab,False,2023-10-12 10:16:00,False,VIRTUAL_ACCOUNT,2243,SUSPENDED,872.49,False,2
MCH6827,MCH6827,Mangat and Sons,5912,mcc_field,False,Pharmacy,chemist,Sole Proprietor,Jalandhar,Punjab,False,,False,ACCOUNT_NUMBER,5225,ACTIVE,1859.4,False,1
MCH6828,MCH6828,Warrior-Bhardwaj,4814,mcc_field,False,Telecom,Telecom,Partnership,Lucknow,Uttar Pradesh,False,2023-06-01 00:00:00,False,VIRTUAL_ACCOUNT,0684,ACTIVE,2500.44,False,1
MCH6829,MCH6829,"Natarajan, Thaker and Aggarwal",5912,mcc_field,False,Pharmacy,MEDICAL_STORE,Sole Proprietor,Mumbai,Maharashtra,False,2024-01-24 00:00:00,False,MISSING,,ACTIVE,1746.05,False,1
MCH6831,MCH6831,"Kothari, De and Arora",5999,mcc_field,False,Misc Retail,Retail Other,Individual,Kolkata,West Bengal,False,2025-11-17 16:43:00,False,VIRTUAL_ACCOUNT,3261,SUSPENDED,,False,2
MCH6832,MCH-6832,"Chaudry, Barman and Patla",5812,mcc_field,False,Restaurants,Restaurant,Sole Proprietor,Lucknow,Uttar Pradesh,False,2024-09-03 00:00:00,False,ACCOUNT_NUMBER,5357,INACTIVE,617.14,False,1
MCH6836,MCH6836,Gola-Rout,5999,mcc_field,False,Misc Retail,Miscellaneous,Sole Proprietor,Bengaluru,Karnataka,False,2025-12-03 00:00:00,False,ACCOUNT_NUMBER,5239,BLOCKED,2040.92,False,1
MCH6837,MCH6837,Oommen-Thaker,5942,inferred_from_category,False,Books & Stationery,books_stationery,Individual,Jalandhar,Punjab,False,2025-10-11 16:08:00,False,ACCOUNT_NUMBER,6769,INACTIVE,1750.4,False,3
MCH6838,MCH6838,Wali-Nair,5912,mcc_field,False,Pharmacy,chemist,Private Limited,Delhi,Delhi,False,2023-11-12 00:00:00,False,ACCOUNT_NUMBER,9709,ACTIVE,1461.29,False,1
MCH6839,MCH-6839,Saha LLC,5411,mcc_field,False,Grocery,groceries,Individual,Chennai,Tamil Nadu,False,2025-07-20 00:00:00,False,MASKED,2777,ACTIVE,1531.04,False,3
MCH6840,MCH6840,Saini Group,5411,mcc_field,False,Grocery,Grocery,Private Limited,Bengaluru,Karnataka,False,2024-09-15 00:00:00,False,ACCOUNT_NUMBER,2170,ACTIVE,731.68,True,1
MCH6843,MCH6843,"Thakkar, Date and Balasubramanian",5699,mcc_field,False,Apparel,Apparel,Individual,Mumbai,Maharashtra,False,2024-06-19 00:00:00,False,VIRTUAL_ACCOUNT,8860,ACTIVE,2750.74,False,3
MCH6844,mch6844,"Bedi, Gill and Dube",7011,mcc_field,False,Hotels & Lodging,Hospitality,Partnership,Kolkata,West Bengal,False,2025-06-11 00:00:00,False,VIRTUAL_ACCOUNT,3562,ACTIVE,713.58,False,1
MCH6848,MCH6848,Dora LLC,5311,mcc_field,False,Department Stores,Department Store,Partnership,Chennai,Tamil Nadu,False,2025-09-20 22:23:18,False,VIRTUAL_ACCOUNT,5368,ACTIVE,1272.49,False,1
MCH6851,MCH6851,Chaudhary and Sons,4131,mcc_field,False,Transportation,transprt,Individual,Kolkata,West Bengal,False,2023-04-03 00:00:00,False,MASKED,0557,ACTIVE,4509.31,False,1
MCH6852,MCH6852,Swamy-Srinivas,4814,mcc_field,False,Telecom,TELECOM,Private Limited,Chennai,Tamil Nadu,False,,False,VIRTUAL_ACCOUNT,3682,ACTIVE,449.44,True,1
MCH6853,MCH 6853,Prashad Plc,7011,mcc_field,False,Hotels & Lodging,Hotel,Private Limited,Delhi,Delhi,False,2024-06-13 00:00:00,False,VIRTUAL_ACCOUNT,6487,ACTIVE,410.64,False,1
MCH6854,MCH6854,Singh-Pandya,5942,mcc_field,False,Books & Stationery,BOOKS_STATIONERY,Partnership,Amritsar,Punjab,False,2023-07-22 14:48:37,False,MISSING,,ACTIVE,353.0,False,1
MCH6855,MCH6855,"Soman, Ravel and Anand",5411,mcc_field,False,Grocery,groceries,Private Limited,Kolkata,West Bengal,False,2026-02-06 00:00:00,False,MASKED,2710,ACTIVE,1385.58,False,1
MCH6856,MCH6856,"Dalal, Morar and Gala",7011,mcc_field,False,Hotels & Lodging,Hospitality,Private Limited,Chennai,Tamil Nadu,False,2025-11-18 11:40:38,False,MASKED,3477,ACTIVE,1373.13,True,1
MCH6857,MCH6857,Barad and Sons,7011,mcc_field,False,Hotels & Lodging,Hotel,Partnership,Jalandhar,Punjab,False,2025-09-24 12:38:27,False,ACCOUNT_NUMBER,3566,ACTIVE,2452.63,False,1
MCH6860,mch6860,Buch Plc,5699,mcc_field,False,Apparel,Apparel,Private Limited,Kolkata,West Bengal,False,2025-01-09 00:00:00,False,MISSING,,ACTIVE,364.0,False,1
MCH6861,MCH6861,Gandhi-Shukla,5411,inferred_from_category,False,Grocery,kirana,Partnership,Kolkata,West Bengal,False,2024-01-09 00:00:00,False,MISSING,,ACTIVE,1540.0,False,2
MCH6862,mch6862,Misra-Dada,4814,mcc_field,False,Telecom,TELECOM,Private Limited,Kolkata,West Bengal,False,2025-08-12 00:00:00,False,MASKED,0069,ACTIVE,736.0,False,2
MCH6863,MCH6863,Mani Group,5311,mcc_field,False,Department Stores,DEPT_STORE,Individual,Jaipur,Rajasthan,False,2024-05-30 00:00:00,False,VIRTUAL_ACCOUNT,9404,ACTIVE,2985.0,False,1
MCH6865,MCH6865,Mander-Chakrabarti,7011,mcc_field,False,Hotels & Lodging,Hotel,Private Limited,Mumbai,Maharashtra,False,2023-04-20 10:35:00,False,MISSING,,ACTIVE,465.56,True,1
MCH6866,MCH-6866,Gill-Shere,5942,inferred_from_category,False,Books & Stationery,BOOKS_STATIONERY,Individual,Kolkata,West Bengal,False,2025-01-03 00:00:00,False,MASKED,3682,ACTIVE,4194.0,False,3
MCH6868,6868,Tara Group,5311,mcc_field,False,Department Stores,Retail,Partnership,Pune,Maharashtra,False,2024-02-04 01:10:36,False,MISSING,,ACTIVE,323.93,False,1
MCH6869,MCH 6869,"Oak, Kalla and Chand",4131,mcc_field,False,Transportation,transprt,Private Limited,Pune,Maharashtra,False,2025-01-21 15:07:04,False,MASKED,1495,ACTIVE,2412.44,False,1
MCH6870,MCH6870,Basak Group,4814,mcc_field,False,Telecom,phone service,Sole Proprietor,Pune,Maharashtra,False,2025-04-03 00:00:00,False,ACCOUNT_NUMBER,3774,ACTIVE,2497.95,False,1
MCH6873,MCH 6873,Dar and Sons,5311,mcc_field,False,Department Stores,Department Store,Sole Proprietor,Jalandhar,Punjab,False,,False,MASKED,7759,ACTIVE,75.71,False,1
MCH6875,MCH6875,Anand-Bajwa,7011,mcc_field,False,Hotels & Lodging,Hotel,Private Limited,Pune,Maharashtra,False,2025-06-15 00:00:00,False,ACCOUNT_NUMBER,2593,ACTIVE,1892.34,False,2
MCH6877,MCH 6877,Nadkarni and Sons,5411,inferred_from_category,False,Grocery,kirana,Individual,Ludhiana,Punjab,False,2025-10-12 00:00:00,False,MISSING,,ACTIVE,1757.0,False,2
MCH6882,MCH-6882,"Thaker, Hans and Chandra",4131,mcc_field,False,Transportation,Transport,Private Limited,Lucknow,Uttar Pradesh,False,2025-02-10 06:27:51,False,MASKED,2452,INACTIVE,274.11,False,1
MCH6889,MCH6889,Vala Plc,5311,mcc_field,False,Department Stores,Department Stores,Sole Proprietor,Ludhiana,Punjab,False,2024-07-03 00:00:00,False,MASKED,2033,ACTIVE,2028.13,False,2
MCH6890,MCH6890,Pandit-Narasimhan,7011,mcc_field,False,Hotels & Lodging,Hotel,Private Limited,Kolkata,West Bengal,False,2024-04-21 00:00:00,False,MASKED,8046,CLOSED,525.87,False,2
MCH6892,MCH6892,Chacko-Gaba,5912,mcc_field,False,Pharmacy,Pharmacies,Sole Proprietor,Bengaluru,Karnataka,False,2025-05-07 00:00:00,False,MASKED,0824,ACTIVE,684.73,False,1
MCH6896,MCH6896,Padmanabhan-Purohit,4814,mcc_field,False,Telecom,TELECOM,Private Limited,Kolkata,West Bengal,False,2025-09-10 00:00:00,False,ACCOUNT_NUMBER,5643,ACTIVE,1862.46,False,2
MCH6903,MCH6903,Sanghvi-Suresh,5912,mcc_field,False,Pharmacy,Medical,Sole Proprietor,Pune,Maharashtra,False,2024-12-01 00:00:00,False,MASKED,6921,ACTIVE,3930.65,False,3
MCH6904,MCH 6904,"Dora, Buch and Dara",5411,mcc_field,False,Grocery,kirana,Individual,Lucknow,Uttar Pradesh,False,2026-01-27 22:18:05,False,ACCOUNT_NUMBER,3912,ACTIVE,,False,3
MCH6907,MCH6907,Dhillon-Sama,5812,mcc_field,False,Restaurants,Restaurants,Private Limited,Jalandhar,Punjab,False,2024-12-21 07:31:00,False,MISSING,,ACTIVE,4335.88,False,1
MCH6917,MCH6917,"Deshmukh, Parmar and Lad",4814,mcc_field,False,Telecom,phone service,Sole Proprietor,Jaipur,Rajasthan,False,2023-07-29 00:00:00,False,VIRTUAL_ACCOUNT,0989,ACTIVE,1543.47,False,1
MCH6918,mch6918,Sant Ltd,4131,mcc_field,False,Transportation,Transportation,Private Limited,Chennai,Tamil Nadu,False,2023-01-15 00:00:00,False,MISSING,,ACTIVE,472.0,False,1
MCH6919,MCH6919,Mander Ltd,5999,mcc_field,False,Misc Retail,Other,Partnership,Jalandhar,Punjab,False,2024-05-02 02:08:00,False,ACCOUNT_NUMBER,9461,ACTIVE,2549.85,False,1
MCH6920,MCH6920,"Bhagat, Nadkarni and Dyal",5311,mcc_field,False,Department Stores,Department Stores,Individual,Kolkata,West Bengal,False,2026-01-01 00:00:00,False,VIRTUAL_ACCOUNT,4600,ACTIVE,410.54,False,1
MCH6922,MCH6922,"Bassi, Dara and Dutt",5699,mcc_field,False,Apparel,Clothing,Private Limited,Bengaluru,Karnataka,False,2023-04-01 00:00:00,False,MASKED,6999,ACTIVE,1736.93,False,2
MCH6923,6923,"Kumar, Hayre and Grover",5942,mcc_field,False,Books & Stationery,BOOKS_STATIONERY,Partnership,Lucknow,Uttar Pradesh,False,2024-03-12 00:00:00,False,VIRTUAL_ACCOUNT,0343,INACTIVE,937.24,False,1
MCH6926,MCH-6926,Bhattacharyya and Sons,5912,inferred_from_category,False,Pharmacy,MEDICAL_STORE,Private Limited,Jaipur,Rajasthan,False,2025-08-28 10:51:00,False,MISSING,,ACTIVE,3997.27,False,1
MCH6928,MCH6928,Tata-Wagle,5912,mcc_field,False,Pharmacy,chemist,Partnership,Bengaluru,Karnataka,False,2023-12-31 04:58:57,False,VIRTUAL_ACCOUNT,8195,ACTIVE,1008.0,False,2
MCH6930,mch6930,Dhingra Plc,4131,mcc_field,False,Transportation,transprt,Sole Proprietor,Kolkata,West Bengal,False,2025-12-26 00:00:00,False,ACCOUNT_NUMBER,4250,ACTIVE,,False,2
MCH6935,MCH6935,"Sagar,badaland Jha",5912,mcc_field,False,Pharmacy,Pharmacy,Private Limited,Delhi,Delhi,False,2025-11-06 00:00:00,False,MISSING,,ACTIVE,319.7,False,1
MCH6939,MCH-6939,Sampath Ltd,5999,mcc_field,False,Misc Retail,Misc Retail,Sole Proprietor,Lucknow,Uttar Pradesh,False,2025-07-01 11:23:00,False,MASKED,8052,ACTIVE,2962.51,False,3
MCH6940,MCH6940,Koshy Inc,4131,mcc_field,False,Transportation,Transport,Private Limited,Chennai,Tamil Nadu,False,2024-06-25 00:00:00,False,MISSING,,ACTIVE,5556.5,False,1
MCH6943,MCH6943,Vyas Group,5699,mcc_field,False,Apparel,garments,Individual,Amritsar,Punjab,False,2023-04-11 00:00:00,False,VIRTUAL_ACCOUNT,4797,ACTIVE,651.75,True,1
MCH6944,MCH6944,"Ghosh, Hayre and Seth",5699,mcc_field,False,Apparel,Apparel,Individual,Jaipur,Rajasthan,False,2024-06-29 00:00:00,False,MISSING,,INACTIVE,,False,2
MCH6945,MCH 6945,Barad LLC,5311,mcc_field,False,Department Stores,Retail,Partnership,Ludhiana,Punjab,False,2025-09-13 06:55:00,False,MISSING,,ACTIVE,3350.77,False,1
MCH6947,MCH6947,Sen LLC,5912,mcc_field,False,Pharmacy,Medical,Individual,Hyderabad,Telangana,False,2025-05-29 00:00:00,False,ACCOUNT_NUMBER,3762,ACTIVE,820.37,False,2
MCH6948,MCH6948,"Kala,lokeand Singhal",4814,mcc_field,False,Telecom,phone service,Individual,Bengaluru,Karnataka,False,2025-07-16 00:00:00,False,MISSING,,ACTIVE,752.55,True,1
MCH6949,MCH 6949,"Dada, Suri and Chhabra",7011,mcc_field,False,Hotels & Lodging,HOTEL_LODGING,Sole Proprietor,Pune,Maharashtra,False,2024-01-26 00:00:00,False,ACCOUNT_NUMBER,0140,ACTIVE,333.77,False,1
MCH6950,MCH6950,"Bal, Swaminathan and Desai",5912,mcc_field,False,Pharmacy,Pharmacy,Partnership,Jaipur,Rajasthan,False,2025-04-10 00:08:00,False,MASKED,4795,ACTIVE,1101.05,False,1
MCH6953,MCH-6953,Khurana-Prabhakar,5942,inferred_from_category,False,Books & Stationery,Books,Partnership,Hyderabad,Telangana,False,2024-10-03 00:00:00,False,MISSING,,ACTIVE,2749.21,True,1
MCH6959,6959,"Agrawal, Bhatt and Babu",7011,mcc_field,False,Hotels & Lodging,Hotels,Partnership,Lucknow,Uttar Pradesh,False,2024-05-24 03:34:51,False,MISSING,,ACTIVE,611.31,False,1
MCH6960,MCH6960,Das-Dhawan,5812,inferred_from_category,False,Restaurants,FOOD_SERVICES,Partnership,Jaipur,Rajasthan,False,2023-01-22 00:00:00,False,MISSING,,ACTIVE,1832.0,False,1
MCH6965,MCH6965,Lala Group,5912,mcc_field,False,Pharmacy,Medical,Private Limited,Pune,Maharashtra,False,2023-08-26 00:00:00,False,MISSING,,ACTIVE,256.0,False,1
MCH6966,6966,"Wali, Mand and Prabhakar",5942,mcc_field,False,Books & Stationery,BOOKS_STATIONERY,Partnership,Amritsar,Punjab,False,2023-10-16 00:00:00,False,MISSING,,ACTIVE,2789.87,False,1
MCH6970,MCH6970,Chopra-Loke,5311,mcc_field,False,Department Stores,Department Store,Partnership,Jaipur,Rajasthan,False,2025-02-13 00:00:00,False,MISSING,,ACTIVE,564.18,False,2
MCH6972,mch6972,Badal-Kamdar,7011,mcc_field,False,Hotels & Lodging,Hotels,Private Limited,Pune,Maharashtra,False,2023-12-20 14:49:48,False,MISSING,,ACTIVE,1516.57,False,1
MCH6974,MCH6974,Ramaswamy Ltd,5311,mcc_field,False,Department Stores,Department Stores,Individual,Delhi,Delhi,False,2026-01-01 00:00:00,False,MASKED,1883,ACTIVE,1499.0,False,1
MCH6977,MCH6977,Sathe-Jha,5942,mcc_field,False,Books & Stationery,Book Store,Individual,Lucknow,Uttar Pradesh,False,2023-08-06 00:00:00,False,MASKED,2950,ACTIVE,1341.62,True,1
MCH6979,MCH6979,Nadig Ltd,5912,inferred_from_category,False,Pharmacy,chemist,Sole Proprietor,Chennai,Tamil Nadu,False,2023-05-18 00:42:04,False,VIRTUAL_ACCOUNT,9953,INACTIVE,640.32,False,3
MCH6980,MCH6980,Sarna-Rajagopal,5999,mcc_field,False,Misc Retail,Misc Retail,Partnership,Jalandhar,Punjab,False,2024-02-13 12:55:41,False,MISSING,,ACTIVE,5229.33,False,1
MCH6982,MCH6982,"Baral, Ramachandran and Keer",5942,mcc_field,False,Books & Stationery,Stationery,Partnership,Lucknow,Uttar Pradesh,False,2025-09-13 00:00:00,False,VIRTUAL_ACCOUNT,9313,SUSPENDED,5234.31,False,2
MCH6983,MCH6983,Barman-Chand,5311,mcc_field,False,Department Stores,Department Stores,Partnership,Delhi,Delhi,False,2024-10-07 12:44:43,False,MISSING,,ACTIVE,3713.18,False,1
MCH6984,mch6984,Wadhwa LLC,5411,mcc_field,False,Grocery,Grocery Stores,Individual,Pune,Maharashtra,False,2025-01-23 00:00:00,False,ACCOUNT_NUMBER,2741,ACTIVE,542.76,False,1
MCH6985,MCH6985,Devi-Radhakrishnan,5942,mcc_field,False,Books & Stationery,Stationery,Individual,Jalandhar,Punjab,False,2023-01-20 03:57:02,False,VIRTUAL_ACCOUNT,1101,ACTIVE,694.07,False,1
MCH6986,MCH6986,"Joshi, Chacko and Sawhney",5411,mcc_field,False,Grocery,kirana,Individual,Mumbai,Maharashtra,False,2025-11-05 00:00:00,False,ACCOUNT_NUMBER,3270,ACTIVE,606.88,False,2
MCH6989,MCH6989,Raju LLC,5699,mcc_field,False,Apparel,Clothing,Individual,Jaipur,Rajasthan,False,2023-11-03 00:00:00,False,ACCOUNT_NUMBER,8402,INACTIVE,1427.8,False,1
MCH6990,MCH6990,Apte-Choudhary,4131,mcc_field,False,Transportation,transprt,Partnership,Bengaluru,Karnataka,False,2023-05-05 00:00:00,False,MISSING,,ACTIVE,3342.47,False,1
MCH6991,MCH6991,Dani Ltd,4131,inferred_from_category,False,Transportation,Bus/Taxi,Partnership,Bengaluru,Karnataka,False,2025-07-16 00:00:00,False,ACCOUNT_NUMBER,1808,ACTIVE,1831.13,True,1
MCH6992,MCH6992,"Srivastava, Sha and Natarajan",5812,mcc_field,False,Restaurants,Restaurant,Partnership,Amritsar,Punjab,False,2026-01-21 00:00:00,False,ACCOUNT_NUMBER,4250,ACTIVE,893.0,False,1
MCH6998,mch6998,Jani-Nayak,5311,mcc_field,False,Department Stores,DEPT_STORE,Individual,Delhi,Delhi,False,2026-01-27 00:00:00,False,MISSING,,ACTIVE,3349.13,False,1
MCH6999,MCH6999,Solanki Plc,7011,mcc_field,False,Hotels & Lodging,Hotel,Partnership,Chennai,Tamil Nadu,False,2024-02-26 00:00:00,False,MISSING,,ACTIVE,926.71,False,2
MCH7001,MCH-7001,Das LLC,4814,mcc_field,False,Telecom,Telecom,Private Limited,Kolkata,West Bengal,False,2025-09-02 00:00:00,False,MISSING,,ACTIVE,3255.38,False,1
MCH7003,MCH7003,"Dutt, Sachdeva and Sridhar",5999,mcc_field,False,Misc Retail,Retail Other,Individual,Lucknow,Uttar Pradesh,False,2025-04-30 00:00:00,False,ACCOUNT_NUMBER,1497,INACTIVE,418.71,False,2
MCH7007,mch7007,Sastry-Soni,7011,mcc_field,False,Hotels & Lodging,Hotels,Sole Proprietor,Chennai,Tamil Nadu,False,2024-11-01 00:00:00,False,MASKED,4092,INACTIVE,649.1,True,1
MCH7010,MCH7010,Kuruvilla-Shanker,5411,mcc_field,False,Grocery,kirana,Sole Proprietor,Delhi,Delhi,False,2023-07-22 00:00:00,False,MISSING,,SUSPENDED,524.4,False,1
MCH7013,7013,"Batra,narangand Gala",5912,mcc_field,False,Pharmacy,MEDICAL_STORE,Sole Proprietor,Delhi,Delhi,False,2025-03-02 00:00:00,False,MASKED,0133,ACTIVE,2875.47,False,2
MCH7016,MCH7016,Ratti Plc,4131,mcc_field,False,Transportation,TRAVEL,Partnership,Lucknow,Uttar Pradesh,False,2025-10-18 02:35:27,False,VIRTUAL_ACCOUNT,2269,ACTIVE,319.94,False,1
MCH7017,MCH7017,"Roy, Khosla and Oak",5999,inferred_from_category,False,Misc Retail,Misc Retail,Sole Proprietor,Lucknow,Uttar Pradesh,False,2025-09-14 00:00:00,False,MASKED,0409,ACTIVE,952.71,False,2
MCH7020,MCH7020,Dalal LLC,5311,mcc_field,False,Department Stores,Department Store,Partnership,Chennai,Tamil Nadu,False,2023-10-01 13:17:54,False,MISSING,,ACTIVE,1105.4,False,1
MCH7021,MCH7021,"Dewan, Banerjee and Purohit",7011,mcc_field,False,Hotels & Lodging,Hotels,Sole Proprietor,Bengaluru,Karnataka,False,2024-07-01 00:00:00,False,MASKED,8572,ACTIVE,969.81,False,1
MCH7023,MCH7023,Walla-Raj,5311,mcc_field,False,Department Stores,Department Store,Individual,Delhi,Delhi,False,2023-03-16 11:15:32,False,MISSING,,ACTIVE,1307.24,False,2
MCH7024,mch7024,Gandhi-Kunda,5942,mcc_field,False,Books & Stationery,BOOKS_STATIONERY,Private Limited,Lucknow,Uttar Pradesh,False,2024-04-22 00:00:00,False,MISSING,,ACTIVE,184.56,False,1
MCH7025,MCH7025,"Shanker, Bandi and Bala",5999,mcc_field,False,Misc Retail,Retail Other,Individual,Bengaluru,Karnataka,False,2025-01-26 00:00:00,False,MASKED,6482,ACTIVE,4575.03,False,1
MCH7026,mch7026,Ganesan-Manda,7011,mcc_field,False,Hotels & Lodging,Hotel,Sole Proprietor,Mumbai,Maharashtra,False,2025-09-30 00:00:00,False,ACCOUNT_NUMBER,4378,ACTIVE,1364.0,False,1
MCH7027,MCH7027,"Vyas, Ghose and Narasimhan",5311,mcc_field,False,Department Stores,Department Store,Sole Proprietor,Hyderabad,Telangana,False,2023-04-05 00:00:00,False,VIRTUAL_ACCOUNT,6190,ACTIVE,860.0,False,1
MCH7028,MCH7028,Jain-Merchant,5912,mcc_field,False,Pharmacy,Medical,Partnership,Lucknow,Uttar Pradesh,False,2025-10-16 00:00:00,False,MISSING,,ACTIVE,542.31,False,2
MCH7029,MCH7029,Purohit Ltd,4814,mcc_field,False,Telecom,Mobile Recharge,Partnership,Bengaluru,Karnataka,False,2025-03-28 00:44:27,False,ACCOUNT_NUMBER,3452,INACTIVE,1186.22,False,2
MCH7030,mch7030,Shan Ltd,5311,mcc_field,False,Department Stores,DEPT_STORE,Individual,Ludhiana,Punjab,False,,False,MISSING,,SUSPENDED,466.83,False,1
MCH7031,MCH 7031,Chander Inc,4814,mcc_field,False,Telecom,Telecom,Private Limited,Pune,Maharashtra,False,2025-09-28 00:00:00,False,MASKED,5142,ACTIVE,1538.5,False,1
MCH7032,MCH 7032,"Mangat, Naik and Kakar",7011,mcc_field,False,Hotels & Lodging,Hotels,Private Limited,Amritsar,Punjab,False,2023-01-09 00:00:00,False,MISSING,,ACTIVE,,False,1
MCH7033,MCH-7033,Mani and Sons,5699,mcc_field,False,Apparel,Apparel,Partnership,Mumbai,Maharashtra,False,2023-07-06 00:00:00,False,MISSING,,ACTIVE,2767.54,False,1
MCH7034,MCH7034,Deol LLC,5942,mcc_field,False,Books & Stationery,BOOKS_STATIONERY,Individual,Pune,Maharashtra,False,2026-01-27 00:00:00,False,MISSING,,ACTIVE,856.21,False,3
MCH7038,MCH-7038,Mannan-Singh,5942,mcc_field,False,Books & Stationery,Books,Individual,Bengaluru,Karnataka,False,2025-05-25 00:00:00,False,VIRTUAL_ACCOUNT,7722,CLOSED,620.0,False,1
MCH7040,MCH7040,Bhasin-Lala,5942,mcc_field,False,Books & Stationery,Stationery,Individual,Mumbai,Maharashtra,False,2025-10-11 00:00:00,False,VIRTUAL_ACCOUNT,6499,SUSPENDED,2406.66,False,1
MCH7042,MCH7042,Halder-Kalla,5999,inferred_from_category,False,Misc Retail,Misc Retail,Private Limited,Pune,Maharashtra,False,2023-09-26 00:00:00,False,MISSING,,ACTIVE,1230.3,False,2
MCH7044,MCH-7044,"Anne, Som and Ganesan",7011,mcc_field,False,Hotels & Lodging,Hotels,Individual,Jalandhar,Punjab,False,2025-08-08 00:00:00,False,VIRTUAL_ACCOUNT,5911,ACTIVE,,False,2
MCH7047,MCH7047,Batta-Bhavsar,4814,mcc_field,False,Telecom,phone service,Individual,Lucknow,Uttar Pradesh,False,,False,VIRTUAL_ACCOUNT,3081,ACTIVE,691.03,False,1
MCH7048,MCH7048,Manda Inc,5942,mcc_field,False,Books & Stationery,Books,Sole Proprietor,Kolkata,West Bengal,False,2024-02-17 04:08:00,False,ACCOUNT_NUMBER,7689,ACTIVE,776.0,False,1
MCH7050,mch7050,Chand and Sons,5912,mcc_field,False,Pharmacy,Pharmacy,Private Limited,Bengaluru,Karnataka,False,2025-02-04 15:33:07,False,MASKED,7630,ACTIVE,781.34,False,1
MCH7051,MCH7051,Ramachandran-Rajan,5812,mcc_field,False,Restaurants,eating place,Partnership,Mumbai,Maharashtra,False,2023-12-26 00:00:00,False,MASKED,3526,ACTIVE,1183.53,False,1
MCH7057,MCH7057,"Lad, Kala and Bhagat",4814,mcc_field,False,Telecom,TELECOM,Partnership,Jaipur,Rajasthan,False,2026-02-10 15:50:00,False,MISSING,,ACTIVE,1333.8,False,1
MCH7058,MCH7058,"Barad,paland Boase",5311,mcc_field,False,Department Stores,Department Store,Individual,Kolkata,West Bengal,False,2025-12-06 04:07:00,False,MASKED,2802,ACTIVE,1284.51,False,3
MCH7060,MCH7060,"Nayak, Parmer and Anand",5912,inferred_from_category,False,Pharmacy,Pharmacies,Private Limited,Kolkata,West Bengal,False,2023-05-26 00:00:00,False,MISSING,,ACTIVE,1299.1,False,1
MCH7061,MCH7061,Grover and Sons,7011,mcc_field,False,Hotels & Lodging,Hospitality,Individual,Jaipur,Rajasthan,False,2023-06-12 22:13:21,False,MISSING,,ACTIVE,462.72,False,1
MCH7062,MCH7062,"Karpe, Sekhon and Memon",5999,mcc_field,False,Misc Retail,Miscellaneous,Partnership,Chennai,Tamil Nadu,False,2024-07-18 00:00:00,False,VIRTUAL_ACCOUNT,5569,CLOSED,2267.0,False,3
MCH7063,MCH7063,"Garg, Bawa and Hans",4814,mcc_field,False,Telecom,Telecom,Private Limited,Lucknow,Uttar Pradesh,False,2025-12-28 00:00:00,False,MISSING,,ACTIVE,2717.9,False,2
MCH7074,MCH7074,Lalla-Iyengar,5912,inferred_from_category,False,Pharmacy,Pharmacies,Individual,Jalandhar,Punjab,False,2026-01-10 00:00:00,False,ACCOUNT_NUMBER,6139,ACTIVE,732.21,False,4
MCH7075,MCH7075,D’alia Group,7011,mcc_field,False,Hotels & Lodging,HOTEL_LODGING,Partnership,Chennai,Tamil Nadu,False,2024-05-03 20:19:30,False,ACCOUNT_NUMBER,9033,INACTIVE,1262.21,False,1
MCH7076,MCH7076,Bava-Shroff,5999,mcc_field,False,Misc Retail,Miscellaneous,Sole Proprietor,Chennai,Tamil Nadu,False,2025-09-03 01:54:16,False,MISSING,,ACTIVE,875.99,False,1
MCH7077,MCH7077,Basu LLC,7011,mcc_field,False,Hotels & Lodging,HOTEL_LODGING,Individual,Lucknow,Uttar Pradesh,False,2025-08-18 00:00:00,False,ACCOUNT_NUMBER,7486,SUSPENDED,484.0,False,2
MCH7078,MCH7078,"Vasa, Gade and Viswanathan",5699,mcc_field,False,Apparel,fashion,Individual,Mumbai,Maharashtra,False,2025-08-17 00:00:00,False,MASKED,5209,ACTIVE,660.73,False,2
MCH7087,MCH7087,Prashad LLC,5311,mcc_field,False,Department Stores,Department Store,Partnership,Chennai,Tamil Nadu,False,2023-05-29 00:00:00,False,MISSING,,ACTIVE,955.0,False,1
MCH7088,mch7088,Prabhu-Agarwal,5311,mcc_field,False,Department Stores,DEPT_STORE,Sole Proprietor,Mumbai,Maharashtra,False,2025-11-30 13:55:45,False,ACCOUNT_NUMBER,5918,CLOSED,5426.05,False,1
MCH7089,MCH7089,"Reddy, Dua and Trivedi",5912,mcc_field,False,Pharmacy,Medical,Private Limited,Kolkata,West Bengal,False,2023-08-03 14:43:57,False,VIRTUAL_ACCOUNT,1548,INACTIVE,819.59,False,1
MCH7093,MCH7093,Pai-Pau,7011,mcc_field,False,Hotels & Lodging,Hotel,Individual,Mumbai,Maharashtra,False,2025-03-19 11:49:49,False,MISSING,,SUSPENDED,1636.89,False,1
MCH7094,MCH7094,Narasimhan and Sons,5411,mcc_field,False,Grocery,groceries,Partnership,Lucknow,Uttar Pradesh,False,2023-04-03 07:40:00,False,ACCOUNT_NUMBER,3250,ACTIVE,522.74,True,2
MCH7095,MCH 7095,"Sachdev, Sunder and Dalal",5942,inferred_from_category,False,Books & Stationery,Book Store,Partnership,Mumbai,Maharashtra,False,2025-07-20 08:14:05,False,ACCOUNT_NUMBER,0196,ACTIVE,3937.6,False,4
MCH7096,MCH7096,Saxena-Kara,5942,mcc_field,False,Books & Stationery,Books,Partnership,Jaipur,Rajasthan,False,2025-01-25 02:10:00,False,MISSING,,ACTIVE,1167.73,False,3
MCH7098,mch7098,Patla Plc,4131,mcc_field,False,Transportation,Bus/Taxi,Individual,Jaipur,Rajasthan,False,2024-11-14 15:07:19,False,MISSING,,ACTIVE,926.0,False,2
MCH7100,mch7100,Sanghvi-Pandit,5699,mcc_field,False,Apparel,Apparel,Individual,Pune,Maharashtra,False,2024-07-09 00:00:00,False,MISSING,,ACTIVE,638.61,True,1
MCH7104,MCH7104,Kothari LLC,4814,mcc_field,False,Telecom,phone service,Partnership,Jalandhar,Punjab,False,2023-07-12 00:00:00,False,MASKED,8714,ACTIVE,810.17,False,1
MCH7105,mch7105,Mann-Oommen,4814,mcc_field,False,Telecom,Telecom,Private Limited,Chennai,Tamil Nadu,False,2025-11-09 10:45:31,False,MISSING,,ACTIVE,461.62,False,4
MCH7106,MCH7106,Mody-Mitter,5699,mcc_field,False,Apparel,CLOTHS,Individual,Bengaluru,Karnataka,False,2023-06-11 00:00:00,False,VIRTUAL_ACCOUNT,5871,ACTIVE,574.51,False,2
MCH7108,MCH-7108,Krishnan Group,5411,mcc_field,False,Grocery,Grocery Stores,Sole Proprietor,Delhi,Delhi,False,2023-05-14 00:00:00,False,MISSING,,ACTIVE,567.27,False,1
MCH7111,MCH7111,Kohli-Zachariah,5411,mcc_field,False,Grocery,kirana,Partnership,Ludhiana,Punjab,False,2025-08-04 00:00:00,False,MASKED,9398,ACTIVE,585.6,False,1
MCH7113,MCH7113,"Jain,bhattiand Sha",5942,mcc_field,False,Books & Stationery,BOOKS_STATIONERY,Partnership,Chennai,Tamil Nadu,False,2025-07-30 15:17:22,False,MASKED,9585,SUSPENDED,1921.99,False,1
MCH7118,MCH7118,Chaudhry Ltd,5311,mcc_field,False,Department Stores,Retail,Sole Proprietor,Hyderabad,Telangana,False,2025-05-15 00:00:00,False,MASKED,9631,ACTIVE,6144.18,False,1
MCH7121,MCH7121,"Narasimhan, Anand and Gaba",5999,mcc_field,False,Misc Retail,Other,Private Limited,Pune,Maharashtra,False,2025-07-25 21:18:00,False,MISSING,,ACTIVE,2139.0,False,1
MCH7126,MCH7126,Deol Ltd,5999,mcc_field,False,Misc Retail,Other,Partnership,Delhi,Delhi,False,2025-06-25 00:00:00,False,MISSING,,ACTIVE,495.33,False,2
MCH7127,MCH7127,"Chhabra, Dayal and Sood",5699,mcc_field,False,Apparel,Apparel,Individual,Amritsar,Punjab,False,2024-06-05 00:00:00,False,ACCOUNT_NUMBER,6775,ACTIVE,1738.0,False,2
MCH7128,MCH7128,Agarwal Group,5912,mcc_field,False,Pharmacy,chemist,Private Limited,Jalandhar,Punjab,False,2023-06-06 20:54:00,False,MISSING,,ACTIVE,6405.9,False,1
MCH7133,MCH7133,Din Inc,5411,mcc_field,False,Grocery,kirana,Private Limited,Pune,Maharashtra,False,2023-05-05 02:26:09,False,MISSING,,INACTIVE,,False,1
MCH7137,MCH7137,Krishna-Palan,4814,mcc_field,False,Telecom,Telecom,Partnership,Ludhiana,Punjab,False,2025-09-29 00:00:00,False,VIRTUAL_ACCOUNT,9502,ACTIVE,,False,2
MCH7138,MCH7138,Shere-Shankar,5411,mcc_field,False,Grocery,Grocery Stores,Sole Proprietor,Chennai,Tamil Nadu,False,2024-03-07 10:53:23,False,VIRTUAL_ACCOUNT,4250,ACTIVE,1960.27,False,1
MCH7144,MCH7144,"Char, Kapadia and Palla",5999,mcc_field,False,Misc Retail,Miscellaneous,Private Limited,Mumbai,Maharashtra,False,2025-03-23 00:00:00,False,ACCOUNT_NUMBER,2179,INACTIVE,4555.85,False,1
MCH7145,MCH7145,Ratti and Sons,5411,inferred_from_category,False,Grocery,kirana,Sole Proprietor,Pune,Maharashtra,False,2025-07-01 00:00:00,False,ACCOUNT_NUMBER,3816,ACTIVE,1161.56,False,1
MCH7146,MCH7146,Bali Plc,4814,mcc_field,False,Telecom,phone service,Private Limited,Hyderabad,Telangana,False,2025-02-14 00:00:00,False,ACCOUNT_NUMBER,6894,ACTIVE,8255.11,False,2
MCH7149,7149,Keer-Dua,4131,mcc_field,False,Transportation,transportation,Private Limited,Delhi,Delhi,False,2026-02-10 17:58:00,False,MISSING,,SUSPENDED,852.06,True,3
MCH7152,7152,"Bedi, Patil and Rana",5311,mcc_field,False,Department Stores,Retail,Private Limited,Chennai,Tamil Nadu,False,2026-01-02 00:00:00,False,ACCOUNT_NUMBER,0033,INACTIVE,1076.99,False,2
MCH7154,7154,"Raj, Ram and Chokshi",5812,mcc_field,False,Restaurants,Food,Private Limited,Chennai,Tamil Nadu,False,2023-11-05 12:39:00,False,MISSING,,ACTIVE,242.8,False,1
MCH7156,MCH 7156,"Sathe, Patla and Tailor",5311,inferred_from_category,False,Department Stores,DEPT_STORE,Individual,Jaipur,Rajasthan,False,2023-04-07 00:00:00,False,ACCOUNT_NUMBER,2126,ACTIVE,2168.89,False,3
MCH7157,MCH7157,Bir Inc,4814,inferred_from_category,False,Telecom,Mobile Recharge,Private Limited,Lucknow,Uttar Pradesh,False,2023-04-16 00:00:00,False,MISSING,,ACTIVE,906.12,False,1
MCH7162,MCH7162,Ranganathan-Chakraborty,5699,mcc_field,False,Apparel,garments,Private Limited,Pune,Maharashtra,False,2025-02-17 00:00:00,False,VIRTUAL_ACCOUNT,9531,ACTIVE,1830.64,False,3
MCH7163,MCH7163,"Chowdhury, Goyal and Pradhan",4131,mcc_field,False,Transportation,Transportation,Sole Proprietor,Pune,Maharashtra,False,2023-08-11 00:00:00,False,ACCOUNT_NUMBER,5593,ACTIVE,806.17,True,1
MCH7164,MCH7164,Lata-Parmar,5812,inferred_from_category,False,Restaurants,Food,Individual,Chennai,Tamil Nadu,False,2023-11-18 00:00:00,False,ACCOUNT_NUMBER,5291,ACTIVE,,False,2
MCH7165,MCH7165,Kulkarni-Ramanathan,4814,mcc_field,False,Telecom,Telecom,Private Limited,Amritsar,Punjab,False,2025-01-28 00:00:00,False,ACCOUNT_NUMBER,7827,ACTIVE,284.68,False,1
MCH7167,MCH7167,"Bir, Kunda and Manne",5942,mcc_field,False,Books & Stationery,Stationery,Partnership,Hyderabad,Telangana,False,2023-05-26 00:00:00,False,VIRTUAL_ACCOUNT,2539,ACTIVE,397.0,False,1
MCH7172,MCH7172,Chandran-Palla,5311,mcc_field,False,Department Stores,Department Stores,Partnership,Pune,Maharashtra,False,2025-09-23 00:00:00,False,MASKED,0145,ACTIVE,1177.65,False,1
MCH7176,MCH-7176,"Sachar, Wali and Saha",4131,mcc_field,False,Transportation,TRAVEL,Individual,Kolkata,West Bengal,False,2026-02-13 00:00:00,False,ACCOUNT_NUMBER,1787,ACTIVE,980.72,False,1
MCH7178,MCH7178,Devan and Sons,5411,mcc_field,False,Grocery,GROCERY_STORE,Sole Proprietor,Kolkata,West Bengal,False,2023-11-11 00:00:00,False,MISSING,,CLOSED,758.21,False,1
MCH7181,MCH7181,"Dar, Dada and Kala",4131,mcc_field,False,Transportation,transprt,Partnership,Kolkata,West Bengal,False,2023-04-14 00:00:00,False,MASKED,4833,ACTIVE,859.59,False,1
MCH7184,MCH7184,Dara Inc,5411,inferred_from_category,False,Grocery,GROCERY_STORE,Sole Proprietor,Mumbai,Maharashtra,False,2023-08-31 00:00:00,False,MISSING,,ACTIVE,1095.25,False,1
MCH7185,MCH 7185,Agarwal Plc,7011,mcc_field,False,Hotels & Lodging,Hotels,Individual,Pune,Maharashtra,False,2025-08-26 00:00:00,False,MISSING,,ACTIVE,1255.08,False,3
MCH7187,MCH7187,Sandhu Inc,5812,mcc_field,False,Restaurants,Restaurant,Individual,Amritsar,Punjab,False,,False,ACCOUNT_NUMBER,1723,ACTIVE,4006.56,False,1
MCH7190,MCH-7190,Som-Kibe,5699,mcc_field,False,Apparel,CLOTHS,Private Limited,Lucknow,Uttar Pradesh,False,2023-04-09 07:24:49,False,MISSING,,ACTIVE,2254.41,False,1
MCH7191,MCH7191,Bhargava Ltd,5942,mcc_field,False,Books & Stationery,BOOKS_STATIONERY,Sole Proprietor,Hyderabad,Telangana,False,2023-07-26 00:00:00,False,MASKED,5061,CLOSED,528.97,False,1
MCH7192,mch7192,Subramaniam and Sons,5942,mcc_field,False,Books & Stationery,Book Store,Private Limited,Delhi,Delhi,False,2025-09-20 00:00:00,False,MISSING,,ACTIVE,2702.97,False,2
MCH7194,MCH 7194,Shan and Sons,4131,mcc_field,False,Transportation,Transport,Individual,Ludhiana,Punjab,False,,False,MISSING,,ACTIVE,983.19,False,1
MCH7195,MCH7195,Som and Sons,5999,mcc_field,False,Misc Retail,Miscellaneous,Sole Proprietor,Chennai,Tamil Nadu,False,2024-10-15 14:41:16,False,MISSING,,ACTIVE,1440.74,False,1
MCH7196,MCH7196,Kunda-Bakshi,5311,mcc_field,False,Department Stores,Retail,Private Limited,Kolkata,West Bengal,False,2026-02-08 00:00:00,False,MISSING,,SUSPENDED,859.44,False,2
MCH7197,MCH-7197,Raval-Chadha,5812,mcc_field,False,Restaurants,Food,Individual,Mumbai,Maharashtra,False,2023-09-25 00:19:22,False,MISSING,,ACTIVE,218.4,False,1
MCH7198,MCH7198,Dar-Sani,7011,mcc_field,False,Hotels & Lodging,Hotel,Private Limited,Hyderabad,Telangana,False,2023-06-27 13:24:21,False,VIRTUAL_ACCOUNT,9581,ACTIVE,1840.43,False,3
MCH7199,MCH 7199,Manda and Sons,5942,mcc_field,False,Books & Stationery,Books,Sole Proprietor,Delhi,Delhi,False,2026-02-10 11:11:00,False,MISSING,,ACTIVE,1077.86,False,1
MCH7200,MCH7200,Madan Plc,5699,mcc_field,False,Apparel,Fashion,Individual,Delhi,Delhi,False,2025-02-03 00:00:00,False,ACCOUNT_NUMBER,5455,ACTIVE,190.57,False,1
MCH7201,MCH7201,"Patil, Mahajan and Issac",5999,mcc_field,False,Misc Retail,Miscellaneous,Private Limited,Mumbai,Maharashtra,False,2025-03-16 00:00:00,False,ACCOUNT_NUMBER,9598,ACTIVE,282.54,False,1
MCH7202,MCH7202,Uppal Plc,4131,mcc_field,False,Transportation,Transportation,Individual,Jaipur,Rajasthan,False,2023-03-01 00:00:00,False,VIRTUAL_ACCOUNT,0397,INACTIVE,1350.11,True,1
MCH7203,7203,Sani-Memon,5311,inferred_from_category,False,Department Stores,Retail,Sole Proprietor,Amritsar,Punjab,False,2023-03-25 00:00:00,False,VIRTUAL_ACCOUNT,7778,ACTIVE,205.09,True,1
MCH7204,MCH7204,Thaman Ltd,5942,inferred_from_category,False,Books & Stationery,Stationery,Individual,Jalandhar,Punjab,False,2023-09-05 00:00:00,False,MISSING,,ACTIVE,937.0,False,1
MCH7205,MCH7205,Dara Plc,5912,mcc_field,False,Pharmacy,chemist,Sole Proprietor,Ludhiana,Punjab,False,2023-09-26 00:00:00,False,MISSING,,ACTIVE,1778.94,False,1
MCH7206,7206,Srivastava and Sons,5411,mcc_field,False,Grocery,kirana,Private Limited,Lucknow,Uttar Pradesh,False,2025-08-18 00:00:00,False,ACCOUNT_NUMBER,7427,ACTIVE,1434.41,False,1
MCH7211,mch7211,"Apte, Vasa and Batta",5942,mcc_field,False,Books & Stationery,BOOKS_STATIONERY,Sole Proprietor,Mumbai,Maharashtra,False,2024-11-18 13:48:32,False,MISSING,,ACTIVE,1841.0,False,2
MCH7215,MCH7215,"Kaul, Purohit and Arora",5311,mcc_field,False,Department Stores,Retail,Private Limited,Hyderabad,Telangana,False,2023-07-10 00:00:00,False,ACCOUNT_NUMBER,1322,ACTIVE,2403.84,False,1
MCH7216,MCH7216,Pillai and Sons,4814,mcc_field,False,Telecom,Mobile Recharge,Individual,Amritsar,Punjab,False,2025-02-12 23:50:00,False,MISSING,,ACTIVE,356.0,False,1
MCH7218,mch7218,Varghese-Arya,7011,mcc_field,False,Hotels & Lodging,Hospitality,Private Limited,Lucknow,Uttar Pradesh,False,2025-12-25 00:00:00,False,VIRTUAL_ACCOUNT,6530,ACTIVE,2725.82,False,1
MCH7219,MCH7219,Dhawan-Saha,7011,mcc_field,False,Hotels & Lodging,HOTEL_LODGING,Individual,Delhi,Delhi,False,2026-01-06 00:00:00,False,VIRTUAL_ACCOUNT,4965,INACTIVE,2354.94,False,1
MCH7220,MCH7220,Rege-Sharaf,5812,mcc_field,False,Restaurants,Restaurants,Private Limited,Amritsar,Punjab,False,2023-12-15 00:00:00,False,VIRTUAL_ACCOUNT,2225,ACTIVE,978.47,False,1
MCH7222,MCH7222,Verma and Sons,4814,mcc_field,False,Telecom,TELECOM,Individual,Delhi,Delhi,False,2023-07-11 00:00:00,False,MISSING,,INACTIVE,4154.85,True,1
MCH7225,MCH7225,Apte-Wadhwa,5812,mcc_field,False,Restaurants,FOOD_SERVICES,Individual,Jalandhar,Punjab,False,2025-03-07 07:20:55,False,MASKED,2773,ACTIVE,5618.9,True,1
MCH7226,MCH-7226,"Peri, Barad and Panchal",5942,mcc_field,False,Books & Stationery,Books,Sole Proprietor,Delhi,Delhi,False,2024-11-30 00:00:00,False,VIRTUAL_ACCOUNT,0968,ACTIVE,4237.0,False,1
MCH7228,MCH7228,Swaminathan Ltd,4814,inferred_from_category,False,Telecom,TELECOM,Partnership,Ludhiana,Punjab,False,2024-03-13 00:00:00,False,MASKED,9584,ACTIVE,,False,1
MCH7229,MCH7229,"Salvi, Kale and Sunder",4814,mcc_field,False,Telecom,Mobile Recharge,Private Limited,Pune,Maharashtra,False,2025-12-23 00:00:00,False,MISSING,,ACTIVE,606.62,False,1
MCH7233,MCH-7233,Arora LLC,5699,mcc_field,False,Apparel,Apparel,Individual,Ludhiana,Punjab,False,2025-10-11 00:00:00,False,ACCOUNT_NUMBER,9916,ACTIVE,2703.6,False,3
MCH7236,MCH7236,Bhasin LLC,5699,mcc_field,False,Apparel,Fashion,Partnership,Jalandhar,Punjab,False,2025-01-31 00:00:00,False,MASKED,8980,ACTIVE,1228.0,False,2
MCH7237,MCH7237,Reddy-Majumdar,5812,inferred_from_category,False,Restaurants,Restaurants,Partnership,Delhi,Delhi,False,2024-12-13 00:00:00,False,MISSING,,ACTIVE,987.48,False,1
MCH7239,MCH7239,"Trivedi, Ramesh and Prabhakar",5699,inferred_from_category,False,Apparel,Apparel,Sole Proprietor,Lucknow,Uttar Pradesh,False,2026-02-23 22:14:44,False,MISSING,,ACTIVE,918.27,True,2
MCH7244,MCH7244,Nadig-Kata,4131,inferred_from_category,False,Transportation,Transport,Partnership,Bengaluru,Karnataka,False,2024-08-02 04:15:28,False,ACCOUNT_NUMBER,8568,ACTIVE,1686.67,False,1
MCH7246,MCH7246,Lata Ltd,5699,mcc_field,False,Apparel,CLOTHS,Partnership,Chennai,Tamil Nadu,False,2024-03-17 08:45:00,False,MASKED,2358,ACTIVE,1315.04,False,1
MCH7248,MCH7248,Rajagopalan Group,7011,mcc_field,False,Hotels & Lodging,Hotels,Partnership,Hyderabad,Telangana,False,2024-05-22 00:00:00,False,MISSING,,ACTIVE,859.24,False,1
MCH7249,MCH7249,Prakash Group,5812,mcc_field,False,Restaurants,Restaurants,Sole Proprietor,Mumbai,Maharashtra,False,2024-11-30 17:32:21,False,ACCOUNT_NUMBER,7035,ACTIVE,1855.0,False,1
MCH7252,MCH7252,"Krishnamurthy, Pandit and Mukherjee",5942,mcc_field,False,Books & Stationery,Book Store,Sole Proprietor,Hyderabad,Telangana,False,2025-08-01 00:00:00,False,ACCOUNT_NUMBER,1980,ACTIVE,1234.51,False,1
MCH7256,MCH7256,Arora-Raman,4131,mcc_field,False,Transportation,transprt,Sole Proprietor,Lucknow,Uttar Pradesh,False,2026-02-14 00:00:00,False,MISSING,,ACTIVE,449.65,False,1
MCH7257,MCH7257,"Nagi, Gera and Bedi",5999,mcc_field,False,Misc Retail,Miscellaneous,Sole Proprietor,Jaipur,Rajasthan,False,2023-10-29 03:03:00,False,MISSING,,ACTIVE,786.7,False,1
MCH7258,MCH7258,"Om, Swaminathan and Ray",5699,mcc_field,False,Apparel,Apparel,Private Limited,Jaipur,Rajasthan,False,2024-07-16 08:10:14,False,VIRTUAL_ACCOUNT,7025,INACTIVE,472.89,False,1
MCH7260,mch7260,Kunda Inc,7011,mcc_field,False,Hotels & Lodging,Hospitality,Private Limited,Jalandhar,Punjab,False,2024-06-20 00:00:00,False,MISSING,,ACTIVE,391.11,False,1
MCH7262,MCH7262,Loke LLC,4814,mcc_field,False,Telecom,Telecom,Partnership,Mumbai,Maharashtra,False,2023-12-13 00:00:00,False,MASKED,0516,ACTIVE,3675.05,False,1
MCH7266,MCH-7266,Sule Plc,5812,mcc_field,False,Restaurants,eating place,Partnership,Jaipur,Rajasthan,False,2025-08-30 12:28:51,False,MASKED,3283,ACTIVE,,False,1
MCH7268,MCH7268,Mand-Char,5912,mcc_field,False,Pharmacy,Pharmacies,Private Limited,Mumbai,Maharashtra,False,2025-06-20 02:06:05,False,MISSING,,ACTIVE,1359.5,False,1
MCH7269,MCH7269,La11-Raman,4814,mcc_field,False,Telecom,TELECOM,Private Limited,Lucknow,Uttar Pradesh,False,2023-10-25 09:50:57,False,ACCOUNT_NUMBER,6502,ACTIVE,1031.92,False,1
MCH7270,MCH7270,Subramanian LLC,7011,mcc_field,False,Hotels & Lodging,Hotels,Private Limited,Amritsar,Punjab,False,2025-01-15 22:39:15,False,MISSING,,ACTIVE,1469.96,False,1
MCH7272,MCH7272,Kulkarni-Subramanian,4131,mcc_field,False,Transportation,TRAVEL,Sole Proprietor,Bengaluru,Karnataka,False,2023-12-21 09:01:15,False,MASKED,7890,CLOSED,376.69,False,2
MCH7273,MCH7273,Keer and Sons,7011,mcc_field,False,Hotels & Lodging,HOTEL_LODGING,Private Limited,Chennai,Tamil Nadu,False,2024-08-24 09:54:21,False,MISSING,,ACTIVE,3146.24,False,2
MCH7276,MCH-7276,Talwar-Kant,4131,mcc_field,False,Transportation,Bus/Taxi,Partnership,Jaipur,Rajasthan,False,2023-06-23 22:04:06,False,MISSING,,ACTIVE,692.16,False,1
MCH7279,MCH7279,Das Plc,5999,mcc_field,False,Misc Retail,Retail Other,Partnership,Jaipur,Rajasthan,False,,False,VIRTUAL_ACCOUNT,3005,ACTIVE,1157.26,False,2
MCH7280,MCH7280,Baral Ltd,5812,mcc_field,False,Restaurants,FOOD_SERVICES,Individual,Jalandhar,Punjab,False,2025-12-18 14:28:00,False,MISSING,,ACTIVE,5521.6,False,3
MCH7281,MCH 7281,Kalita-Mistry,4814,mcc_field,False,Telecom,Mobile Recharge,Private Limited,Hyderabad,Telangana,False,2024-11-24 00:00:00,False,MASKED,5201,ACTIVE,2941.71,False,2
MCH7282,MCH7282,Chopra LLC,5411,mcc_field,False,Grocery,kirana,Partnership,Amritsar,Punjab,False,2025-12-14 09:02:00,False,MASKED,9513,ACTIVE,1111.0,False,1
MCH7288,MCH-7288,"Kumar, Sachdeva and Natarajan",5999,mcc_field,False,Misc Retail,Miscellaneous,Private Limited,Kolkata,West Bengal,False,2026-02-01 06:24:52,False,MISSING,,SUSPENDED,,False,3
MCH7289,MCH7289,Nayar-Dara,5699,mcc_field,False,Apparel,Apparel,Individual,Pune,Maharashtra,False,2025-12-28 00:00:00,False,VIRTUAL_ACCOUNT,4027,ACTIVE,4510.0,False,2
MCH7290,MCH7290,"Subramanian, Borde and Balakrishnan",5699,mcc_field,False,Apparel,Clothing,Individual,Lucknow,Uttar Pradesh,False,2023-03-17 00:00:00,False,VIRTUAL_ACCOUNT,2204,ACTIVE,2695.0,False,1
MCH7294,7294,"Singh, Ramanathan and Setty",5942,mcc_field,False,Books & Stationery,BOOKS_STATIONERY,Private Limited,Jalandhar,Punjab,False,2025-04-02 00:00:00,False,MISSING,,SUSPENDED,1690.0,False,2
MCH7295,MCH-7295,Palan-Ray,7011,mcc_field,False,Hotels & Lodging,Hospitality,Partnership,Bengaluru,Karnataka,False,2023-02-02 10:44:00,False,MISSING,,ACTIVE,1161.77,False,1
MCH7297,MCH7297,"Bhasin, Sankar and Pradhan",5812,mcc_field,False,Restaurants,FOOD_SERVICES,Private Limited,Delhi,Delhi,False,2025-05-03 21:06:30,False,MISSING,,ACTIVE,,False,2
MCH7298,MCH7298,"Sangha, Sangha and Kulkarni",5411,mcc_field,False,Grocery,groceries,Individual,Delhi,Delhi,False,2024-01-28 17:48:18,False,VIRTUAL_ACCOUNT,7451,ACTIVE,1661.92,False,1
MCH7302,7302,Murthy and Sons,5411,mcc_field,False,Grocery,Grocery,Partnership,Bengaluru,Karnataka,False,2025-01-23 00:00:00,False,MISSING,,ACTIVE,3381.11,False,1
MCH7305,MCH7305,Iyer-Nagi,5699,mcc_field,False,Apparel,Apparel,Individual,Mumbai,Maharashtra,False,2023-08-23 00:00:00,False,MISSING,,ACTIVE,1967.89,False,1
MCH7306,MCH7306,Devi-Narang,4131,mcc_field,False,Transportation,Transportation,Individual,Delhi,Delhi,False,2024-10-20 05:44:44,False,MASKED,6412,ACTIVE,539.76,False,1
MCH7309,MCH7309,"Loke, Chada and Badal",5699,inferred_from_category,False,Apparel,Fashion,Sole Proprietor,Ludhiana,Punjab,False,2023-07-26 00:00:00,False,ACCOUNT_NUMBER,5800,ACTIVE,3465.02,False,1
MCH7310,MCH7310,Mander Group,5699,mcc_field,False,Apparel,Clothing,Partnership,Lucknow,Uttar Pradesh,False,2025-09-08 05:21:18,False,VIRTUAL_ACCOUNT,3966,CLOSED,1987.96,False,1
MCH7311,MCH7311,Jhaveri-Hans,7011,mcc_field,False,Hotels & Lodging,HOTEL_LODGING,Sole Proprietor,Mumbai,Maharashtra,False,2025-05-12 00:00:00,False,VIRTUAL_ACCOUNT,3812,ACTIVE,1009.0,False,2
MCH7312,mch7312,Ramakrishnan-Banerjee,5311,mcc_field,False,Department Stores,Retail,Sole Proprietor,Mumbai,Maharashtra,False,2024-02-24 11:03:00,False,VIRTUAL_ACCOUNT,7121,ACTIVE,977.96,False,1
MCH7313,7313,Comar-Din,4814,mcc_field,False,Telecom,Telecom,Private Limited,Mumbai,Maharashtra,False,2026-01-18 00:00:00,False,ACCOUNT_NUMBER,1517,ACTIVE,1884.45,False,2
MCH7314,MCH7314,Mahajan-Borde,5999,mcc_field,False,Misc Retail,Retail Other,Partnership,Lucknow,Uttar Pradesh,False,2023-01-05 09:53:50,False,ACCOUNT_NUMBER,9001,ACTIVE,1003.0,False,2
MCH7316,mch7316,Tak Ltd,5942,inferred_from_category,False,Books & Stationery,Stationery,Sole Proprietor,Jaipur,Rajasthan,False,2024-05-26 00:00:00,False,VIRTUAL_ACCOUNT,2252,ACTIVE,688.43,False,1
MCH7318,MCH7318,Keer-Rao,4814,inferred_from_category,False,Telecom,TELECOM,Partnership,Pune,Maharashtra,False,2023-11-27 00:00:00,False,VIRTUAL_ACCOUNT,8025,ACTIVE,502.45,False,1
MCH7321,MCH7321,"Krishna, Saraf and Pant",5999,inferred_from_category,False,Misc Retail,Miscellaneous,Partnership,Kolkata,West Bengal,False,2024-02-28 10:01:00,False,MISSING,,ACTIVE,954.48,False,1
MCH7323,MCH7323,Koshy-Comar,5311,mcc_field,False,Department Stores,DEPT_STORE,Sole Proprietor,Chennai,Tamil Nadu,False,2026-02-15 00:00:00,False,MISSING,,ACTIVE,973.0,False,3
MCH7324,MCH7324,Grover-Murty,5942,mcc_field,False,Books & Stationery,Stationery,Partnership,Jalandhar,Punjab,False,2025-02-12 00:00:00,False,MISSING,,SUSPENDED,1077.62,False,1
MCH7325,MCH7325,Chatterjee-Manda,5999,inferred_from_category,False,Misc Retail,Misc Retail,Individual,Kolkata,West Bengal,False,2023-01-04 13:43:25,False,ACCOUNT_NUMBER,7607,ACTIVE,1420.0,False,1
MCH7326,MCH7326,"Mandal, Behl and Bhattacharyya",7011,mcc_field,False,Hotels & Lodging,Hospitality,Sole Proprietor,Chennai,Tamil Nadu,False,2024-10-26 07:07:51,False,MISSING,,ACTIVE,1119.05,False,1
MCH7327,MCH7327,"Krish, Dhar and Choudhury",4814,mcc_field,False,Telecom,TELECOM,Individual,Kolkata,West Bengal,False,2023-05-22 13:42:22,False,VIRTUAL_ACCOUNT,4685,ACTIVE,440.0,False,2
MCH7331,MCH7331,Kala-Loyal,5311,mcc_field,False,Department Stores,Retail,Sole Proprietor,Hyderabad,Telangana,False,2024-05-20 00:00:00,False,ACCOUNT_NUMBER,4901,ACTIVE,,False,2
MCH7332,MCH7332,"Mutti, Reddy and Guha",5311,mcc_field,False,Department Stores,Department Stores,Private Limited,Kolkata,West Bengal,False,2025-05-04 00:00:00,False,MASKED,9186,ACTIVE,1708.81,False,1
MCH7335,7335,"Narayan, Cheema and Chana",5812,mcc_field,False,Restaurants,Food,Private Limited,Chennai,Tamil Nadu,False,2025-03-18 19:16:00,False,VIRTUAL_ACCOUNT,9680,ACTIVE,699.42,False,2
MCH7336,7336,Krishnan and Sons,5812,mcc_field,False,Restaurants,eating place,Partnership,Jalandhar,Punjab,False,2024-09-03 00:09:50,False,ACCOUNT_NUMBER,3296,ACTIVE,1122.92,False,1
MCH7337,MCH7337,Nath-Narayan,5699,mcc_field,False,Apparel,CLOTHS,Individual,Hyderabad,Telangana,False,2024-07-28 00:00:00,False,MISSING,,ACTIVE,3029.85,False,2
MCH7338,MCH7338,"Verma, Rai and Patla",5912,inferred_from_category,False,Pharmacy,Medical,Private Limited,Bengaluru,Karnataka,False,2024-06-05 00:00:00,False,MASKED,7454,ACTIVE,2235.57,False,1
MCH7339,MCH7339,"Purohit, Dhingra and Barman",5411,mcc_field,False,Grocery,Grocery Stores,Individual,Chennai,Tamil Nadu,False,2023-08-16 22:55:00,False,VIRTUAL_ACCOUNT,2449,ACTIVE,2247.46,False,1
MCH7340,mch7340,Devi and Sons,5699,inferred_from_category,False,Apparel,CLOTHS,Partnership,Kolkata,West Bengal,False,2024-01-09 00:00:00,False,ACCOUNT_NUMBER,3568,ACTIVE,1101.37,False,1
MCH7341,MCH7341,Varughese Inc,7011,mcc_field,False,Hotels & Lodging,HOTEL_LODGING,Partnership,Kolkata,West Bengal,False,2023-04-24 02:30:00,False,MISSING,,ACTIVE,3711.54,True,1
MCH7343,MCH7343,Dixit Ltd,5912,mcc_field,False,Pharmacy,Pharmacy,Partnership,Jaipur,Rajasthan,False,,False,MASKED,6255,ACTIVE,3142.0,False,1
MCH7344,MCH7344,Rama-Shukla,5699,mcc_field,False,Apparel,Clothing,Sole Proprietor,Hyderabad,Telangana,False,2023-10-11 00:00:00,False,MISSING,,ACTIVE,1447.45,False,2
MCH7350,MCH7350,Sule LLC,5699,mcc_field,False,Apparel,CLOTHS,Private Limited,Amritsar,Punjab,False,2024-01-31 17:29:42,False,MASKED,7331,ACTIVE,1887.59,True,2
MCH7353,MCH 7353,Nadig LLC,4814,mcc_field,False,Telecom,Mobile Recharge,Individual,Hyderabad,Telangana,False,2025-11-12 00:00:00,False,MASKED,4294,ACTIVE,1097.0,False,4
MCH7354,mch7354,"Chatterjee, Sarna and Handa",5699,inferred_from_category,False,Apparel,Fashion,Sole Proprietor,Bengaluru,Karnataka,False,2023-10-13 16:44:55,False,MISSING,,ACTIVE,728.0,False,1
MCH7355,MCH7355,"Raval, Goswami and Sem",4814,mcc_field,False,Telecom,Mobile Recharge,Private Limited,Pune,Maharashtra,False,2023-12-29 00:00:00,False,MISSING,,ACTIVE,2675.45,False,2
MCH7356,MCH7356,"Divan, Rastogi and Prabhu",5942,mcc_field,False,Books & Stationery,BOOKS_STATIONERY,Partnership,Lucknow,Uttar Pradesh,False,2025-07-22 00:00:00,False,ACCOUNT_NUMBER,9071,ACTIVE,306.91,True,1
MCH7357,MCH7357,Varkey LLC,7011,mcc_field,False,Hotels & Lodging,Hotels,Private Limited,Kolkata,West Bengal,False,2025-08-05 00:00:00,False,MISSING,,ACTIVE,665.88,False,1
MCH7358,MCH7358,Basak-Patla,5999,mcc_field,False,Misc Retail,Misc Retail,Sole Proprietor,Delhi,Delhi,False,2025-12-19 00:00:00,False,ACCOUNT_NUMBER,2230,ACTIVE,3053.41,False,1
MCH7359,MCH7359,Rajagopalan-Rattan,5912,mcc_field,False,Pharmacy,Medical,Sole Proprietor,Kolkata,West Bengal,False,2025-03-13 00:00:00,False,MISSING,,ACTIVE,825.72,True,2
MCH7360,mch7360,Rajan-Sahni,4814,inferred_from_category,False,Telecom,phone service,Partnership,Kolkata,West Bengal,False,2023-11-05 00:00:00,False,VIRTUAL_ACCOUNT,8871,INACTIVE,1218.43,False,1
MCH7362,MCH7362,Kothari Plc,5942,mcc_field,False,Books & Stationery,Books,Private Limited,Pune,Maharashtra,False,2026-02-11 00:00:00,False,MASKED,4121,ACTIVE,478.42,False,2
MCH7363,MCH7363,Babu-Acharya,5999,mcc_field,False,Misc Retail,Misc Retail,Sole Proprietor,Kolkata,West Bengal,False,2024-03-03 08:14:06,False,MISSING,,ACTIVE,1983.77,False,1
MCH7364,MCH7364,Vig-Bala,7011,mcc_field,False,Hotels & Lodging,HOTEL_LODGING,Sole Proprietor,Mumbai,Maharashtra,False,2024-08-29 05:57:59,False,MASKED,1900,ACTIVE,1242.0,False,1
MCH7366,MCH-7366,Bora-Nadkarni,5411,mcc_field,False,Grocery,kirana,Partnership,Bengaluru,Karnataka,False,2024-03-17 00:00:00,False,MISSING,,SUSPENDED,2024.0,False,2
MCH7370,MCH7370,Peri LLC,4131,mcc_field,False,Transportation,Bus/Taxi,Private Limited,Kolkata,West Bengal,False,2023-09-28 00:00:00,False,ACCOUNT_NUMBER,3152,ACTIVE,1188.42,False,1
MCH7371,MCH-7371,"Ghose, Handa and Golla",5912,mcc_field,False,Pharmacy,MEDICAL_STORE,Individual,Chennai,Tamil Nadu,False,2025-04-08 00:00:00,False,VIRTUAL_ACCOUNT,4769,ACTIVE,456.21,False,2
MCH7379,mch7379,Tella-Mahal,5699,mcc_field,False,Apparel,CLOTHS,Partnership,Jaipur,Rajasthan,False,2024-03-06 00:00:00,False,VIRTUAL_ACCOUNT,3549,ACTIVE,,False,2
MCH7380,MCH7380,"Gour, Jani and Mital",5999,mcc_field,False,Misc Retail,Misc Retail,Individual,Chennai,Tamil Nadu,False,2024-11-06 00:00:00,False,MISSING,,CLOSED,688.41,False,1
MCH7383,MCH7383,Mander LLC,5999,inferred_from_category,False,Misc Retail,Misc Retail,Sole Proprietor,Hyderabad,Telangana,False,2025-03-25 01:21:17,False,MISSING,,ACTIVE,2244.22,False,3
MCH7384,MCH-7384,Seshadri-Rai,4814,mcc_field,False,Telecom,TELECOM,Sole Proprietor,Kolkata,West Bengal,False,2024-01-13 00:00:00,False,MISSING,,ACTIVE,4458.94,False,2
MCH7386,7386,Tara Plc,5912,mcc_field,False,Pharmacy,chemist,Private Limited,Hyderabad,Telangana,False,2025-12-17 00:00:00,False,MISSING,,SUSPENDED,1062.8,False,2
MCH7387,MCH7387,Lad-Comar,5812,mcc_field,False,Restaurants,Restaurant,Sole Proprietor,Jalandhar,Punjab,False,2025-02-25 03:44:32,False,VIRTUAL_ACCOUNT,7736,ACTIVE,4968.31,False,1
MCH7389,7389,Basu-Bedi,5812,mcc_field,False,Restaurants,eating place,Partnership,Bengaluru,Karnataka,False,2023-04-07 12:28:00,False,MASKED,3335,ACTIVE,,False,1
MCH7391,MCH7391,"Vora, Lad and Sekhon",5411,mcc_field,False,Grocery,groceries,Partnership,Pune,Maharashtra,False,2023-07-08 00:00:00,False,MISSING,,INACTIVE,4971.16,False,1
MCH7394,MCH7394,Brahmbhatt Plc,5812,mcc_field,False,Restaurants,FOOD_SERVICES,Private Limited,Delhi,Delhi,False,2024-07-29 00:00:00,False,VIRTUAL_ACCOUNT,3209,ACTIVE,3620.77,False,2
MCH7395,7395,Bose and Sons,7011,mcc_field,False,Hotels & Lodging,HOTEL_LODGING,Individual,Bengaluru,Karnataka,False,2024-07-01 00:00:00,False,MASKED,9489,ACTIVE,431.0,False,2
MCH7398,MCH7398,Bhavsar and Sons,5311,mcc_field,False,Department Stores,DEPT_STORE,Sole Proprietor,Chennai,Tamil Nadu,False,2025-04-24 00:00:00,False,MISSING,,ACTIVE,6060.9,False,1
MCH7400,MCH7400,Chaudhari Ltd,5999,inferred_from_category,False,Misc Retail,Other,Individual,Delhi,Delhi,False,2025-07-01 00:00:00,False,MISSING,,SUSPENDED,1040.56,False,2
MCH7403,MCH7403,Prabhakar Group,5942,mcc_field,False,Books & Stationery,BOOKS_STATIONERY,Sole Proprietor,Chennai,Tamil Nadu,False,2025-12-29 05:54:46,False,MASKED,4472,INACTIVE,657.74,False,3
MCH7408,mch7408,Bala Group,5999,inferred_from_category,False,Misc Retail,Retail Other,Private Limited,Hyderabad,Telangana,False,2026-01-13 00:00:00,False,VIRTUAL_ACCOUNT,8867,ACTIVE,1032.22,False,1
MCH7411,MCH7411,"Bhasin, Soman and Savant",4814,mcc_field,False,Telecom,Mobile Recharge,Sole Proprietor,Chennai,Tamil Nadu,False,,False,MISSING,,ACTIVE,2298.88,False,2
MCH7412,MCH7412,Chand-Badal,5812,mcc_field,False,Restaurants,food_services,Private Limited,Mumbai,Maharashtra,False,2025-08-15 00:00:00,False,MISSING,,INACTIVE,539.2,False,2
MCH7413,MCH7413,Uppal-Chaudhry,5311,inferred_from_category,False,Department Stores,DEPT_STORE,Private Limited,Bengaluru,Karnataka,False,2024-09-13 00:00:00,False,ACCOUNT_NUMBER,2456,ACTIVE,3645.54,False,1
MCH7419,MCH7419,Minhas Inc,5699,mcc_field,False,Apparel,Clothing,Individual,Bengaluru,Karnataka,False,2023-05-03 00:00:00,False,VIRTUAL_ACCOUNT,3455,ACTIVE,,False,1
MCH7422,MCH7422,Divan-Vaidya,5942,mcc_field,False,Books & Stationery,Book Store,Individual,Jaipur,Rajasthan,False,2024-07-26 13:42:00,False,ACCOUNT_NUMBER,1218,SUSPENDED,170.31,False,1
MCH7428,MCH7428,Chand Inc,5699,mcc_field,False,Apparel,CLOTHS,Individual,Bengaluru,Karnataka,False,2025-10-11 00:00:00,False,MASKED,8001,ACTIVE,1254.86,False,2
MCH7429,MCH7429,"Sandal, Raja and Gopal",7011,mcc_field,False,Hotels & Lodging,HOTEL_LODGING,Sole Proprietor,Bengaluru,Karnataka,False,2023-12-15 00:00:00,False,MISSING,,ACTIVE,1419.21,False,1
MCH7430,MCH7430,Pingle-Lata,5311,mcc_field,False,Department Stores,Department Store,Individual,Lucknow,Uttar Pradesh,False,2024-09-07 13:29:37,False,MASKED,3604,ACTIVE,2426.91,False,4
MCH7431,MCH7431,Nagarajan and Sons,7011,mcc_field,False,Hotels & Lodging,Hotel,Sole Proprietor,Jaipur,Rajasthan,False,2023-01-04 00:00:00,False,MASKED,7904,ACTIVE,1657.0,False,1
MCH7432,mch7432,Taneja-Hari,5699,mcc_field,False,Apparel,CLOTHS,Sole Proprietor,Bengaluru,Karnataka,False,2025-11-24 07:34:00,False,MISSING,,ACTIVE,1291.31,False,3
MCH7433,MCH7433,"Sahota, Desai and Sarma",5999,mcc_field,False,Misc Retail,Misc Retail,Individual,Pune,Maharashtra,False,2024-02-24 00:00:00,False,MISSING,,ACTIVE,867.14,False,1
MCH7435,mch7435,"Puri, Biswas and Roy",5912,mcc_field,False,Pharmacy,Medical,Partnership,Jaipur,Rajasthan,False,2023-11-12 00:00:00,False,MASKED,1625,BLOCKED,1536.78,True,1
MCH7436,MCH7436,Mane-Trivedi,5912,mcc_field,False,Pharmacy,MEDICAL_STORE,Individual,Bengaluru,Karnataka,False,2024-09-14 00:00:00,False,MISSING,,ACTIVE,1384.27,True,1
MCH7439,mch7439,Jayaraman Plc,7011,mcc_field,False,Hotels & Lodging,Hospitality,Private Limited,Kolkata,West Bengal,False,2024-04-07 13:32:00,False,MISSING,,ACTIVE,7697.49,False,1
MCH7440,MCH7440,Rastogi-Manne,5699,mcc_field,False,Apparel,garments,Sole Proprietor,Lucknow,Uttar Pradesh,False,2025-10-27 00:00:00,False,MISSING,,ACTIVE,2334.42,False,1
MCH7442,mch7442,Thakur-Rana,5999,mcc_field,False,Misc Retail,Miscellaneous,Partnership,Kolkata,West Bengal,False,2026-01-17 22:14:00,False,MISSING,,ACTIVE,1816.81,True,2
MCH7443,MCH7443,Chander-Manda,4131,mcc_field,False,Transportation,transprt,Private Limited,Delhi,Delhi,False,2024-03-27 00:00:00,False,MISSING,,ACTIVE,1371.0,False,1
MCH7444,MCH7444,Lanka-Shukla,5699,mcc_field,False,Apparel,Fashion,Private Limited,Mumbai,Maharashtra,False,2023-03-13 03:58:00,False,ACCOUNT_NUMBER,5335,ACTIVE,2750.67,False,1
MCH7446,7446,"Sami, Narayan and Roy",5942,mcc_field,False,Books & Stationery,BOOKS_STATIONERY,Partnership,Ludhiana,Punjab,False,2023-02-08 00:00:00,False,MISSING,,INACTIVE,6191.17,False,1
MCH7448,MCH 7448,Mittal Inc,4814,mcc_field,False,Telecom,phone service,Private Limited,Hyderabad,Telangana,False,2024-12-07 00:00:00,False,ACCOUNT_NUMBER,2109,CLOSED,760.79,False,1
MCH7449,mch7449,"Brahmbhatt, Nagarajan and Kaul",5311,mcc_field,False,Department Stores,Department Store,Sole Proprietor,Amritsar,Punjab,False,,False,MISSING,,ACTIVE,397.32,False,1
MCH7452,MCH 7452,Kala LLC,5311,mcc_field,False,Department Stores,Department Store,Sole Proprietor,Bengaluru,Karnataka,False,2025-07-07 00:00:00,False,ACCOUNT_NUMBER,8976,ACTIVE,1838.62,False,2
MCH7455,MCH7455,"Mody, Bhattacharyya and Palla",4814,mcc_field,False,Telecom,phone service,Individual,Delhi,Delhi,False,2024-04-11 22:40:38,False,MASKED,4231,ACTIVE,113.99,False,1
MCH7458,MCH7458,"Hans, Som and Krish",5812,inferred_from_category,False,Restaurants,eating place,Sole Proprietor,Bengaluru,Karnataka,False,2025-09-20 20:06:00,False,MISSING,,ACTIVE,8448.66,False,1
MCH7459,MCH 7459,"Gara, Agarwal and Anne",7011,mcc_field,False,Hotels & Lodging,HOTEL_LODGING,Individual,Ludhiana,Punjab,False,2023-04-14 20:15:00,False,ACCOUNT_NUMBER,0529,ACTIVE,2650.18,False,1
MCH7462,MCH7462,"Malhotra, Sachdeva and Sant",5411,mcc_field,False,Grocery,GROCERY_STORE,Sole Proprietor,Hyderabad,Telangana,False,2025-11-11 00:00:00,False,VIRTUAL_ACCOUNT,7822,ACTIVE,1601.35,False,1
MCH7463,MCH7463,Chaudry-Natarajan,5912,mcc_field,False,Pharmacy,MEDICAL_STORE,Partnership,Chennai,Tamil Nadu,False,2025-07-05 14:13:00,False,VIRTUAL_ACCOUNT,6493,ACTIVE,,False,1
MCH7464,MCH 7464,Dutta LLC,4131,mcc_field,False,Transportation,TRAVEL,Private Limited,Lucknow,Uttar Pradesh,False,2024-09-18 00:00:00,False,MISSING,,ACTIVE,270.92,False,1
MCH7465,MCH7465,Bhatt Group,5999,inferred_from_category,False,Misc Retail,Misc Retail,Individual,Pune,Maharashtra,False,2023-04-10 00:00:00,False,MASKED,7739,ACTIVE,3040.67,False,1
MCH7469,MCH-7469,Dua LLC,5812,mcc_field,False,Restaurants,Restaurants,Sole Proprietor,Pune,Maharashtra,False,,False,ACCOUNT_NUMBER,5224,INACTIVE,1848.0,False,1
MCH7470,MCH7470,Venkatesh Ltd,5699,inferred_from_category,False,Apparel,garments,Sole Proprietor,Lucknow,Uttar Pradesh,False,2025-04-29 13:49:33,False,VIRTUAL_ACCOUNT,0372,ACTIVE,787.0,False,3
MCH7471,MCH7471,Dass LLC,5812,mcc_field,False,Restaurants,Restaurant,Sole Proprietor,Lucknow,Uttar Pradesh,False,2023-02-14 00:00:00,False,MASKED,4634,ACTIVE,390.54,False,1
MCH7473,MCH7473,"Nair, Ramachandran and Mane",5311,mcc_field,False,Department Stores,Retail,Sole Proprietor,Hyderabad,Telangana,False,2023-09-07 00:00:00,False,ACCOUNT_NUMBER,9275,INACTIVE,418.39,True,2
MCH7476,MCH7476,Sundaram Ltd,5411,mcc_field,False,Grocery,Grocery,Sole Proprietor,Ludhiana,Punjab,False,2025-07-09 15:30:17,False,VIRTUAL_ACCOUNT,9141,ACTIVE,1389.53,False,1
MCH7478,MCH7478,"Sami, Brahmbhatt and Khurana",5699,mcc_field,False,Apparel,Clothing,Private Limited,Mumbai,Maharashtra,False,2024-08-19 11:01:33,False,MISSING,,CLOSED,,False,1
MCH7479,MCH7479,"Wadhwa, Bhatia and Gade",5311,mcc_field,False,Department Stores,Retail,Partnership,Chennai,Tamil Nadu,False,2024-09-14 17:36:50,False,ACCOUNT_NUMBER,0340,ACTIVE,998.0,False,1
MCH7482,MCH7482,"Bail, Verma and Sur",5699,mcc_field,False,Apparel,Clothing,Private Limited,Jalandhar,Punjab,False,2024-02-06 00:00:00,False,MISSING,,ACTIVE,249.45,False,1
MCH7489,MCH7489,Sridhar Plc,5999,mcc_field,False,Misc Retail,Misc Retail,Individual,Bengaluru,Karnataka,False,2024-09-15 00:00:00,False,MISSING,,ACTIVE,990.64,False,1
MCH7490,MCH7490,Datta Ltd,5912,mcc_field,False,Pharmacy,Pharmacy,Sole Proprietor,Kolkata,West Bengal,False,2023-11-12 16:38:03,False,MISSING,,ACTIVE,1590.69,False,1
MCH7493,mch7493,Sachdeva-Pillai,5699,mcc_field,False,Apparel,CLOTHS,Private Limited,Kolkata,West Bengal,False,2026-01-18 20:12:00,False,ACCOUNT_NUMBER,4873,INACTIVE,203.44,False,2
MCH7495,mch7495,"Subramaniam, Radhakrishnan and Bahri",5411,mcc_field,False,Grocery,Grocery Stores,Individual,Amritsar,Punjab,False,2023-05-14 00:00:00,False,MASKED,3800,CLOSED,1584.42,False,3
MCH7501,MCH 7501,Jayaraman Inc,5311,mcc_field,False,Department Stores,Department Store,Partnership,Kolkata,West Bengal,False,2024-03-10 00:00:00,False,MASKED,9347,ACTIVE,2898.16,False,1
MCH7502,mch7502,Gokhale LLC,5311,mcc_field,False,Department Stores,DEPT_STORE,Individual,Amritsar,Punjab,False,2024-06-07 00:00:00,False,ACCOUNT_NUMBER,8930,ACTIVE,1185.45,False,1
MCH7503,mch7503,Raval LLC,5411,mcc_field,False,Grocery,Grocery,Partnership,Delhi,Delhi,False,2025-10-30 13:02:18,False,ACCOUNT_NUMBER,5242,ACTIVE,1167.54,False,2
MCH7504,MCH 7504,Balay Plc,7011,mcc_field,False,Hotels & Lodging,Hospitality,Individual,Chennai,Tamil Nadu,False,2025-10-24 10:34:44,False,ACCOUNT_NUMBER,0938,ACTIVE,1030.01,False,2
MCH7508,MCH7508,Garg-Deo,5942,mcc_field,False,Books & Stationery,Books,Partnership,Amritsar,Punjab,False,2024-11-15 00:00:00,False,MASKED,5011,ACTIVE,1956.49,False,1
MCH7509,7509,Narasimhan-Naidu,5699,mcc_field,False,Apparel,garments,Sole Proprietor,Kolkata,West Bengal,False,2025-07-29 00:00:00,False,VIRTUAL_ACCOUNT,1170,ACTIVE,1271.23,False,1
MCH7513,MCH7513,Buch Inc,5812,mcc_field,False,Restaurants,Food,Individual,Kolkata,West Bengal,False,2024-09-02 00:00:00,False,VIRTUAL_ACCOUNT,5984,ACTIVE,584.0,False,1
MCH7514,MCH7514,Ahuja-Bobal,5311,mcc_field,False,Department Stores,Retail,Sole Proprietor,Lucknow,Uttar Pradesh,False,2024-04-19 10:36:48,False,MISSING,,ACTIVE,1943.52,False,1
MCH7517,MCH7517,"Banik, Kamdar and Dada",5699,mcc_field,False,Apparel,CLOTHS,Individual,Amritsar,Punjab,False,2025-07-20 00:00:00,False,VIRTUAL_ACCOUNT,0217,ACTIVE,2046.69,False,1
MCH7519,MCH7519,"Sarkar, Garg and Kumar",4131,mcc_field,False,Transportation,Bus/Taxi,Partnership,Lucknow,Uttar Pradesh,False,2025-06-01 00:00:00,False,ACCOUNT_NUMBER,0507,INACTIVE,771.94,False,1
MCH7521,MCH7521,Boase Plc,4131,mcc_field,False,Transportation,Bus/Taxi,Sole Proprietor,Kolkata,West Bengal,False,2026-01-27 00:00:00,False,VIRTUAL_ACCOUNT,0629,ACTIVE,880.0,False,2
MCH7523,MCH 7523,Venkataraman-Hans,4131,mcc_field,False,Transportation,Transport,Sole Proprietor,Pune,Maharashtra,False,2025-04-28 00:00:00,False,ACCOUNT_NUMBER,4588,ACTIVE,6157.65,False,2
MCH7524,MCH7524,"Sarna, Mital and Deo",7011,mcc_field,False,Hotels & Lodging,Hospitality,Private Limited,Bengaluru,Karnataka,False,2025-07-13 10:56:49,False,MASKED,6292,ACTIVE,1847.0,False,2
MCH7525,7525,Char-Narayanan,5942,mcc_field,False,Books & Stationery,Book Store,Individual,Lucknow,Uttar Pradesh,False,2025-03-31 00:00:00,False,MISSING,,ACTIVE,424.34,False,1
MCH7533,MCH7533,"Boase, Krishnan and Tiwari",5699,inferred_from_category,False,Apparel,Clothing,Partnership,Lucknow,Uttar Pradesh,False,2025-04-06 21:09:50,False,VIRTUAL_ACCOUNT,1981,ACTIVE,1221.0,False,1
MCH7536,MCH7536,Kalla-Deo,5311,mcc_field,False,Department Stores,DEPT_STORE,Partnership,Kolkata,West Bengal,False,2024-08-29 00:00:00,False,ACCOUNT_NUMBER,3293,ACTIVE,803.42,False,1
MCH7539,MCH 7539,"Kalita, Din and Ganesh",5311,mcc_field,False,Department Stores,Retail,Private Limited,Chennai,Tamil Nadu,False,2024-01-05 01:38:27,False,ACCOUNT_NUMBER,6657,ACTIVE,,False,1
MCH7540,MCH 7540,Buch-Das,5311,mcc_field,False,Department Stores,DEPT_STORE,Sole Proprietor,Hyderabad,Telangana,False,2025-05-17 00:00:00,False,VIRTUAL_ACCOUNT,4549,ACTIVE,2362.92,True,3
MCH7544,mch7544,Ganesh and Sons,4131,mcc_field,False,Transportation,transprt,Sole Proprietor,Ludhiana,Punjab,False,2025-03-22 00:00:00,False,VIRTUAL_ACCOUNT,7886,INACTIVE,2329.09,False,2
MCH7546,MCH7546,Koshy LLC,5912,mcc_field,False,Pharmacy,Pharmacies,Individual,Delhi,Delhi,False,2024-11-17 00:00:00,False,MASKED,1749,ACTIVE,356.0,False,1
MCH7548,MCH7548,Dhillon Inc,4814,mcc_field,False,Telecom,phone service,Private Limited,Hyderabad,Telangana,False,2025-08-24 00:00:00,False,MASKED,6625,BLOCKED,4170.0,False,2
MCH7549,MCH7549,Narayan Plc,7011,mcc_field,False,Hotels & Lodging,Hotels,Sole Proprietor,Kolkata,West Bengal,False,2023-02-22 04:38:14,False,ACCOUNT_NUMBER,2833,CLOSED,2720.0,False,1
MCH7552,MCH7552,Som and Sons,4814,mcc_field,False,Telecom,Telecom,Sole Proprietor,Pune,Maharashtra,False,2025-07-21 00:00:00,False,ACCOUNT_NUMBER,8078,ACTIVE,1934.0,False,1
MCH7554,MCH7554,"Johal, Kothari and Nagar",4131,mcc_field,False,Transportation,Bus/Taxi,Individual,Jalandhar,Punjab,False,2023-02-05 23:53:12,False,MISSING,,ACTIVE,572.11,False,1
MCH7556,MCH 7556,Hayer-Saini,5942,mcc_field,False,Books & Stationery,Books,Individual,Chennai,Tamil Nadu,False,2024-01-24 20:09:00,False,MISSING,,ACTIVE,,False,1
MCH7558,7558,Nair-Tandon,7011,mcc_field,False,Hotels & Lodging,HOTEL_LODGING,Individual,Delhi,Delhi,False,2025-09-24 00:00:00,False,VIRTUAL_ACCOUNT,6425,ACTIVE,2209.65,False,4
MCH7560,MCH7560,Chakraborty and Sons,5311,inferred_from_category,False,Department Stores,Department Store,Partnership,Pune,Maharashtra,False,,False,VIRTUAL_ACCOUNT,2008,ACTIVE,2097.03,False,1
MCH7563,MCH7563,Anne and Sons,7011,mcc_field,False,Hotels & Lodging,Hotels,Private Limited,Amritsar,Punjab,False,2023-05-16 00:00:00,False,MASKED,7430,ACTIVE,300.06,False,1
MCH7564,MCH7564,"Mahal, Thaman and Dani",5942,inferred_from_category,False,Books & Stationery,BOOKS_STATIONERY,Sole Proprietor,Jalandhar,Punjab,False,2023-12-23 00:00:00,False,ACCOUNT_NUMBER,5958,ACTIVE,503.13,False,1
MCH7566,MCH7566,Kade-Bhattacharyya,5912,mcc_field,False,Pharmacy,Pharmacy,Individual,Mumbai,Maharashtra,False,2024-12-11 00:00:00,False,MISSING,,INACTIVE,748.55,False,2
MCH7567,7567,Badal-Tripathi,5699,mcc_field,False,Apparel,garments,Partnership,Delhi,Delhi,False,2023-01-23 14:11:00,False,MISSING,,ACTIVE,581.85,False,2
MCH7568,7568,"Chokshi, Lall and Subramaniam",4131,mcc_field,False,Transportation,Transport,Individual,Amritsar,Punjab,False,2025-11-15 23:29:00,False,MASKED,4056,ACTIVE,,False,2
MCH7572,MCH-7572,"Nori, Kibe and Das",5699,mcc_field,False,Apparel,Fashion,Sole Proprietor,Lucknow,Uttar Pradesh,False,2023-11-28 00:00:00,False,VIRTUAL_ACCOUNT,0893,ACTIVE,870.0,False,1
MCH7574,MCH7574,"Saini, Dubey and Bava",5311,inferred_from_category,False,Department Stores,DEPT_STORE,Private Limited,Pune,Maharashtra,False,2024-09-28 01:58:00,False,MISSING,,ACTIVE,1109.44,False,2
MCH7576,MCH7576,Ramanathan-Menon,7011,mcc_field,False,Hotels & Lodging,Hospitality,Partnership,Jalandhar,Punjab,False,2024-10-14 09:09:31,False,MISSING,,ACTIVE,757.61,False,1
MCH7577,MCH7577,"Gandhi, Golla and Arora",5699,mcc_field,False,Apparel,Clothing,Private Limited,Amritsar,Punjab,False,2023-01-26 00:00:00,False,MASKED,6249,ACTIVE,,False,1
MCH7580,MCH7580,"Setty, Kala and Ramesh",7011,mcc_field,False,Hotels & Lodging,Hotel,Partnership,Jaipur,Rajasthan,False,2025-10-20 00:00:00,False,MISSING,,ACTIVE,377.84,True,2
MCH7581,7581,"Deshpande, Butala and Jain",5699,mcc_field,False,Apparel,Clothing,Private Limited,Lucknow,Uttar Pradesh,False,2024-08-13 00:00:00,False,ACCOUNT_NUMBER,6477,ACTIVE,,False,1
MCH7582,MCH7582,Gola Ltd,4131,mcc_field,False,Transportation,transprt,Individual,Kolkata,West Bengal,False,2024-07-31 16:49:00,False,MISSING,,ACTIVE,1056.25,False,1
MCH7585,MCH 7585,Rattan-Ratti,5699,mcc_field,False,Apparel,Clothing,Partnership,Pune,Maharashtra,False,2026-02-10 00:00:00,False,MISSING,,ACTIVE,3222.54,True,1
MCH7586,MCH7586,Randhawa Inc,5812,mcc_field,False,Restaurants,eating place,Partnership,Chennai,Tamil Nadu,False,2025-06-21 00:00:00,False,MISSING,,INACTIVE,629.75,False,2
MCH7589,MCH7589,"Parekh, Dugal and Bumb",4131,mcc_field,False,Transportation,Transportation,Private Limited,Pune,Maharashtra,False,2025-01-17 00:00:00,False,ACCOUNT_NUMBER,9702,ACTIVE,437.44,False,2
MCH7591,MCH7591,Gour-Hora,5812,mcc_field,False,Restaurants,FOOD_SERVICES,Sole Proprietor,Amritsar,Punjab,False,2023-07-12 05:34:00,False,MASKED,5661,ACTIVE,1230.68,False,1
MCH7595,MCH7595,Subramaniam-Balasubramanian,5411,inferred_from_category,False,Grocery,kirana,Individual,Ludhiana,Punjab,False,2026-01-07 00:00:00,False,ACCOUNT_NUMBER,6215,ACTIVE,3392.31,False,1
MCH7596,MCH-7596,Bajwa-Luthra,4814,mcc_field,False,Telecom,Telecom,Private Limited,Hyderabad,Telangana,False,2024-04-20 00:00:00,False,MISSING,,SUSPENDED,,False,1
MCH7597,MCH7597,Vohra-Mitter,4131,inferred_from_category,False,Transportation,Bus/Taxi,Sole Proprietor,Pune,Maharashtra,False,2025-07-31 00:00:00,False,VIRTUAL_ACCOUNT,8159,ACTIVE,2111.86,False,1
MCH7600,MCH7600,Salvi-Mishra,5912,inferred_from_category,False,Pharmacy,chemist,Private Limited,Bengaluru,Karnataka,False,2025-05-25 03:49:40,False,MISSING,,ACTIVE,577.0,False,5
MCH7604,MCH7604,"Varkey, Hayer and Ratti",5411,mcc_field,False,Grocery,kirana,Partnership,Chennai,Tamil Nadu,False,2025-02-17 00:00:00,False,MASKED,6093,ACTIVE,868.52,False,1
MCH7605,MCH7605,Kakar-Dhi110n,5311,mcc_field,False,Department Stores,Retail,Private Limited,Bengaluru,Karnataka,False,2025-07-21 00:00:00,False,MASKED,1255,INACTIVE,1126.42,False,2
MCH7606,MCH7606,Chaudhari-Raman,5999,mcc_field,False,Misc Retail,Misc Retail,Private Limited,Bengaluru,Karnataka,False,2024-08-27 00:00:00,False,MISSING,,ACTIVE,296.04,False,1
MCH7607,MCH-7607,"Vyas, Ramakrishnan and Narayanan",5942,inferred_from_category,False,Books & Stationery,BOOKS_STATIONERY,Sole Proprietor,Amritsar,Punjab,False,2025-01-02 19:37:48,False,ACCOUNT_NUMBER,8717,ACTIVE,7039.03,False,1
MCH7609,MCH7609,Mittal Plc,5912,mcc_field,False,Pharmacy,MEDICAL_STORE,Individual,Jalandhar,Punjab,False,2025-03-10 00:00:00,False,MASKED,5424,ACTIVE,7169.86,True,2
MCH7613,MCH7613,"Parekh, Chokshi and Das",5699,mcc_field,False,Apparel,Apparel,Private Limited,Jaipur,Rajasthan,False,2024-11-23 19:31:50,False,VIRTUAL_ACCOUNT,2331,ACTIVE,419.26,False,1
MCH7614,MCH7614,Wali Ltd,5699,mcc_field,False,Apparel,garments,Individual,Mumbai,Maharashtra,False,2023-07-03 00:00:00,False,VIRTUAL_ACCOUNT,3229,ACTIVE,969.0,False,1
MCH7615,MCH7615,"Dar, Parekh and De",5812,mcc_field,False,Restaurants,eating place,Sole Proprietor,Lucknow,Uttar Pradesh,False,,False,ACCOUNT_NUMBER,9499,INACTIVE,2530.9,False,1
MCH7618,MCH7618,"Thaman, Parikh and Dubey",7011,mcc_field,False,Hotels & Lodging,HOTEL_LODGING,Private Limited,Delhi,Delhi,False,2025-11-22 00:00:00,False,VIRTUAL_ACCOUNT,5794,ACTIVE,244.24,False,3
MCH7619,MCH7619,"Ranganathan, Kumer and Pandya",5311,mcc_field,False,Department Stores,Department Stores,Private Limited,Kolkata,West Bengal,False,2023-11-02 00:00:00,False,MASKED,7479,ACTIVE,,False,1
MCH7620,MCH7620,Narain-Balasubramanian,5942,mcc_field,False,Books & Stationery,Books,Private Limited,Chennai,Tamil Nadu,False,2025-02-14 00:00:00,False,ACCOUNT_NUMBER,7303,ACTIVE,2086.1,False,2
MCH7621,MCH-7621,Iyer-Mangal,5411,mcc_field,False,Grocery,kirana,Sole Proprietor,Jalandhar,Punjab,False,2023-09-14 09:28:09,False,ACCOUNT_NUMBER,6226,ACTIVE,1096.69,False,2
MCH7622,MCH 7622,Agrawal-Yogi,4131,mcc_field,False,Transportation,transprt,Partnership,Amritsar,Punjab,False,2025-10-19 00:00:00,False,MISSING,,ACTIVE,717.88,True,2
MCH7623,MCH7623,Pandya LLC,5942,inferred_from_category,False,Books & Stationery,Stationery,Partnership,Mumbai,Maharashtra,False,2026-01-23 00:00:00,False,MASKED,7491,ACTIVE,701.06,False,1
MCH7627,MCH 7627,Lata-Ray,4131,mcc_field,False,Transportation,Transport,Individual,Mumbai,Maharashtra,False,2025-05-17 00:00:00,False,ACCOUNT_NUMBER,5475,ACTIVE,1169.55,False,3
MCH7628,MCH-7628,"Mander, Guha and Varty",4814,mcc_field,False,Telecom,phone service,Sole Proprietor,Mumbai,Maharashtra,False,2026-01-12 00:00:00,False,ACCOUNT_NUMBER,1446,SUSPENDED,8496.25,False,2
MCH7629,MCH7629,Taneja-Vyas,5999,mcc_field,False,Misc Retail,Miscellaneous,Individual,Pune,Maharashtra,False,2023-01-01 17:10:32,False,ACCOUNT_NUMBER,2652,ACTIVE,1413.56,False,1
MCH7630,MCH7630,"Rama, Kalita and Jha",4131,mcc_field,False,Transportation,transprt,Individual,Mumbai,Maharashtra,False,2025-10-01 00:00:00,False,ACCOUNT_NUMBER,2507,ACTIVE,2393.0,False,1
MCH7631,MCH7631,Doshi-Verma,5942,mcc_field,False,Books & Stationery,BOOKS_STATIONERY,Partnership,Kolkata,West Bengal,False,2024-01-27 00:00:00,False,MISSING,,ACTIVE,2548.32,False,2
MCH7635,7635,Karpe Inc,4814,mcc_field,False,Telecom,TELECOM,Partnership,Mumbai,Maharashtra,False,2023-05-11 12:34:38,False,ACCOUNT_NUMBER,3996,SUSPENDED,6027.41,False,2
MCH7636,MCH7636,Bir Plc,5699,mcc_field,False,Apparel,CLOTHS,Sole Proprietor,Jalandhar,Punjab,False,2025-05-03 00:00:00,False,MASKED,9076,ACTIVE,178.0,False,1
MCH7639,mch7639,Brar-Chana,5999,mcc_field,False,Misc Retail,Other,Sole Proprietor,Mumbai,Maharashtra,False,2025-02-20 05:32:00,False,MASKED,2309,ACTIVE,4805.68,False,4
MCH7644,mch7644,Mital Plc,7011,mcc_field,False,Hotels & Lodging,Hospitality,Sole Proprietor,Chennai,Tamil Nadu,False,2024-03-07 00:00:00,False,MISSING,,ACTIVE,602.59,False,1
MCH7645,MCH7645,Majumdar-Nagarajan,5912,mcc_field,False,Pharmacy,MEDICAL_STORE,Sole Proprietor,Amritsar,Punjab,False,2024-09-21 00:00:00,False,ACCOUNT_NUMBER,0851,ACTIVE,1396.81,False,1
MCH7647,MCH7647,"Bala, Mody and Kumer",5912,mcc_field,False,Pharmacy,Medical,Partnership,Mumbai,Maharashtra,False,2025-12-30 18:11:40,False,MASKED,0768,INACTIVE,3285.0,False,1
MCH7648,MCH7648,"Trivedi, Ramachandran and Keer",5999,inferred_from_category,False,Misc Retail,Retail Other,Private Limited,Hyderabad,Telangana,False,2024-11-12 16:04:31,False,ACCOUNT_NUMBER,5109,SUSPENDED,1840.11,False,1
MCH7651,MCH7651,Sur Inc,5912,mcc_field,False,Pharmacy,Medical,Sole Proprietor,Jalandhar,Punjab,False,2025-07-24 13:48:53,False,VIRTUAL_ACCOUNT,7942,ACTIVE,1138.07,False,1
MCH7653,MCH 7653,Mishra LLC,5699,mcc_field,False,Apparel,Fashion,Individual,Jalandhar,Punjab,False,2025-04-30 00:00:00,False,VIRTUAL_ACCOUNT,7936,ACTIVE,7064.16,False,2
MCH7654,MCH7654,Chakraborty Inc,5699,mcc_field,False,Apparel,garments,Sole Proprietor,Lucknow,Uttar Pradesh,False,,False,MISSING,,ACTIVE,1250.0,False,1
MCH7659,MCH7659,"Bali, Balan and Ramachandran",5942,inferred_from_category,False,Books & Stationery,Book Store,Partnership,Delhi,Delhi,False,2023-10-04 00:00:00,False,MASKED,6852,ACTIVE,1079.0,False,2
MCH7661,MCH7661,Pal-Atwal,7011,mcc_field,False,Hotels & Lodging,HOTEL_LODGING,Partnership,Kolkata,West Bengal,False,2024-06-20 00:00:00,False,VIRTUAL_ACCOUNT,2412,ACTIVE,1304.11,False,3
MCH7664,MCH7664,Datta Ltd,4131,inferred_from_category,False,Transportation,TRAVEL,Partnership,Kolkata,West Bengal,False,,False,MASKED,7337,ACTIVE,990.98,False,1
MCH7667,MCH7667,Solanki LLC,4814,mcc_field,False,Telecom,TELECOM,Sole Proprietor,Lucknow,Uttar Pradesh,False,2024-06-28 00:00:00,False,MISSING,,ACTIVE,1620.69,False,2
MCH7675,MCH-7675,Suresh-Tandon,4131,mcc_field,False,Transportation,Bus/Taxi,Partnership,Pune,Maharashtra,False,2025-01-24 00:00:00,False,MISSING,,ACTIVE,1022.55,False,1
MCH7679,7679,Sama and Sons,5912,mcc_field,False,Pharmacy,Pharmacies,Partnership,Bengaluru,Karnataka,False,2026-02-25 00:00:00,False,ACCOUNT_NUMBER,7789,ACTIVE,3295.19,False,3
MCH7681,MCH-7681,"Bal, Kakar and Pillai",4131,inferred_from_category,False,Transportation,Transportation,Private Limited,Pune,Maharashtra,False,2024-11-15 00:00:00,False,ACCOUNT_NUMBER,8010,ACTIVE,1955.63,False,3
MCH7685,MCH7685,"Badal, Khurana and Bansal",5311,mcc_field,False,Department Stores,Department Stores,Individual,Jalandhar,Punjab,False,2025-05-06 00:19:28,False,MASKED,6889,INACTIVE,3304.25,True,1
MCH7687,MCH 7687,Devan Inc,5699,mcc_field,False,Apparel,Fashion,Individual,Lucknow,Uttar Pradesh,False,2024-11-25 18:59:00,False,MISSING,,ACTIVE,2148.82,False,2
MCH7688,MCH7688,"Kata, Bobal and Basu",5912,mcc_field,False,Pharmacy,MEDICAL_STORE,Sole Proprietor,Ludhiana,Punjab,False,2025-07-29 00:00:00,False,ACCOUNT_NUMBER,2073,ACTIVE,3346.0,False,1
MCH7692,MCH7692,Ratti-Patla,5311,mcc_field,False,Department Stores,DEPT_STORE,Individual,Amritsar,Punjab,False,2025-07-10 00:00:00,False,MASKED,7379,ACTIVE,2270.3,False,1
MCH7698,MCH7698,Bhatnagar Inc,5999,mcc_field,False,Misc Retail,Misc Retail,Individual,Lucknow,Uttar Pradesh,False,2023-08-24 00:13:02,False,ACCOUNT_NUMBER,4936,ACTIVE,1276.92,False,2
MCH7699,MCH7699,Mammen Ltd,4814,mcc_field,False,Telecom,Mobile Recharge,Individual,Jalandhar,Punjab,False,2024-10-16 05:11:31,False,MASKED,5219,ACTIVE,,False,2
MCH7700,MCH7700,"Lanka, Setty and Muni",5812,mcc_field,False,Restaurants,eating place,Partnership,Delhi,Delhi,False,2025-06-14 00:00:00,False,MISSING,,INACTIVE,4782.98,True,1
MCH7701,MCH7701,Ravel-Lala,5411,mcc_field,False,Grocery,GROCERY_STORE,Private Limited,Ludhiana,Punjab,False,2025-05-12 05:37:27,False,MASKED,7294,ACTIVE,1411.44,False,1
MCH7702,MCH7702,Ahuja-Nayar,5411,mcc_field,False,Grocery,Grocery,Private Limited,Ludhiana,Punjab,False,2024-10-04 00:00:00,False,MISSING,,SUSPENDED,,False,1
MCH7709,MCH7709,"Jani, Sidhu and Tripathi",4131,mcc_field,False,Transportation,Transport,Partnership,Jaipur,Rajasthan,False,2025-06-05 00:00:00,False,VIRTUAL_ACCOUNT,7133,ACTIVE,451.31,False,3
MCH7712,MCH7712,Sehgal Ltd,5411,mcc_field,False,Grocery,kirana,Partnership,Lucknow,Uttar Pradesh,False,,False,MASKED,7167,ACTIVE,2215.59,False,1
MCH7714,MCH7714,"Koshy, Dani and Barad",4814,mcc_field,False,Telecom,TELECOM,Private Limited,Jalandhar,Punjab,False,2023-10-27 23:10:00,False,MISSING,,ACTIVE,669.74,False,1
MCH7715,7715,Tata-Borah,5999,mcc_field,False,Misc Retail,Retail Other,Private Limited,Kolkata,West Bengal,False,2025-10-06 00:00:00,False,MASKED,1003,CLOSED,1652.04,False,2
MCH7720,MCH7720,Agate-Krishnamurthy,7011,mcc_field,False,Hotels & Lodging,HOTEL_LODGING,Private Limited,Chennai,Tamil Nadu,False,2025-10-12 22:57:00,False,MISSING,,ACTIVE,475.0,False,2
MCH7723,MCH-7723,"Pandya, Barman and Biswas",5699,mcc_field,False,Apparel,garments,Private Limited,Ludhiana,Punjab,False,2025-01-06 01:31:38,False,VIRTUAL_ACCOUNT,5367,ACTIVE,3268.86,False,1
MCH7724,MCH7724,"Johal, Khatri and Sant",5411,mcc_field,False,Grocery,Grocery,Individual,Jalandhar,Punjab,False,2026-02-18 00:00:00,False,VIRTUAL_ACCOUNT,0269,ACTIVE,3132.9,False,5
MCH7726,MCH7726,Modi Ltd,5311,mcc_field,False,Department Stores,Department Store,Individual,Lucknow,Uttar Pradesh,False,2025-05-17 15:11:06,False,MASKED,3760,ACTIVE,1955.14,False,1
MCH7728,MCH7728,"Banerjee, Iyengar and Ganguly",7011,mcc_field,False,Hotels & Lodging,Hotel,Individual,Jaipur,Rajasthan,False,2024-10-11 00:00:00,False,MASKED,5198,ACTIVE,750.16,False,2
MCH7729,7729,"Jain, Bail and Rattan",5411,mcc_field,False,Grocery,Grocery,Private Limited,Pune,Maharashtra,False,2023-03-04 07:27:56,False,MISSING,,ACTIVE,2571.4,False,2
MCH7731,MCH7731,Dalal Plc,7011,mcc_field,False,Hotels & Lodging,Hospitality,Individual,Chennai,Tamil Nadu,False,2024-05-25 00:00:00,False,MISSING,,ACTIVE,2899.19,False,2
MCH7733,MCH7733,Bora Inc,4814,inferred_from_category,False,Telecom,Telecom,Private Limited,Lucknow,Uttar Pradesh,False,2024-01-22 00:00:00,False,MASKED,3762,ACTIVE,5028.38,False,1
MCH7735,MCH7735,Garg-Balan,5999,mcc_field,False,Misc Retail,Misc Retail,Sole Proprietor,Ludhiana,Punjab,False,2024-01-24 00:00:00,False,ACCOUNT_NUMBER,6442,ACTIVE,639.06,True,2
MCH7736,MCH7736,Kara Plc,5699,mcc_field,False,Apparel,Clothing,Individual,Amritsar,Punjab,False,2024-01-02 00:00:00,False,MISSING,,ACTIVE,778.45,False,1
MCH7737,7737,"Sarma, Tripathi and Chandra",4131,mcc_field,False,Transportation,transprt,Sole Proprietor,Mumbai,Maharashtra,False,2023-09-19 00:00:00,False,ACCOUNT_NUMBER,8730,ACTIVE,1625.72,True,2
MCH7744,mch7744,Nath Plc,5311,mcc_field,False,Department Stores,Retail,Individual,Amritsar,Punjab,False,2026-02-08 11:39:38,False,MISSING,,ACTIVE,283.48,True,1
MCH7746,7746,Luthra Group,5699,mcc_field,False,Apparel,CLOTHS,Private Limited,Jaipur,Rajasthan,False,2025-10-08 00:00:00,False,ACCOUNT_NUMBER,6840,ACTIVE,1244.49,False,2
MCH7748,mch7748,Chhabra Group,5812,mcc_field,False,Restaurants,FOOD_SERVICES,Individual,Pune,Maharashtra,False,2025-12-26 00:00:00,False,ACCOUNT_NUMBER,6630,ACTIVE,1602.16,False,1
MCH7749,MCH7749,"Dhaliwal, Chaudhari and Lad",4131,mcc_field,False,Transportation,transprt,Private Limited,Lucknow,Uttar Pradesh,False,2023-03-28 01:45:50,False,MISSING,,ACTIVE,472.27,False,2
MCH7750,MCH7750,"Rama, Garde and Ravi",4131,inferred_from_category,False,Transportation,TRAVEL,Partnership,Bengaluru,Karnataka,False,2025-01-22 00:00:00,False,MASKED,7708,ACTIVE,1271.38,False,1
MCH7751,mch7751,"Vig, Iyer and Andra",5311,mcc_field,False,Department Stores,Retail,Partnership,Pune,Maharashtra,False,2024-06-28 00:00:00,False,ACCOUNT_NUMBER,3497,SUSPENDED,590.58,False,1
MCH7757,MCH 7757,"Uppal, Kota and Ramaswamy",4814,mcc_field,False,Telecom,phone service,Individual,Delhi,Delhi,False,2024-02-09 00:00:00,False,MASKED,2473,ACTIVE,669.43,False,1
MCH7758,MCH7758,"Memon, Agate and Deshpande",5699,mcc_field,False,Apparel,Clothing,Partnership,Mumbai,Maharashtra,False,2023-12-27 00:00:00,False,VIRTUAL_ACCOUNT,4131,ACTIVE,362.28,False,1
MCH7759,MCH7759,"Sankaran, Patel and Narain",5699,mcc_field,False,Apparel,Apparel,Sole Proprietor,Kolkata,West Bengal,False,2025-10-15 13:32:26,False,VIRTUAL_ACCOUNT,6518,ACTIVE,,False,1
MCH7763,mch7763,"Choudhury, Mody and Tank",5912,mcc_field,False,Pharmacy,Medical,Individual,Chennai,Tamil Nadu,False,2023-11-03 00:00:00,False,MISSING,,ACTIVE,777.85,False,1
MCH7765,MCH 7765,Dyal LLC,5812,mcc_field,False,Restaurants,eating place,Individual,Amritsar,Punjab,False,2025-02-27 00:00:00,False,MASKED,8941,ACTIVE,3067.55,False,1
MCH7767,MCH7767,Nadkarni-Pathak,7011,mcc_field,False,Hotels & Lodging,Hospitality,Individual,Chennai,Tamil Nadu,False,2025-07-10 07:50:00,False,MISSING,,ACTIVE,3595.48,False,1
MCH7768,MCH7768,Sahota-Walia,4131,mcc_field,False,Transportation,Bus/Taxi,Partnership,Delhi,Delhi,False,2025-06-19 07:32:00,False,MISSING,,SUSPENDED,1097.55,False,1
MCH7769,MCH7769,"Atwal, Loke and Prasad",4814,mcc_field,False,Telecom,Telecom,Partnership,Mumbai,Maharashtra,False,2024-07-21 00:00:00,False,MISSING,,ACTIVE,232.38,False,1
MCH7772,MCH7772,"Chatterjee, Wason and Nadkarni",5311,mcc_field,False,Department Stores,DEPT_STORE,Partnership,Mumbai,Maharashtra,False,2026-01-02 19:37:55,False,MASKED,1871,ACTIVE,541.48,False,1
MCH7773,MCH 7773,Nath-Parikh,5699,mcc_field,False,Apparel,garments,Individual,Jaipur,Rajasthan,False,2025-09-08 12:42:00,False,MASKED,0128,ACTIVE,544.16,False,3
MCH7779,MCH7779,"Mane, Bassi and Samra",5699,mcc_field,False,Apparel,Clothing,Partnership,Lucknow,Uttar Pradesh,False,2024-12-12 19:16:00,False,VIRTUAL_ACCOUNT,6650,ACTIVE,,False,1
MCH7780,MCH7780,Jain Plc,5912,mcc_field,False,Pharmacy,MEDICAL_STORE,Sole Proprietor,Lucknow,Uttar Pradesh,False,2025-07-19 13:23:49,False,MISSING,,INACTIVE,,False,2
MCH7784,MCH 7784,Dayal Plc,4814,mcc_field,False,Telecom,phone service,Partnership,Pune,Maharashtra,False,2024-09-23 00:20:11,False,MASKED,9570,ACTIVE,,False,2
MCH7790,MCH7790,Barman-Roy,5942,mcc_field,False,Books & Stationery,Book Store,Sole Proprietor,Chennai,Tamil Nadu,False,2025-05-28 00:00:00,False,ACCOUNT_NUMBER,1828,ACTIVE,1525.46,False,1
MCH7794,MCH7794,Kalita Plc,5912,mcc_field,False,Pharmacy,MEDICAL_STORE,Partnership,Delhi,Delhi,False,2025-01-05 18:59:00,False,VIRTUAL_ACCOUNT,9324,ACTIVE,622.63,False,1
MCH7795,7795,Prakash LLC,4131,mcc_field,False,Transportation,TRAVEL,Sole Proprietor,Jaipur,Rajasthan,False,2025-06-28 04:41:24,False,MISSING,,ACTIVE,956.79,False,3
MCH7796,MCH7796,"Kari, Sridhar and Johal",5411,mcc_field,False,Grocery,kirana,Partnership,Pune,Maharashtra,False,2024-12-09 00:00:00,False,ACCOUNT_NUMBER,7802,ACTIVE,489.31,False,2
MCH7802,MCH7802,Venkatesh LLC,5912,mcc_field,False,Pharmacy,Medical,Partnership,Lucknow,Uttar Pradesh,False,2024-04-12 13:06:25,False,ACCOUNT_NUMBER,5438,ACTIVE,1493.43,False,2
MCH7803,MCH7803,Mukherjee-Sha,4814,mcc_field,False,Telecom,TELECOM,Private Limited,Jaipur,Rajasthan,False,2023-02-16 00:00:00,False,ACCOUNT_NUMBER,2457,ACTIVE,763.0,False,2
MCH7804,mch7804,Choudhry and Sons,5942,mcc_field,False,Books & Stationery,Books,Sole Proprietor,Ludhiana,Punjab,False,2024-02-04 20:13:00,False,MASKED,6038,ACTIVE,586.0,False,3
MCH7806,MCH7806,"Sahni, Bhavsar and Kaul",4131,inferred_from_category,False,Transportation,Transport,Private Limited,Hyderabad,Telangana,False,2023-04-17 00:00:00,False,MASKED,2487,ACTIVE,1046.19,False,1
MCH7810,MCH7810,Bail Inc,5942,mcc_field,False,Books & Stationery,Books,Sole Proprietor,Ludhiana,Punjab,False,2025-01-25 00:00:00,False,ACCOUNT_NUMBER,3100,CLOSED,529.29,True,2
MCH7814,MCH7814,Mallick-Puri,5812,mcc_field,False,Restaurants,Restaurant,Sole Proprietor,Jaipur,Rajasthan,False,2024-03-01 00:00:00,False,MISSING,,ACTIVE,2963.54,True,1
MCH7817,MCH7817,Lata Plc,5812,mcc_field,False,Restaurants,FOOD_SERVICES,Private Limited,Chennai,Tamil Nadu,False,2025-07-27 00:00:00,False,MISSING,,INACTIVE,3090.66,False,1
MCH7821,mch7821,Deshmukh Inc,5999,inferred_from_category,False,Misc Retail,Other,Partnership,Bengaluru,Karnataka,False,2026-01-26 00:00:00,False,ACCOUNT_NUMBER,8762,ACTIVE,1463.63,False,1
MCH7828,MCH7828,Jhaveri and Sons,5699,mcc_field,False,Apparel,garments,Individual,Kolkata,West Bengal,False,2026-02-23 00:00:00,False,ACCOUNT_NUMBER,3924,ACTIVE,3105.54,False,2
MCH7829,MCH7829,Hora Ltd,4131,mcc_field,False,Transportation,TRAVEL,Partnership,Jaipur,Rajasthan,False,2025-05-06 00:00:00,False,MASKED,7292,ACTIVE,422.0,False,2
MCH7830,MCH7830,Narayanan-Barad,5912,mcc_field,False,Pharmacy,Pharmacies,Private Limited,Jaipur,Rajasthan,False,2025-12-14 17:19:27,False,ACCOUNT_NUMBER,3643,SUSPENDED,1497.41,False,2
MCH7832,MCH7832,"Sodhi, Venkataraman and Kohli",5999,mcc_field,False,Misc Retail,Misc Retail,Individual,Delhi,Delhi,False,2025-06-02 00:45:12,False,MASKED,9396,ACTIVE,4116.49,False,2
MCH7833,MCH7833,"Chopra, Baral and Hayre",5942,mcc_field,False,Books & Stationery,Books,Sole Proprietor,Hyderabad,Telangana,False,2023-02-10 07:53:34,False,MISSING,,SUSPENDED,648.0,False,1
MCH7835,MCH 7835,"Dugar, Dhawan and De",7011,mcc_field,False,Hotels & Lodging,Hospitality,Private Limited,Lucknow,Uttar Pradesh,False,2023-12-26 12:25:00,False,MISSING,,BLOCKED,1744.59,False,1
MCH7837,MCH7837,Wali Group,5999,inferred_from_category,False,Misc Retail,Miscellaneous,Individual,Kolkata,West Bengal,False,2023-06-03 00:00:00,False,MISSING,,ACTIVE,803.03,False,2
MCH7838,MCH7838,"Yohannan, Sethi and Khare",5812,mcc_field,False,Restaurants,FOOD_SERVICES,Sole Proprietor,Amritsar,Punjab,False,2024-03-25 00:00:00,False,MISSING,,ACTIVE,974.3,False,1
MCH7839,mch7839,Chandra-Borra,5311,mcc_field,False,Department Stores,Department Store,Sole Proprietor,Lucknow,Uttar Pradesh,False,2024-11-02 00:00:00,False,MISSING,,ACTIVE,710.2,False,2
MCH7840,MCH7840,Sood LLC,5311,mcc_field,False,Department Stores,Department Store,Individual,Pune,Maharashtra,False,2023-09-26 00:00:00,False,MASKED,2181,ACTIVE,394.0,False,1
MCH7841,MCH7841,Manda Group,5942,mcc_field,False,Books & Stationery,Book Store,Sole Proprietor,Pune,Maharashtra,False,2024-10-01 00:00:00,False,ACCOUNT_NUMBER,6401,ACTIVE,14164.49,False,1
MCH7842,MCH-7842,Johal Ltd,5812,mcc_field,False,Restaurants,Restaurants,Private Limited,Kolkata,West Bengal,False,2025-02-06 00:00:00,False,MASKED,0929,INACTIVE,1856.0,False,1
MCH7843,MCH7843,Rastogi-Das,5812,mcc_field,False,Restaurants,Restaurant,Partnership,Amritsar,Punjab,False,2025-04-03 00:00:00,False,MASKED,7401,ACTIVE,1274.89,True,1
MCH7844,MCH7844,Singh-Mane,5411,inferred_from_category,False,Grocery,GROCERY_STORE,Sole Proprietor,Ludhiana,Punjab,False,2024-10-31 00:00:00,False,MISSING,,ACTIVE,1309.0,False,1
MCH7845,MCH7845,Bhasin-Dubey,4814,mcc_field,False,Telecom,phone service,Private Limited,Ludhiana,Punjab,False,2024-08-22 00:00:00,False,ACCOUNT_NUMBER,7074,ACTIVE,994.0,False,1
MCH7846,7846,Chad-Gole,5999,inferred_from_category,False,Misc Retail,Miscellaneous,Individual,Mumbai,Maharashtra,False,2023-08-24 00:00:00,False,MASKED,4268,ACTIVE,228.0,False,1
MCH7847,MCH7847,Ramakrishnan-Misra,5411,mcc_field,False,Grocery,groceries,Individual,Mumbai,Maharashtra,False,2025-12-04 00:00:00,False,MISSING,,ACTIVE,2108.0,False,1
MCH7849,MCH 7849,Lal-Wagle,5311,mcc_field,False,Department Stores,DEPT_STORE,Sole Proprietor,Jaipur,Rajasthan,False,2025-02-12 16:31:00,False,MASKED,0377,ACTIVE,4061.65,False,1
MCH7850,MCH7850,Reddy Inc,5699,mcc_field,False,Apparel,Clothing,Partnership,Chennai,Tamil Nadu,False,2024-05-16 05:07:55,False,MISSING,,ACTIVE,1378.0,False,1
MCH7851,MCH7851,"Warrior, Hora and Dayal",4814,mcc_field,False,Telecom,phone service,Individual,Jalandhar,Punjab,False,2024-02-07 00:00:00,False,ACCOUNT_NUMBER,4791,ACTIVE,,False,1
MCH7852,7852,"Kapadia, Konda and Luthra",7011,inferred_from_category,False,Hotels & Lodging,Hotel,Sole Proprietor,Chennai,Tamil Nadu,False,2023-05-12 06:13:06,False,MASKED,7199,SUSPENDED,4401.63,False,1
MCH7856,mch7856,"Sood, Dalal and Butala",7011,mcc_field,False,Hotels & Lodging,Hotels,Private Limited,Delhi,Delhi,False,2025-11-06 15:54:00,False,ACCOUNT_NUMBER,0103,ACTIVE,2048.0,False,1
MCH7860,mch7860,"Pall, Som and Dalal",5999,mcc_field,False,Misc Retail,Misc Retail,Private Limited,Amritsar,Punjab,False,2024-11-11 02:08:53,False,ACCOUNT_NUMBER,4239,ACTIVE,625.05,True,1
MCH7862,MCH7862,Pandit-Ratti,5912,mcc_field,False,Pharmacy,MEDICAL_STORE,Individual,Amritsar,Punjab,False,2023-04-23 00:00:00,False,MISSING,,ACTIVE,558.23,False,1
MCH7863,MCH7863,"Lal, Hegde and Hora",5812,mcc_field,False,Restaurants,eating place,Partnership,Lucknow,Uttar Pradesh,False,2024-11-18 00:00:00,False,VIRTUAL_ACCOUNT,5539,ACTIVE,673.1,False,2
MCH7864,MCH7864,"Kumer, Iyer and Bhavsar",4131,mcc_field,False,Transportation,TRAVEL,Private Limited,Amritsar,Punjab,False,2024-12-30 05:51:45,False,ACCOUNT_NUMBER,7409,ACTIVE,611.66,False,3
MCH7865,MCH7865,Rout Inc,5311,inferred_from_category,False,Department Stores,Department Store,Individual,Hyderabad,Telangana,False,2023-11-13 13:57:04,False,MASKED,3299,ACTIVE,2187.26,False,1
MCH7866,MCH7866,Bhattacharyya and Sons,5311,mcc_field,False,Department Stores,Department Stores,Partnership,Delhi,Delhi,False,2025-10-31 05:29:00,False,VIRTUAL_ACCOUNT,4002,ACTIVE,2522.0,False,3
MCH7868,7868,Chander-Ramakrishnan,5311,mcc_field,False,Department Stores,Department Stores,Individual,Pune,Maharashtra,False,2025-09-21 01:36:00,False,MASKED,9717,ACTIVE,563.96,False,2
MCH7870,MCH7870,"Kalla,moreand Swamy",5912,mcc_field,False,Pharmacy,Pharmacies,Private Limited,Jaipur,Rajasthan,False,2025-03-04 00:00:00,False,VIRTUAL_ACCOUNT,2439,ACTIVE,681.25,False,3
MCH7871,MCH7871,"Mital, Palla and Saraf",5699,mcc_field,False,Apparel,CLOTHS,Sole Proprietor,Hyderabad,Telangana,False,2026-02-17 14:36:44,False,VIRTUAL_ACCOUNT,0698,ACTIVE,2352.21,True,1
MCH7875,MCH7875,Narasimhan Plc,5411,mcc_field,False,Grocery,kirana,Private Limited,Amritsar,Punjab,False,2025-01-03 00:00:00,False,MISSING,,ACTIVE,585.43,False,1
MCH7876,MCH7876,Yadav-Bansal,5942,mcc_field,False,Books & Stationery,Stationery,Individual,Lucknow,Uttar Pradesh,False,2024-09-22 00:00:00,False,MISSING,,ACTIVE,549.03,True,2
MCH7877,MCH7877,Parekh-Borra,5942,mcc_field,False,Books & Stationery,Book Store,Private Limited,Mumbai,Maharashtra,False,2024-02-29 00:00:00,False,MASKED,5911,ACTIVE,,False,2
MCH7879,MCH7879,Sawhney-Goda,4814,mcc_field,False,Telecom,Telecom,Individual,Jalandhar,Punjab,False,2023-12-30 23:35:00,False,MISSING,,ACTIVE,1760.85,False,1
MCH7880,MCH7880,Ben-Khare,4131,mcc_field,False,Transportation,Transportation,Individual,Chennai,Tamil Nadu,False,2024-01-20 00:00:00,False,MISSING,,ACTIVE,3857.41,False,2
MCH7881,MCH7881,Menon Plc,5311,mcc_field,False,Department Stores,Department Store,Partnership,Pune,Maharashtra,False,2024-02-04 00:00:00,False,ACCOUNT_NUMBER,6678,ACTIVE,1357.1,False,1
MCH7885,MCH7885,Vaidya-Bhatt,5411,mcc_field,False,Grocery,Grocery Stores,Sole Proprietor,Lucknow,Uttar Pradesh,False,2025-08-25 08:23:00,False,MISSING,,ACTIVE,648.72,False,4
MCH7890,MCH7890,Contractor Plc,7011,mcc_field,False,Hotels & Lodging,Hotel,Partnership,Chennai,Tamil Nadu,False,2024-07-21 17:41:07,False,VIRTUAL_ACCOUNT,0851,INACTIVE,652.34,True,1
MCH7891,MCH 7891,Bakshi Plc,5411,mcc_field,False,Grocery,Grocery Stores,Individual,Bengaluru,Karnataka,False,2024-03-02 20:11:00,False,ACCOUNT_NUMBER,9978,ACTIVE,3419.67,False,1
MCH7895,MCH7895,Pau Plc,5999,inferred_from_category,False,Misc Retail,Retail Other,Individual,Amritsar,Punjab,False,2023-06-08 09:45:00,False,MISSING,,ACTIVE,583.0,False,1
MCH7896,MCH7896,Samra LLC,7011,mcc_field,False,Hotels & Lodging,Hospitality,Private Limited,Kolkata,West Bengal,False,2023-10-16 00:00:00,False,VIRTUAL_ACCOUNT,8390,SUSPENDED,2276.65,False,1
MCH7900,MCH7900,Basu-Sami,4131,mcc_field,False,Transportation,Transportation,Individual,Delhi,Delhi,False,2025-04-24 00:00:00,False,VIRTUAL_ACCOUNT,9772,ACTIVE,1035.61,False,2
MCH7901,MCH7901,Bala Group,5812,mcc_field,False,Restaurants,Food,Partnership,Jaipur,Rajasthan,False,2023-03-02 12:07:59,False,VIRTUAL_ACCOUNT,3579,ACTIVE,,False,1
MCH7902,MCH7902,Deol Inc,4131,mcc_field,False,Transportation,Bus/Taxi,Partnership,Ludhiana,Punjab,False,2025-07-05 00:00:00,False,MISSING,,ACTIVE,2892.53,True,1
MCH7904,MCH7904,Kapadia-Pandya,5942,mcc_field,False,Books & Stationery,BOOKS_STATIONERY,Partnership,Chennai,Tamil Nadu,False,2023-09-20 00:00:00,False,MASKED,8842,ACTIVE,6260.03,False,1
MCH7906,MCH7906,"Ganesan, Gopal and Ratta",5912,mcc_field,False,Pharmacy,chemist,Individual,Jaipur,Rajasthan,False,2023-08-04 00:00:00,False,ACCOUNT_NUMBER,6996,ACTIVE,733.85,False,1
MCH7910,MCH7910,Shenoy LLC,5812,mcc_field,False,Restaurants,FOOD_SERVICES,Partnership,Hyderabad,Telangana,False,2024-03-25 00:00:00,False,ACCOUNT_NUMBER,4160,INACTIVE,741.5,False,1
MCH7912,MCH7912,Som-Mistry,5999,inferred_from_category,False,Misc Retail,Misc Retail,Partnership,Jaipur,Rajasthan,False,2025-08-29 09:32:35,False,MISSING,,ACTIVE,,False,5
MCH7913,MCH-7913,Khare Inc,5912,mcc_field,False,Pharmacy,MEDICAL_STORE,Partnership,Pune,Maharashtra,False,2025-02-22 00:00:00,False,VIRTUAL_ACCOUNT,2196,ACTIVE,1243.32,True,2
MCH7914,7914,Grover-Karnik,4814,mcc_field,False,Telecom,TELECOM,Sole Proprietor,Jaipur,Rajasthan,False,2023-11-30 00:00:00,False,MISSING,,ACTIVE,1922.54,False,1
MCH7917,mch7917,Parsa-Madan,5411,mcc_field,False,Grocery,groceries,Sole Proprietor,Pune,Maharashtra,False,2023-04-02 01:07:51,False,MASKED,8810,INACTIVE,1524.64,True,1
MCH7918,MCH7918,Purohit LLC,5942,mcc_field,False,Books & Stationery,BOOKS_STATIONERY,Private Limited,Kolkata,West Bengal,False,2024-09-06 00:00:00,False,MASKED,2495,ACTIVE,1204.0,False,1
MCH7919,MCH-7919,Majumdar-Chandran,4131,mcc_field,False,Transportation,Transportation,Partnership,Jaipur,Rajasthan,False,2025-12-09 01:54:00,False,VIRTUAL_ACCOUNT,1145,ACTIVE,4626.02,False,4
MCH7922,mch7922,Dara LLC,5812,inferred_from_category,False,Restaurants,FOOD_SERVICES,Partnership,Mumbai,Maharashtra,False,2024-05-13 00:00:00,False,ACCOUNT_NUMBER,4567,ACTIVE,1260.96,False,1
MCH7925,mch7925,"Bedi, Shroff and Nadkarni",4131,mcc_field,False,Transportation,Bus/Taxi,Sole Proprietor,Lucknow,Uttar Pradesh,False,2023-07-07 00:00:00,False,VIRTUAL_ACCOUNT,0705,ACTIVE,2480.62,False,2
MCH7930,7930,"Bhatt, Ganguly and Dhingra",5311,mcc_field,False,Department Stores,Department Stores,Sole Proprietor,Delhi,Delhi,False,2025-12-16 00:00:00,False,MISSING,,BLOCKED,1892.15,False,2
MCH7932,MCH7932,Sethi Ltd,4814,mcc_field,False,Telecom,Telecom,Private Limited,Bengaluru,Karnataka,False,2025-04-20 22:28:00,False,VIRTUAL_ACCOUNT,0876,ACTIVE,4410.18,False,3
MCH7933,MCH7933,Barad Inc,5812,mcc_field,False,Restaurants,Food,Individual,Amritsar,Punjab,False,2025-07-26 00:00:00,False,MISSING,,INACTIVE,1177.0,False,1
MCH7934,MCH-7934,Srinivasan-Maharaj,5812,mcc_field,False,Restaurants,Restaurants,Partnership,Chennai,Tamil Nadu,False,2023-02-23 00:00:00,False,MISSING,,INACTIVE,1154.88,False,1
MCH7938,MCH7938,Chander Ltd,4814,inferred_from_category,False,Telecom,phone service,Sole Proprietor,Bengaluru,Karnataka,False,2023-09-22 00:00:00,False,MISSING,,ACTIVE,639.19,True,1
MCH7939,MCH7939,Mand LLC,5812,mcc_field,False,Restaurants,FOOD_SERVICES,Private Limited,Bengaluru,Karnataka,False,2025-01-23 00:00:00,False,MISSING,,ACTIVE,2096.4,False,1
MCH7942,MCH7942,Parmar-Oza,5912,mcc_field,False,Pharmacy,MEDICAL_STORE,Sole Proprietor,Hyderabad,Telangana,False,2024-08-10 06:25:22,False,MISSING,,ACTIVE,1133.78,False,1
MCH7943,MCH7943,Chaudhary-Rana,5912,mcc_field,False,Pharmacy,Pharmacies,Individual,Kolkata,West Bengal,False,2024-12-27 00:00:00,False,VIRTUAL_ACCOUNT,8466,ACTIVE,3927.63,False,1
MCH7944,mch7944,Bassi-Dyal,4131,mcc_field,False,Transportation,Bus/Taxi,Sole Proprietor,Kolkata,West Bengal,False,2025-11-04 00:00:00,False,VIRTUAL_ACCOUNT,0196,ACTIVE,1227.24,False,1
MCH7945,MCH-7945,"Barad, Wagle and Raju",5912,mcc_field,False,Pharmacy,chemist,Individual,Ludhiana,Punjab,False,2023-01-24 00:00:00,False,VIRTUAL_ACCOUNT,3327,ACTIVE,268.67,False,1
MCH7947,MCH7947,Padmanabhan-Kale,4814,mcc_field,False,Telecom,Telecom,Private Limited,Mumbai,Maharashtra,False,2023-09-08 00:00:00,False,MISSING,,ACTIVE,3921.35,False,1
MCH7948,MCH7948,Sachdeva-Buch,5311,mcc_field,False,Department Stores,Department Stores,Partnership,Mumbai,Maharashtra,False,2025-07-03 00:00:00,False,MASKED,0532,ACTIVE,656.76,False,1
MCH7949,MCH7949,Vohra-Chaudhary,4131,mcc_field,False,Transportation,Transportation,Private Limited,Mumbai,Maharashtra,False,2023-10-14 00:00:00,False,MISSING,,ACTIVE,265.37,False,1
MCH7950,MCH7950,Om-Andra,5411,mcc_field,False,Grocery,groceries,Individual,Ludhiana,Punjab,False,,False,MISSING,,ACTIVE,3471.68,False,1
MCH7951,MCH7951,Peri Group,7011,mcc_field,False,Hotels & Lodging,HOTEL_LODGING,Sole Proprietor,Jaipur,Rajasthan,False,2024-02-21 00:00:00,False,MISSING,,ACTIVE,981.55,True,1
MCH7953,MCH7953,Deep Group,5411,mcc_field,False,Grocery,Grocery Stores,Sole Proprietor,Mumbai,Maharashtra,False,2025-08-07 00:00:00,False,ACCOUNT_NUMBER,8333,ACTIVE,1668.75,False,1
MCH7954,MCH7954,Sur Inc,7011,mcc_field,False,Hotels & Lodging,Hotels,Private Limited,Hyderabad,Telangana,False,2025-01-04 22:07:00,False,MISSING,,ACTIVE,2803.0,False,1
MCH7955,MCH7955,"Andra, Oommen and Salvi",5699,mcc_field,False,Apparel,garments,Partnership,Amritsar,Punjab,False,2023-02-02 00:00:00,False,MASKED,5039,ACTIVE,2313.71,True,2
MCH7957,MCH7957,Keer-Khalsa,5311,inferred_from_category,False,Department Stores,Retail,Sole Proprietor,Amritsar,Punjab,False,2025-11-21 00:00:00,False,MISSING,,ACTIVE,1690.94,False,2
MCH7960,MCH7960,Comar-Ramesh,5411,mcc_field,False,Grocery,Grocery,Sole Proprietor,Amritsar,Punjab,False,2023-05-01 00:00:00,False,MASKED,2411,ACTIVE,,False,1
MCH7965,MCH7965,Magar-Kant,5311,mcc_field,False,Department Stores,Department Stores,Sole Proprietor,Pune,Maharashtra,False,2024-05-13 00:00:00,False,MASKED,3832,ACTIVE,567.32,False,1
MCH7967,MCH-7967,Datta LLC,4814,mcc_field,False,Telecom,Mobile Recharge,Individual,Amritsar,Punjab,False,2025-09-04 00:00:00,False,MISSING,,ACTIVE,,False,2
MCH7969,MCH7969,"Karan,baland Khurana",4131,mcc_field,False,Transportation,TRAVEL,Individual,Lucknow,Uttar Pradesh,False,2025-04-16 00:00:00,False,MISSING,,ACTIVE,836.32,False,1
MCH7972,MCH7972,Lata Inc,5411,mcc_field,False,Grocery,Grocery Stores,Partnership,Bengaluru,Karnataka,False,2024-12-16 00:00:00,False,ACCOUNT_NUMBER,6015,ACTIVE,401.1,True,1
MCH7973,mch7973,"Dhar, Som and Mane",7011,mcc_field,False,Hotels & Lodging,Hospitality,Sole Proprietor,Kolkata,West Bengal,False,2023-01-17 11:57:28,False,VIRTUAL_ACCOUNT,1996,ACTIVE,1422.91,False,1
MCH7974,MCH7974,"Verma, Koshy and Bhardwaj",5411,mcc_field,False,Grocery,GROCERY_STORE,Individual,Jaipur,Rajasthan,False,2023-10-04 00:00:00,False,ACCOUNT_NUMBER,4544,ACTIVE,460.5,False,2
MCH7977,MCH 7977,"Kohli, Vaidya and Nagar",7011,mcc_field,False,Hotels & Lodging,HOTEL_LODGING,Sole Proprietor,Chennai,Tamil Nadu,False,2025-07-23 00:00:00,False,VIRTUAL_ACCOUNT,5071,ACTIVE,4790.0,False,1
MCH7978,MCH7978,Korpal-Bassi,4814,mcc_field,False,Telecom,Telecom,Private Limited,Jalandhar,Punjab,False,2025-10-26 14:25:48,False,MISSING,,ACTIVE,4486.97,False,2
MCH7981,MCH7981,"Singhal, Manne and Ray",5699,mcc_field,False,Apparel,CLOTHS,Private Limited,Jalandhar,Punjab,False,2023-11-02 00:00:00,False,VIRTUAL_ACCOUNT,4502,ACTIVE,234.87,False,1
MCH7982,MCH 7982,De0 Ltd,5311,mcc_field,False,Department Stores,DEPT_STORE,Partnership,Ludhiana,Punjab,False,2023-01-14 04:48:22,False,VIRTUAL_ACCOUNT,3349,ACTIVE,579.0,False,1
MCH7983,MCH7983,Karpe-Raval,5311,mcc_field,False,Department Stores,DEPT_STORE,Individual,Lucknow,Uttar Pradesh,False,2024-01-11 00:00:00,False,MASKED,7464,ACTIVE,3843.3,False,1
MCH7985,MCH7985,"Balay, Mammen and Raman",5812,mcc_field,False,Restaurants,Restaurants,Partnership,Lucknow,Uttar Pradesh,False,2023-12-16 19:17:00,False,MISSING,,ACTIVE,2429.67,False,1
MCH7986,MCH7986,Pathak Inc,5999,inferred_from_category,False,Misc Retail,Retail Other,Individual,Chennai,Tamil Nadu,False,2024-05-30 00:00:00,False,MISSING,,INACTIVE,1602.91,False,1
MCH7987,mch7987,Mangat-Sundaram,5912,mcc_field,False,Pharmacy,Medical,Individual,Chennai,Tamil Nadu,False,2023-02-25 00:00:00,False,MASKED,1113,ACTIVE,2275.51,True,1
MCH7991,MCH 7991,Rastogi Plc,5942,mcc_field,False,Books & Stationery,Book Store,Partnership,Mumbai,Maharashtra,False,,False,MISSING,,ACTIVE,1076.7,False,1
MCH7992,MCH 7992,Goel Group,4814,mcc_field,False,Telecom,Telecom,Individual,Bengaluru,Karnataka,False,2023-10-18 00:00:00,False,VIRTUAL_ACCOUNT,0637,ACTIVE,609.52,False,1
MCH7993,MCH7993,Garde Inc,4814,mcc_field,False,Telecom,TELECOM,Partnership,Kolkata,West Bengal,False,2023-04-23 00:00:00,False,ACCOUNT_NUMBER,0978,ACTIVE,1024.0,False,1
MCH7996,MCH-7996,Bhargava LLC,5912,mcc_field,False,Pharmacy,Medical,Private Limited,Amritsar,Punjab,False,2024-12-18 00:00:00,False,VIRTUAL_ACCOUNT,0740,INACTIVE,830.56,True,1
MCH7997,MCH7997,"Rattan, Naik and Singh",5999,mcc_field,False,Misc Retail,Miscellaneous,Individual,Pune,Maharashtra,False,2024-05-31 14:52:38,False,VIRTUAL_ACCOUNT,7888,ACTIVE,397.79,True,1
MCH8003,MCH8003,Tank Ltd,5311,mcc_field,False,Department Stores,DEPT_STORE,Sole Proprietor,Hyderabad,Telangana,False,2023-12-14 00:00:00,False,VIRTUAL_ACCOUNT,5280,ACTIVE,614.4,False,1
MCH8004,MCH8004,Hayre-Agate,5999,mcc_field,False,Misc Retail,Miscellaneous,Individual,Amritsar,Punjab,False,2025-10-01 20:15:00,False,ACCOUNT_NUMBER,1092,CLOSED,934.62,False,1
MCH8005,MCH-8005,"Kumar, Ahluwalia and Thaman",4131,mcc_field,False,Transportation,Transportation,Sole Proprietor,Bengaluru,Karnataka,False,2025-06-30 00:00:00,False,MISSING,,ACTIVE,6211.56,True,1
MCH8007,MCH8007,Chaudhari Inc,5699,mcc_field,False,Apparel,garments,Sole Proprietor,Pune,Maharashtra,False,2025-11-26 16:25:31,False,VIRTUAL_ACCOUNT,2754,ACTIVE,1165.41,False,2
MCH8013,MCH8013,Thakkar-Vohra,5942,mcc_field,False,Books & Stationery,Books,Sole Proprietor,Bengaluru,Karnataka,False,2024-08-06 00:00:00,False,ACCOUNT_NUMBER,9632,ACTIVE,,False,1
MCH8014,MCH8014,Mukherjee Inc,5912,mcc_field,False,Pharmacy,Pharmacies,Sole Proprietor,Jaipur,Rajasthan,False,2026-01-25 00:00:00,False,MISSING,,ACTIVE,702.0,False,1
MCH8018,mch8018,Lad Plc,5411,mcc_field,False,Grocery,kirana,Private Limited,Kolkata,West Bengal,False,2025-03-27 00:00:00,False,MASKED,3019,ACTIVE,655.7,False,1
MCH8019,MCH8019,Chaudhry-Naidu,5942,mcc_field,False,Books & Stationery,Book Store,Private Limited,Jaipur,Rajasthan,False,,False,MISSING,,ACTIVE,888.78,False,1
MCH8023,MCH8023,Char-Gala,5699,mcc_field,False,Apparel,garments,Individual,Chennai,Tamil Nadu,False,2024-04-04 00:00:00,False,VIRTUAL_ACCOUNT,5264,ACTIVE,837.35,False,1
MCH8024,mch8024,Banik Plc,5411,mcc_field,False,Grocery,Grocery Stores,Individual,Jalandhar,Punjab,False,2026-02-02 22:13:43,False,VIRTUAL_ACCOUNT,2448,ACTIVE,1100.96,False,3
MCH8025,mch8025,"Karnik, Hayer and Khalsa",4814,mcc_field,False,Telecom,phone service,Partnership,Lucknow,Uttar Pradesh,False,2023-08-14 14:32:00,False,ACCOUNT_NUMBER,2943,ACTIVE,1781.41,False,1
MCH8029,MCH-8029,"Gokhale, Varughese and Dube",5311,mcc_field,False,Department Stores,Retail,Sole Proprietor,Hyderabad,Telangana,False,2025-12-21 00:00:00,False,VIRTUAL_ACCOUNT,5035,ACTIVE,973.0,False,1
MCH8031,mch8031,Chokshi Ltd,7011,mcc_field,False,Hotels & Lodging,Hotels,Individual,Hyderabad,Telangana,False,2025-07-26 00:00:00,False,ACCOUNT_NUMBER,1391,ACTIVE,2110.06,False,1
MCH8032,8032,Roy-Ramesh,5699,mcc_field,False,Apparel,garments,Partnership,Mumbai,Maharashtra,False,2025-05-24 00:00:00,False,MISSING,,ACTIVE,1773.07,False,1
MCH8033,MCH8033,Gole Group,5942,mcc_field,False,Books & Stationery,Book Store,Private Limited,Jalandhar,Punjab,False,2025-05-22 00:00:00,False,ACCOUNT_NUMBER,6033,ACTIVE,1372.74,False,4
MCH8035,MCH8035,"Munshi, Mani and Taneja",5999,mcc_field,False,Misc Retail,Retail Other,Individual,Mumbai,Maharashtra,False,2025-02-08 00:00:00,False,ACCOUNT_NUMBER,4355,ACTIVE,,False,1
MCH8036,MCH8036,"Sarma, Madan and Pandey",5912,mcc_field,False,Pharmacy,MEDICAL_STORE,Partnership,Mumbai,Maharashtra,False,2025-07-12 21:56:39,False,MISSING,,ACTIVE,2055.77,False,1
MCH8037,MCH8037,Patla-Balakrishnan,4814,mcc_field,False,Telecom,phone service,Sole Proprietor,Pune,Maharashtra,False,2025-09-19 16:54:00,False,ACCOUNT_NUMBER,7137,ACTIVE,327.35,False,3
MCH8038,MCH8038,"Singh, Baria and Kakar",5912,mcc_field,False,Pharmacy,Pharmacy,Private Limited,Lucknow,Uttar Pradesh,False,2024-12-20 17:52:56,False,ACCOUNT_NUMBER,9731,ACTIVE,1174.3,False,2
MCH8039,MCH8039,"Kibe,brahmbhattand Jaggi",5699,mcc_field,False,Apparel,CLOTHS,Sole Proprietor,Pune,Maharashtra,False,2024-10-28 00:00:00,False,MISSING,,ACTIVE,2282.53,False,1
MCH8043,MCH8043,Lalla Group,5311,mcc_field,False,Department Stores,Department Stores,Private Limited,Ludhiana,Punjab,False,2024-07-31 00:00:00,False,MISSING,,ACTIVE,1064.0,False,1
MCH8044,MCH-8044,"Sant, Nadkarni and Rajan",5311,inferred_from_category,False,Department Stores,Department Store,Individual,Bengaluru,Karnataka,False,2024-10-13 07:30:00,False,MISSING,,ACTIVE,794.78,True,1
MCH8046,MCH8046,Muni LLC,5912,inferred_from_category,False,Pharmacy,Pharmacy,Partnership,Mumbai,Maharashtra,False,2024-11-12 00:00:00,False,VIRTUAL_ACCOUNT,2253,ACTIVE,401.9,False,1
MCH8048,MCH8048,"Kaul, Master and Deo",4814,mcc_field,False,Telecom,Mobile Recharge,Individual,Hyderabad,Telangana,False,2025-02-15 00:00:00,False,MASKED,6691,ACTIVE,2683.93,False,1
MCH8049,MCH-8049,Balan-Shah,5699,mcc_field,False,Apparel,garments,Private Limited,Lucknow,Uttar Pradesh,False,2024-04-09 00:00:00,False,MISSING,,ACTIVE,,False,1
MCH8050,8050,Bora-Oommen,5311,mcc_field,False,Department Stores,Department Store,Individual,Jalandhar,Punjab,False,2023-12-16 05:28:51,False,VIRTUAL_ACCOUNT,3544,ACTIVE,587.46,False,1
MCH8051,MCH8051,"Saxena, Kamdar and Kannan",5942,mcc_field,False,Books & Stationery,Book Store,Partnership,Delhi,Delhi,False,2024-10-17 00:00:00,False,MISSING,,ACTIVE,598.72,False,1
MCH8052,mch8052,Mangat-Ganesh,4131,mcc_field,False,Transportation,Transport,Sole Proprietor,Kolkata,West Bengal,False,2024-01-05 09:32:24,False,MISSING,,ACTIVE,527.34,False,1
MCH8053,mch8053,Chhabra Inc,4814,mcc_field,False,Telecom,TELECOM,Individual,Hyderabad,Telangana,False,2023-03-29 01:53:59,False,MASKED,7777,ACTIVE,1235.44,False,2
MCH8054,MCH8054,"Kant, Gara and Grewal",4131,mcc_field,False,Transportation,Transportation,Sole Proprietor,Chennai,Tamil Nadu,False,2024-12-12 00:00:00,False,VIRTUAL_ACCOUNT,6561,ACTIVE,,False,1
MCH8055,MCH8055,"Gade, Dani and Dayal",5812,mcc_field,False,Restaurants,Restaurant,Private Limited,Bengaluru,Karnataka,False,2024-06-02 16:33:31,False,VIRTUAL_ACCOUNT,8947,INACTIVE,1539.89,False,2
MCH8056,mch8056,"Pai, Doshi and Nath",4814,mcc_field,False,Telecom,Telecom,Private Limited,Lucknow,Uttar Pradesh,False,2024-05-26 00:00:00,False,VIRTUAL_ACCOUNT,1736,ACTIVE,581.34,False,1
MCH8057,MCH8057,Kalla Group,5912,mcc_field,False,Pharmacy,MEDICAL_STORE,Sole Proprietor,Mumbai,Maharashtra,False,2025-08-29 00:00:00,False,MISSING,,ACTIVE,437.01,False,1
MCH8058,MCH8058,"Tripathi, Bhagat and Kala",5999,mcc_field,False,Misc Retail,Other,Private Limited,Hyderabad,Telangana,False,2024-07-28 00:00:00,False,MISSING,,ACTIVE,259.88,False,3
MCH8059,MCH8059,Kapadia Plc,4814,mcc_field,False,Telecom,TELECOM,Sole Proprietor,Mumbai,Maharashtra,False,2023-06-05 00:00:00,False,MISSING,,INACTIVE,263.96,False,1
MCH8060,MCH8060,Nayar-Ahluwalia,5812,mcc_field,False,Restaurants,FOOD_SERVICES,Private Limited,Pune,Maharashtra,False,2025-03-04 20:55:00,False,ACCOUNT_NUMBER,0343,INACTIVE,2824.32,False,3
MCH8062,MCH8062,Randhawa-Kata,5999,inferred_from_category,False,Misc Retail,Misc Retail,Individual,Mumbai,Maharashtra,False,2024-03-31 00:00:00,False,MISSING,,ACTIVE,1473.0,False,1
MCH8065,MCH-8065,Gandhi-Shanker,4131,mcc_field,False,Transportation,Bus/Taxi,Individual,Lucknow,Uttar Pradesh,False,2024-07-19 12:29:00,False,ACCOUNT_NUMBER,6598,INACTIVE,674.4,False,2
MCH8066,MCH8066,Sane-Shukla,5411,mcc_field,False,Grocery,GROCERY_STORE,Partnership,Amritsar,Punjab,False,2023-08-03 00:00:00,False,ACCOUNT_NUMBER,7187,ACTIVE,665.07,True,2
MCH8068,MCH8068,Narula-Nadkarni,4131,mcc_field,False,Transportation,transprt,Private Limited,Bengaluru,Karnataka,False,2025-06-08 09:19:38,False,VIRTUAL_ACCOUNT,9498,ACTIVE,452.45,True,1
MCH8069,MCH8069,Memon Inc,7011,inferred_from_category,False,Hotels & Lodging,Hotel,Individual,Amritsar,Punjab,False,2023-09-09 20:32:00,False,MASKED,8900,ACTIVE,557.54,False,1
MCH8073,MCH8073,Prabhakar-Bora,5942,mcc_field,False,Books & Stationery,Stationery,Sole Proprietor,Kolkata,West Bengal,False,2024-12-26 22:17:38,False,MISSING,,ACTIVE,,False,2
MCH8074,MCH 8074,Prakash-Bera,4814,mcc_field,False,Telecom,Telecom,Individual,Jalandhar,Punjab,False,2024-12-04 00:00:00,False,ACCOUNT_NUMBER,8894,ACTIVE,439.79,False,1
MCH8076,MCH-8076,Banerjee Group,4814,mcc_field,False,Telecom,phone service,Private Limited,Lucknow,Uttar Pradesh,False,2025-06-08 00:00:00,False,MISSING,,ACTIVE,1709.68,False,3
MCH8078,MCH 8078,Thaman-Ganguly,5912,mcc_field,False,Pharmacy,Pharmacy,Sole Proprietor,Mumbai,Maharashtra,False,2023-07-12 00:00:00,False,ACCOUNT_NUMBER,8972,ACTIVE,1158.31,False,1
MCH8080,MCH8080,Brar Plc,4814,mcc_field,False,Telecom,Telecom,Individual,Pune,Maharashtra,False,2025-02-02 00:00:00,False,MISSING,,ACTIVE,1241.0,False,2
MCH8082,MCH8082,Contractor and Sons,7011,mcc_field,False,Hotels & Lodging,Hospitality,Sole Proprietor,Amritsar,Punjab,False,2025-02-20 00:00:00,False,MASKED,4733,ACTIVE,4480.58,False,1
MCH8085,MCH8085,Verma-Ramachandran,5942,mcc_field,False,Books & Stationery,Stationery,Individual,Pune,Maharashtra,False,2025-10-22 00:00:00,False,ACCOUNT_NUMBER,7630,ACTIVE,,False,1
MCH8086,MCH 8086,Kala LLC,5411,inferred_from_category,False,Grocery,groceries,Partnership,Jalandhar,Punjab,False,2024-12-29 00:00:00,False,MASKED,1156,ACTIVE,1335.85,False,2
MCH8091,MCH8091,"Kata, Mangat and Tiwari",5812,mcc_field,False,Restaurants,Restaurants,Partnership,Amritsar,Punjab,False,2023-09-18 00:00:00,False,VIRTUAL_ACCOUNT,4930,INACTIVE,723.01,False,2
MCH8093,MCH8093,"Seth, Bassi and Raman",7011,mcc_field,False,Hotels & Lodging,HOTEL_LODGING,Partnership,Hyderabad,Telangana,False,2024-05-15 00:00:00,False,MASKED,3618,ACTIVE,1629.96,False,1
MCH8095,MCH8095,Saxena LLC,5699,mcc_field,False,Apparel,CLOTHS,Private Limited,Jaipur,Rajasthan,False,2024-08-16 00:00:00,False,ACCOUNT_NUMBER,3811,ACTIVE,304.22,False,1
MCH8096,MCH8096,Srinivas-Verma,4814,inferred_from_category,False,Telecom,Mobile Recharge,Partnership,Mumbai,Maharashtra,False,,False,MISSING,,ACTIVE,2241.14,False,1
MCH8098,MCH8098,"Sahni, Bahri and Apte",5912,mcc_field,False,Pharmacy,Pharmacy,Individual,Pune,Maharashtra,False,2025-08-27 08:34:00,False,MASKED,6599,ACTIVE,1970.0,False,4
MCH8101,mch8101,"Jani, Varghese and Barman",5699,inferred_from_category,False,Apparel,CLOTHS,Sole Proprietor,Delhi,Delhi,False,,False,VIRTUAL_ACCOUNT,8920,INACTIVE,734.89,False,1
MCH8104,MCH8104,Chacko Group,7011,mcc_field,False,Hotels & Lodging,Hotel,Private Limited,Bengaluru,Karnataka,False,2024-01-02 09:22:31,False,ACCOUNT_NUMBER,7253,ACTIVE,,False,1
MCH8107,MCH8107,Ramachandran Ltd,5999,mcc_field,False,Misc Retail,Retail Other,Partnership,Jaipur,Rajasthan,False,,False,MASKED,9786,ACTIVE,,False,1
MCH8109,mch8109,"Nadkarni, Sawhney and Singh",5912,mcc_field,False,Pharmacy,chemist,Partnership,Delhi,Delhi,False,2024-04-28 00:00:00,False,ACCOUNT_NUMBER,4923,ACTIVE,5729.0,False,1
MCH8110,mch8110,Kamdar-Raval,5999,mcc_field,False,Misc Retail,Other,Partnership,Lucknow,Uttar Pradesh,False,2023-07-13 00:00:00,False,MISSING,,INACTIVE,768.59,False,2
MCH8114,MCH8114,"Raman, Sandal and Bedi",4814,mcc_field,False,Telecom,phone service,Individual,Jalandhar,Punjab,False,2024-02-08 00:00:00,False,VIRTUAL_ACCOUNT,6007,ACTIVE,1612.23,False,1
MCH8119,mch8119,Subramanianand Sons,4131,inferred_from_category,False,Transportation,Bus/Taxi,Sole Proprietor,Amritsar,Punjab,False,2023-06-14 00:00:00,False,MISSING,,ACTIVE,1285.93,False,1
MCH8125,MCH8125,"Sane, Misra and Mitter",5912,mcc_field,False,Pharmacy,MEDICAL_STORE,Individual,Bengaluru,Karnataka,False,2025-10-29 14:28:47,False,MISSING,,ACTIVE,2004.37,False,6
MCH8126,MCH8126,"Saxena, Mitra and Chada",5912,mcc_field,False,Pharmacy,chemist,Individual,Lucknow,Uttar Pradesh,False,2025-03-12 00:00:00,False,MASKED,5937,SUSPENDED,844.44,False,2
MCH8129,MCH8129,"Devan, Ramesh and 0ak",5311,mcc_field,False,Department Stores,Department Stores,Individual,Kolkata,West Bengal,False,2025-03-22 13:11:16,False,MASKED,5824,ACTIVE,2940.0,False,1
MCH8130,MCH8130,"Kale, Kumer and Chand",5311,inferred_from_category,False,Department Stores,DEPT_STORE,Partnership,Ludhiana,Punjab,False,2026-02-05 04:03:44,False,VIRTUAL_ACCOUNT,8192,ACTIVE,419.61,False,1
MCH8131,MCH8131,Sekhon-Agrawal,5999,mcc_field,False,Misc Retail,Other,Private Limited,Kolkata,West Bengal,False,2023-05-15 00:00:00,False,MISSING,,INACTIVE,5430.66,False,1
MCH8132,mch8132,Sami-Balay,5699,mcc_field,False,Apparel,garments,Private Limited,Bengaluru,Karnataka,False,2025-08-20 00:20:49,False,MASKED,7576,ACTIVE,4139.52,False,4
MCH8135,MCH8135,Bhakta Plc,5999,mcc_field,False,Misc Retail,Miscellaneous,Private Limited,Amritsar,Punjab,False,2024-04-09 00:00:00,False,MISSING,,ACTIVE,857.0,False,1
MCH8136,mch8136,Bora Inc,7011,mcc_field,False,Hotels & Lodging,Hotel,Sole Proprietor,Amritsar,Punjab,False,2025-10-27 00:00:00,False,MASKED,8920,INACTIVE,635.0,False,1
MCH8137,MCH8137,Gopal-Mahajan,4131,mcc_field,False,Transportation,TRAVEL,Partnership,Bengaluru,Karnataka,False,2024-01-30 00:00:00,False,MASKED,2908,ACTIVE,561.1,False,2
MCH8138,MCH 8138,Chaudhuri-Varma,5311,mcc_field,False,Department Stores,Department Stores,Individual,Chennai,Tamil Nadu,False,2025-05-12 00:00:00,False,MISSING,,ACTIVE,1502.0,False,2
MCH8139,MCH-8139,"Mani, Kala and Verma",5311,mcc_field,False,Department Stores,Department Stores,Individual,Amritsar,Punjab,False,2024-02-07 00:00:00,False,ACCOUNT_NUMBER,2962,ACTIVE,2137.68,False,1
MCH8140,MCH8140,"Chokshi, Johal and Sachdeva",5812,mcc_field,False,Restaurants,Food,Sole Proprietor,Kolkata,West Bengal,False,2024-08-24 20:09:39,False,MISSING,,ACTIVE,1136.04,False,1
MCH8142,mch8142,Mane and Sons,5912,mcc_field,False,Pharmacy,MEDICAL_STORE,Private Limited,Ludhiana,Punjab,False,2025-08-25 00:00:00,False,VIRTUAL_ACCOUNT,5583,ACTIVE,5955.63,False,1
MCH8145,MCH8145,Dhi110n LLC,7011,mcc_field,False,Hotels & Lodging,Hotel,Private Limited,Chennai,Tamil Nadu,False,2025-12-10 00:00:00,False,MISSING,,ACTIVE,180.43,False,1
MCH8146,MCH8146,Bath-Purohit,5942,mcc_field,False,Books & Stationery,Stationery,Sole Proprietor,Delhi,Delhi,False,2025-04-28 17:40:46,False,MASKED,1421,ACTIVE,5566.64,False,1
MCH8148,MCH-8148,Sehgal-Banik,4131,mcc_field,False,Transportation,Transportation,Sole Proprietor,Bengaluru,Karnataka,False,2024-01-27 00:00:00,False,MISSING,,ACTIVE,406.0,False,1
MCH8149,MCH8149,"Chandran, Mander and Parmar",5812,mcc_field,False,Restaurants,FOOD_SERVICES,Partnership,Kolkata,West Bengal,False,,False,MISSING,,ACTIVE,1378.0,False,1
MCH8150,MCH-8150,Hegde-Doctor,5912,mcc_field,False,Pharmacy,Pharmacy,Partnership,Pune,Maharashtra,False,2023-11-02 00:00:00,False,VIRTUAL_ACCOUNT,3677,ACTIVE,1430.0,False,1
MCH8151,MCH8151,Dalal Plc,5699,mcc_field,False,Apparel,Apparel,Individual,Jalandhar,Punjab,False,2024-08-01 20:15:56,False,VIRTUAL_ACCOUNT,3346,ACTIVE,1200.0,False,2
MCH8152,MCH8152,Chaudhari Plc,5912,mcc_field,False,Pharmacy,Pharmacy,Sole Proprietor,Jalandhar,Punjab,False,2023-07-24 20:56:00,False,MISSING,,ACTIVE,1648.01,False,1
MCH8154,MCH8154,Yohannan Plc,4131,inferred_from_category,False,Transportation,Bus/Taxi,Sole Proprietor,Jalandhar,Punjab,False,2023-06-26 00:00:00,False,MISSING,,SUSPENDED,998.6,False,1
MCH8157,MCH8157,"Mahal, Srinivas and Vasa",5912,inferred_from_category,False,Pharmacy,Pharmacy,Sole Proprietor,Delhi,Delhi,False,2024-10-09 09:16:57,False,VIRTUAL_ACCOUNT,1946,INACTIVE,1033.09,False,2
MCH8159,mch8159,Grover-Barad,5411,mcc_field,False,Grocery,Grocery Stores,Partnership,Chennai,Tamil Nadu,False,2024-12-18 00:00:00,False,MISSING,,SUSPENDED,768.97,False,3
MCH8160,MCH8160,Amble and Sons,5699,mcc_field,False,Apparel,Apparel,Individual,Jaipur,Rajasthan,False,2023-05-18 00:00:00,False,MASKED,4907,ACTIVE,5769.95,False,1
MCH8163,MCH8163,"Sama, Pant and Tara",5942,inferred_from_category,False,Books & Stationery,BOOKS_STATIONERY,Private Limited,Lucknow,Uttar Pradesh,False,2025-06-13 00:00:00,False,MISSING,,ACTIVE,1638.28,True,1
MCH8164,MCH 8164,"Devan, Basu and Buch",5812,mcc_field,False,Restaurants,Food,Private Limited,Delhi,Delhi,False,2023-04-26 00:00:00,False,VIRTUAL_ACCOUNT,8232,ACTIVE,3036.35,False,1
MCH8165,8165,"Sandhu, Saran and Dhar",5999,mcc_field,False,Misc Retail,Retail Other,Sole Proprietor,Chennai,Tamil Nadu,False,2023-04-09 00:00:00,False,MASKED,2851,INACTIVE,1269.15,False,1
MCH8169,8169,"Kapur, Prashad and Srinivasan",5999,mcc_field,False,Misc Retail,Miscellaneous,Individual,Jaipur,Rajasthan,False,2024-03-11 00:00:00,False,MASKED,1277,ACTIVE,1294.0,False,1
MCH8170,MCH8170,"Dyal, Chadha and Shenoy",4814,mcc_field,False,Telecom,phone service,Partnership,Hyderabad,Telangana,False,2024-12-15 00:00:00,False,ACCOUNT_NUMBER,7649,ACTIVE,589.07,False,1
MCH8174,MCH8174,"Banerjee, Brahmbhatt and Dave",7011,mcc_field,False,Hotels & Lodging,Hospitality,Individual,Jaipur,Rajasthan,False,2024-09-09 00:00:00,False,MASKED,7104,ACTIVE,,False,2
MCH8176,MCH8176,Bala Plc,5311,mcc_field,False,Department Stores,DEPT_STORE,Sole Proprietor,Hyderabad,Telangana,False,,False,MISSING,,ACTIVE,3488.0,False,1
MCH8177,mch8177,Soman Inc,5812,mcc_field,False,Restaurants,Food,Private Limited,Kolkata,West Bengal,False,2024-03-04 04:33:00,False,MASKED,3095,ACTIVE,2423.6,False,3
MCH8181,MCH8181,Mall-Chatterjee,4131,mcc_field,False,Transportation,Transportation,Individual,Amritsar,Punjab,False,,False,ACCOUNT_NUMBER,5158,ACTIVE,1624.73,True,1
MCH8187,MCH8187,"Chada, Mammen and Lanka",4131,mcc_field,False,Transportation,TRAVEL,Sole Proprietor,Ludhiana,Punjab,False,2025-06-03 00:00:00,False,ACCOUNT_NUMBER,5345,ACTIVE,671.0,False,1
MCH8188,MCH8188,"Ram, Krish and Pai",5999,mcc_field,False,Misc Retail,Retail Other,Partnership,Lucknow,Uttar Pradesh,False,2025-02-16 00:00:00,False,MASKED,6724,INACTIVE,734.28,False,1
MCH8189,mch8189,Bajaj-Sura,4131,mcc_field,False,Transportation,Bus/Taxi,Sole Proprietor,Delhi,Delhi,False,2023-01-31 11:30:49,False,MISSING,,ACTIVE,1010.26,False,1
MCH8192,MCH 8192,"Oza, Sant and Loke",5411,mcc_field,False,Grocery,Grocery Stores,Private Limited,Kolkata,West Bengal,False,2024-05-11 00:46:00,False,MASKED,6524,CLOSED,408.0,False,1
MCH8197,MCH8197,Virk-Venkataraman,5912,mcc_field,False,Pharmacy,chemist,Sole Proprietor,Kolkata,West Bengal,False,2024-01-03 00:00:00,False,MISSING,,ACTIVE,964.03,False,1
MCH8198,mch8198,Buch-Sengupta,5311,mcc_field,False,Department Stores,department stores,Individual,Kolkata,West Bengal,False,2023-01-18 00:00:00,False,MISSING,,INACTIVE,2004.67,False,2
MCH8200,MCH8200,Rai-Bhargava,5942,mcc_field,False,Books & Stationery,Stationery,Sole Proprietor,Amritsar,Punjab,False,2023-07-19 00:00:00,False,MISSING,,ACTIVE,443.44,True,1
MCH8203,MCH8203,Lad-Suresh,5999,inferred_from_category,False,Misc Retail,Other,Partnership,Ludhiana,Punjab,False,2024-10-16 00:00:00,False,VIRTUAL_ACCOUNT,4787,ACTIVE,937.0,False,1
MCH8204,MCH8204,Bumb-Bansal,7011,mcc_field,False,Hotels & Lodging,Hotels,Private Limited,Jalandhar,Punjab,False,2025-10-13 17:19:27,False,ACCOUNT_NUMBER,5504,ACTIVE,1083.04,False,1
MCH8208,MCH8208,Tak-Shankar,7011,mcc_field,False,Hotels & Lodging,Hotel,Individual,Mumbai,Maharashtra,False,2024-03-18 07:08:51,False,MISSING,,ACTIVE,1309.39,False,1
MCH8209,MCH8209,"Cheema, Bansal and Comar",5699,mcc_field,False,Apparel,Fashion,Sole Proprietor,Ludhiana,Punjab,False,2023-12-27 00:00:00,False,VIRTUAL_ACCOUNT,7595,ACTIVE,6788.0,False,2
MCH8210,MCH8210,Bains Group,5912,mcc_field,False,Pharmacy,Medical,Partnership,Delhi,Delhi,False,2025-05-06 00:00:00,False,ACCOUNT_NUMBER,4214,ACTIVE,2128.0,False,3
MCH8211,MCH8211,Parekh-Atwal,5411,mcc_field,False,Grocery,GROCERY_STORE,Private Limited,Jaipur,Rajasthan,False,2025-05-22 00:00:00,False,ACCOUNT_NUMBER,3988,ACTIVE,,False,2
MCH8212,MCH8212,Taneja Ltd,5311,mcc_field,False,Department Stores,Department Store,Private Limited,Chennai,Tamil Nadu,False,2023-07-03 00:00:00,False,MISSING,,CLOSED,2159.07,False,1
MCH8215,MCH8215,"Brar, Ramesh and Kaul",5411,mcc_field,False,Grocery,Grocery Stores,Partnership,Chennai,Tamil Nadu,False,2023-05-23 00:00:00,False,VIRTUAL_ACCOUNT,0664,CLOSED,1544.34,False,1
MCH8219,MCH8219,Devi Group,4814,mcc_field,False,Telecom,Mobile Recharge,Individual,Ludhiana,Punjab,False,2023-01-06 05:16:57,False,MISSING,,ACTIVE,1980.0,False,1
MCH8220,MCH 8220,Sarkar Plc,5411,mcc_field,False,Grocery,kirana,Private Limited,Pune,Maharashtra,False,2024-06-11 00:00:00,False,MISSING,,ACTIVE,142.34,False,1
MCH8221,MCH8221,Kala-Bajaj,5942,mcc_field,False,Books & Stationery,Book Store,Sole Proprietor,Bengaluru,Karnataka,False,,False,ACCOUNT_NUMBER,6509,INACTIVE,1133.63,False,2
MCH8225,MCH 8225,Bedi-Date,5999,inferred_from_category,False,Misc Retail,Other,Private Limited,Pune,Maharashtra,False,2024-02-28 00:00:00,False,ACCOUNT_NUMBER,7783,ACTIVE,2289.3,False,1
MCH8226,MCH8226,Das-Subramanian,5999,mcc_field,False,Misc Retail,Other,Partnership,Jaipur,Rajasthan,False,2024-03-26 00:00:00,False,ACCOUNT_NUMBER,8444,ACTIVE,789.74,False,1
MCH8233,MCH-8233,Patel Ltd,5411,mcc_field,False,Grocery,groceries,Partnership,Jalandhar,Punjab,False,2024-12-28 17:57:00,False,MISSING,,ACTIVE,1942.94,False,1
MCH8235,MCH8235,Konda-Pillai,5942,mcc_field,False,Books & Stationery,Stationery,Private Limited,Chennai,Tamil Nadu,False,2025-08-29 19:03:00,False,MASKED,2371,ACTIVE,921.33,True,1
MCH8238,MCH-8238,"Lala, Seth and Tak",5699,mcc_field,False,Apparel,Clothing,Partnership,Jaipur,Rajasthan,False,2024-07-22 00:00:00,False,MASKED,3627,ACTIVE,952.06,False,1
MCH8239,MCH8239,"Brahmbhatt, 0ak and Dhar",5411,mcc_field,False,Grocery,Grocery,Partnership,Jaipur,Rajasthan,False,2025-05-19 21:53:30,False,MISSING,,ACTIVE,266.0,False,1
MCH8240,MCH8240,Sur LLC,5912,mcc_field,False,Pharmacy,Pharmacies,Partnership,Lucknow,Uttar Pradesh,False,2025-08-10 00:00:00,False,ACCOUNT_NUMBER,7724,ACTIVE,1777.69,False,1
MCH8241,MCH8241,Bhasin and Sons,5999,mcc_field,False,Misc Retail,Retail Other,Private Limited,Jaipur,Rajasthan,False,2025-07-28 07:43:00,False,MISSING,,ACTIVE,509.62,False,2
MCH8242,MCH-8242,Choudhary-Pall,7011,mcc_field,False,Hotels & Lodging,Hotel,Private Limited,Ludhiana,Punjab,False,2023-06-27 07:50:14,False,MASKED,7286,ACTIVE,607.04,False,1
MCH8245,MCH8245,"Dhillon, Saran and Kalita",7011,mcc_field,False,Hotels & Lodging,HOTEL_LODGING,Partnership,Ludhiana,Punjab,False,2025-09-06 00:00:00,False,MISSING,,ACTIVE,2778.0,False,2
MCH8247,MCH8247,"Pandya, Muni and Hora",4814,mcc_field,False,Telecom,phone service,Partnership,Lucknow,Uttar Pradesh,False,2024-10-24 08:45:00,False,VIRTUAL_ACCOUNT,5215,ACTIVE,1396.47,False,1
MCH8253,MCH8253,Dutt-Narain,5411,mcc_field,False,Grocery,Grocery Stores,Sole Proprietor,Hyderabad,Telangana,False,2024-04-15 01:54:00,False,MASKED,4097,ACTIVE,1104.19,False,1
MCH8255,mch8255,"Yadav, Goyal and Sem",5699,mcc_field,False,Apparel,Fashion,Individual,Jalandhar,Punjab,False,2023-11-02 00:00:00,False,ACCOUNT_NUMBER,9821,ACTIVE,2733.83,False,2
MCH8259,MCH 8259,Lall Group,5942,mcc_field,False,Books & Stationery,Stationery,Sole Proprietor,Jalandhar,Punjab,False,2023-04-13 00:00:00,False,MISSING,,ACTIVE,2667.52,False,1
MCH8261,MCH8261,"Sridhar, Manda and Arora",5812,mcc_field,False,Restaurants,Food,Sole Proprietor,Jaipur,Rajasthan,False,2023-12-02 15:30:00,False,MISSING,,SUSPENDED,8032.44,False,1
MCH8262,MCH8262,Sanghvi Ltd,5411,mcc_field,False,Grocery,GROCERY_STORE,Sole Proprietor,Bengaluru,Karnataka,False,2024-06-10 00:00:00,False,MISSING,,ACTIVE,4676.0,False,1
MCH8263,mch8263,"Gara, Kar and Raval",5699,mcc_field,False,Apparel,CLOTHS,Sole Proprietor,Chennai,Tamil Nadu,False,2025-07-21 16:32:17,False,VIRTUAL_ACCOUNT,6445,ACTIVE,1443.08,False,2
MCH8264,MCH8264,"Hayer, Pant and Suresh",4131,mcc_field,False,Transportation,Bus/Taxi,Private Limited,Jaipur,Rajasthan,False,2025-01-03 00:00:00,False,VIRTUAL_ACCOUNT,8332,ACTIVE,2906.17,False,1
MCH8268,MCH8268,Krishnamurthy-Chopra,5942,mcc_field,False,Books & Stationery,Books,Private Limited,Chennai,Tamil Nadu,False,2025-09-13 00:00:00,False,ACCOUNT_NUMBER,6450,ACTIVE,1218.95,False,1
MCH8271,MCH8271,Konda-Bawa,5699,mcc_field,False,Apparel,CLOTHS,Sole Proprietor,Chennai,Tamil Nadu,False,2023-10-05 00:57:38,False,VIRTUAL_ACCOUNT,6456,ACTIVE,1087.99,False,1
MCH8272,MCH8272,Bava and Sons,5311,inferred_from_category,False,Department Stores,DEPT_STORE,Sole Proprietor,Bengaluru,Karnataka,False,2024-08-08 15:02:00,False,ACCOUNT_NUMBER,3915,ACTIVE,946.17,True,2
MCH8276,MCH8276,"Kakar, Handa and Sachdeva",5812,mcc_field,False,Restaurants,eating place,Sole Proprietor,Mumbai,Maharashtra,False,2025-09-23 00:00:00,False,MASKED,1898,ACTIVE,2410.37,False,1
MCH8277,MCH8277,"Patil, Goyal and Sarin",5912,mcc_field,False,Pharmacy,Pharmacies,Individual,Amritsar,Punjab,False,2025-07-04 00:00:00,False,MASKED,6940,INACTIVE,1542.69,False,1
MCH8279,MCH-8279,Lala Plc,5411,mcc_field,False,Grocery,Grocery,Sole Proprietor,Chennai,Tamil Nadu,False,,False,MISSING,,ACTIVE,416.0,False,1
MCH8281,MCH8281,Krishnan-Kuruvilla,7011,mcc_field,False,Hotels & Lodging,Hotels,Individual,Chennai,Tamil Nadu,False,2024-01-16 23:49:43,False,ACCOUNT_NUMBER,7446,ACTIVE,1408.93,True,3
MCH8283,8283,Nagar Group,4814,mcc_field,False,Telecom,Mobile Recharge,Partnership,Kolkata,West Bengal,False,2026-02-08 06:11:47,False,MISSING,,ACTIVE,1032.5,False,2
MCH8286,mch8286,"Chadha, Chaudhari and Edwin",5912,mcc_field,False,Pharmacy,MEDICAL_STORE,Private Limited,Hyderabad,Telangana,False,2023-08-09 00:00:00,False,MASKED,2952,ACTIVE,1828.46,False,1
MCH8288,8288,Kakar-Sood,5311,mcc_field,False,Department Stores,Department Store,Private Limited,Bengaluru,Karnataka,False,2024-05-04 00:00:00,False,ACCOUNT_NUMBER,2370,ACTIVE,1556.66,False,1
MCH8289,mch8289,"Choudhury, Chakrabarti and Khalsa",4131,mcc_field,False,Transportation,Transport,Sole Proprietor,Lucknow,Uttar Pradesh,False,2023-06-10 00:00:00,False,ACCOUNT_NUMBER,6763,ACTIVE,954.52,False,1
MCH8291,MCH-8291,Walia Inc,7011,mcc_field,False,Hotels & Lodging,HOTEL_LODGING,Private Limited,Ludhiana,Punjab,False,2023-01-04 19:11:00,False,MISSING,,ACTIVE,1898.37,False,1
MCH8295,MCH8295,Mammen LLC,5999,mcc_field,False,Misc Retail,Miscellaneous,Private Limited,Chennai,Tamil Nadu,False,2024-11-04 00:00:00,False,MASKED,0713,ACTIVE,1554.58,False,1
MCH8296,MCH-8296,Gara Inc,5411,mcc_field,False,Grocery,groceries,Partnership,Jalandhar,Punjab,False,2025-07-16 16:55:50,False,VIRTUAL_ACCOUNT,6835,ACTIVE,,False,2
MCH8297,MCH8297,Ghose Plc,4131,mcc_field,False,Transportation,TRAVEL,Partnership,Kolkata,West Bengal,False,2024-12-02 00:00:00,False,MASKED,1368,ACTIVE,1408.64,False,5
MCH8299,MCH8299,Garde Plc,5812,mcc_field,False,Restaurants,Food,Partnership,Jaipur,Rajasthan,False,2023-01-06 00:00:00,False,MISSING,,ACTIVE,1496.13,False,1
MCH8306,MCH8306,Magar-Gaba,4131,mcc_field,False,Transportation,Transport,Private Limited,Delhi,Delhi,False,2025-11-22 00:00:00,False,MISSING,,CLOSED,840.15,False,3
MCH8308,mch8308,Thakkar Plc,7011,inferred_from_category,False,Hotels & Lodging,HOTEL_LODGING,Sole Proprietor,Mumbai,Maharashtra,False,2023-06-06 21:51:00,False,VIRTUAL_ACCOUNT,2937,ACTIVE,1612.0,False,3
MCH8310,MCH8310,Chakraborty Ltd,4131,mcc_field,False,Transportation,TRAVEL,Individual,Delhi,Delhi,False,2026-01-02 00:00:00,False,ACCOUNT_NUMBER,2816,ACTIVE,1287.03,False,1
MCH8312,8312,"Ramanathan, Andra and Sarma",5912,mcc_field,False,Pharmacy,Medical,Partnership,Lucknow,Uttar Pradesh,False,2023-02-20 00:00:00,False,MASKED,8360,ACTIVE,1966.71,True,1
MCH8314,MCH-8314,Chawla-Mander,4131,mcc_field,False,Transportation,Transportation,Partnership,Kolkata,West Bengal,False,2024-09-07 00:00:00,False,VIRTUAL_ACCOUNT,3428,ACTIVE,93.33,False,2
MCH8316,MCH8316,Bakshi-Rout,5311,mcc_field,False,Department Stores,DEPT_STORE,Private Limited,Delhi,Delhi,False,2024-11-10 02:40:36,False,MISSING,,ACTIVE,618.0,False,2
MCH8324,mch8324,Golla-Chaudhuri,7011,mcc_field,False,Hotels & Lodging,Hospitality,Private Limited,Jalandhar,Punjab,False,2025-06-04 00:00:00,False,MISSING,,ACTIVE,,False,1
MCH8325,MCH8325,Sarin Inc,5999,mcc_field,False,Misc Retail,Miscellaneous,Individual,Amritsar,Punjab,False,2025-03-19 00:00:00,False,ACCOUNT_NUMBER,5498,ACTIVE,1640.03,False,2
MCH8326,MCH8326,"Bassi, Lalla and Sastry",5411,mcc_field,False,Grocery,Grocery,Individual,Amritsar,Punjab,False,2025-12-30 00:00:00,False,MASKED,1031,ACTIVE,1031.0,False,1
MCH8327,MCH-8327,Menon Ltd,5999,inferred_from_category,False,Misc Retail,Miscellaneous,Individual,Bengaluru,Karnataka,False,2023-06-18 18:05:34,False,MISSING,,INACTIVE,1670.04,False,1
MCH8328,MCH8328,Raman-Dass,5411,inferred_from_category,False,Grocery,GROCERY_STORE,Partnership,Jalandhar,Punjab,False,2024-09-29 00:00:00,False,MISSING,,ACTIVE,2484.83,False,1
MCH8329,MCH8329,"Halder, Panchal and Pandit",5999,inferred_from_category,False,Misc Retail,Retail Other,Individual,Lucknow,Uttar Pradesh,False,2025-07-10 00:00:00,False,MASKED,8898,ACTIVE,422.0,False,1
MCH8330,MCH-8330,Trivedi-Shan,5812,inferred_from_category,False,Restaurants,Food,Partnership,Hyderabad,Telangana,False,2024-11-05 18:16:00,False,ACCOUNT_NUMBER,4928,ACTIVE,4115.86,False,2
MCH8331,MCH8331,Yogi Inc,5999,mcc_field,False,Misc Retail,Retail Other,Sole Proprietor,Bengaluru,Karnataka,False,2025-05-07 00:00:00,False,MISSING,,INACTIVE,1372.86,False,1
MCH8332,MCH 8332,"Sethi, Buch and Sachdeva",7011,mcc_field,False,Hotels & Lodging,Hospitality,Individual,Hyderabad,Telangana,False,2025-05-04 00:00:00,False,MISSING,,ACTIVE,1666.61,False,1
MCH8334,MCH8334,"Rai,bandiand Jayaraman",4131,inferred_from_category,False,Transportation,Transport,Partnership,Kolkata,West Bengal,False,2024-08-17 14:07:20,False,VIRTUAL_ACCOUNT,6794,ACTIVE,3117.64,False,1
MCH8335,MCH8335,Bhatti-Keer,5311,inferred_from_category,False,Department Stores,Retail,Sole Proprietor,Hyderabad,Telangana,False,2024-03-06 00:00:00,False,MISSING,,INACTIVE,1335.83,False,1
MCH8337,MCH8337,Padmanabhan-Nanda,5999,mcc_field,False,Misc Retail,Misc Retail,Individual,Bengaluru,Karnataka,False,2024-08-20 08:14:01,False,VIRTUAL_ACCOUNT,3358,ACTIVE,694.67,False,2
MCH8338,MCH8338,Basu Ltd,5812,mcc_field,False,Restaurants,Food,Private Limited,Pune,Maharashtra,False,2025-06-21 00:00:00,False,MASKED,2977,ACTIVE,279.5,False,2
MCH8341,mch8341,Tara-Ben,5311,mcc_field,False,Department Stores,Retail,Individual,Kolkata,West Bengal,False,2023-06-26 00:00:00,False,MISSING,,ACTIVE,1137.47,False,2
MCH8344,MCH8344,Purohit-Ravi,5311,mcc_field,False,Department Stores,Department Store,Private Limited,Pune,Maharashtra,False,2023-09-04 21:29:50,False,MISSING,,ACTIVE,337.58,False,1
MCH8345,MCH8345,"Srinivas, Bali and Bhatt",7011,mcc_field,False,Hotels & Lodging,HOTEL_LODGING,Sole Proprietor,Jalandhar,Punjab,False,2023-02-08 02:01:40,False,MISSING,,INACTIVE,1909.16,False,1
MCH8346,8346,Sane-Ben,5999,mcc_field,False,Misc Retail,Misc Retail,Private Limited,Kolkata,West Bengal,False,2024-04-03 00:00:00,False,VIRTUAL_ACCOUNT,0445,ACTIVE,2955.96,False,2
MCH8352,MCH8352,Tailor and Sons,7011,mcc_field,False,Hotels & Lodging,Hotel,Sole Proprietor,Lucknow,Uttar Pradesh,False,2024-11-06 00:00:00,False,MISSING,,ACTIVE,1393.59,False,1
MCH8355,MCH8355,Chacko-D’alia,5311,mcc_field,False,Department Stores,Department Stores,Private Limited,Bengaluru,Karnataka,False,2024-08-14 00:00:00,False,VIRTUAL_ACCOUNT,0030,INACTIVE,413.17,False,3
MCH8358,MCH8358,Sarna-Singh,5699,mcc_field,False,Apparel,CLOTHS,Sole Proprietor,Amritsar,Punjab,False,2025-12-16 19:12:00,False,MASKED,7799,SUSPENDED,1645.07,False,2
MCH8363,MCH8363,Salvi Group,7011,mcc_field,False,Hotels & Lodging,HOTEL_LODGING,Sole Proprietor,Lucknow,Uttar Pradesh,False,2024-11-20 00:00:00,False,MISSING,,ACTIVE,833.32,False,1
MCH8364,MCH8364,Kata Plc,5912,mcc_field,False,Pharmacy,chemist,Individual,Mumbai,Maharashtra,False,2023-11-21 12:44:00,False,MISSING,,ACTIVE,753.31,False,1
MCH8365,8365,Som-Dhar,5999,mcc_field,False,Misc Retail,Misc Retail,Individual,Pune,Maharashtra,False,2025-08-30 00:00:00,False,MISSING,,ACTIVE,269.48,False,5
MCH8369,MCH8369,Samra-Radhakrishnan,5699,mcc_field,False,Apparel,Apparel,Sole Proprietor,Bengaluru,Karnataka,False,2024-03-18 13:50:00,False,VIRTUAL_ACCOUNT,2161,ACTIVE,2175.82,False,2
MCH8370,8370,Tandon-Khosla,4131,mcc_field,False,Transportation,Transport,Partnership,Hyderabad,Telangana,False,2024-09-15 22:48:07,False,ACCOUNT_NUMBER,2413,ACTIVE,574.0,False,2
MCH8372,MCH8372,Banerjee Ltd,5912,mcc_field,False,Pharmacy,Pharmacy,Individual,Hyderabad,Telangana,False,2023-10-26 00:00:00,False,MISSING,,ACTIVE,4531.0,False,2
MCH8374,MCH 8374,"Kohli, Chakraborty and Wali",5942,mcc_field,False,Books & Stationery,Books,Sole Proprietor,Lucknow,Uttar Pradesh,False,2025-02-16 16:31:03,False,MISSING,,ACTIVE,838.62,False,2
MCH8377,8377,"Garde, Varty and Vyas",4131,mcc_field,False,Transportation,Transport,Individual,Mumbai,Maharashtra,False,2025-08-01 20:50:41,False,MISSING,,ACTIVE,1200.23,False,2
MCH8379,mch8379,Deep Group,5942,mcc_field,False,Books & Stationery,Books,Private Limited,Kolkata,West Bengal,False,2026-01-29 00:00:00,False,MASKED,9737,SUSPENDED,469.0,False,2
MCH8380,mch8380,Gola-Bal,4814,mcc_field,False,Telecom,phone service,Individual,Hyderabad,Telangana,False,2025-10-14 05:29:06,False,MASKED,2229,ACTIVE,3345.73,True,3
MCH8384,8384,"Tella, Batra and Baral",5311,mcc_field,False,Department Stores,Department Stores,Individual,Jalandhar,Punjab,False,2023-04-08 00:00:00,False,MISSING,,ACTIVE,,False,1
MCH8385,MCH8385,Thaker-Hegde,5812,mcc_field,False,Restaurants,eating place,Partnership,Amritsar,Punjab,False,2024-05-14 00:00:00,False,MISSING,,ACTIVE,2913.48,False,1
MCH8389,MCH8389,Thaman Group,5812,inferred_from_category,False,Restaurants,Restaurants,Individual,Mumbai,Maharashtra,False,2024-02-17 16:36:00,False,MASKED,0828,INACTIVE,1716.78,False,1
MCH8390,MCH 8390,"Thakkar, Babu and Nagi",4131,mcc_field,False,Transportation,transprt,Private Limited,Hyderabad,Telangana,False,2024-03-25 00:00:00,False,MASKED,7354,ACTIVE,2159.57,False,1
MCH8391,MCH8391,Talwar-Bhasin,5699,inferred_from_category,False,Apparel,garments,Individual,Ludhiana,Punjab,False,2025-10-21 00:00:00,False,ACCOUNT_NUMBER,8885,ACTIVE,2052.0,False,1
MCH8393,MCH8393,Salvi LLC,7011,mcc_field,False,Hotels & Lodging,Hotels,Partnership,Jalandhar,Punjab,False,2024-10-18 00:00:00,False,MASKED,4953,ACTIVE,1230.0,False,1
MCH8399,mch8399,"La11a, Wadhwa and Bhardwaj",5812,inferred_from_category,False,Restaurants,Restaurants,Private Limited,Kolkata,West Bengal,False,2025-09-05 20:30:25,False,MASKED,6906,ACTIVE,1773.81,False,1
MCH8400,8400,Banerjee Inc,5812,mcc_field,False,Restaurants,Restaurants,Sole Proprietor,Lucknow,Uttar Pradesh,False,,False,MISSING,,ACTIVE,,False,1
MCH8401,MCH8401,Pandey Plc,7011,inferred_from_category,False,Hotels & Lodging,Hospitality,Partnership,Chennai,Tamil Nadu,False,2025-09-09 00:00:00,False,ACCOUNT_NUMBER,3862,INACTIVE,625.0,False,2
MCH8405,MCH-8405,Roy Ltd,5699,inferred_from_category,False,Apparel,garments,Private Limited,Kolkata,West Bengal,False,2023-02-13 22:05:26,False,VIRTUAL_ACCOUNT,2689,INACTIVE,1147.53,False,1
MCH8407,MCH8407,Dey Group,4131,mcc_field,False,Transportation,Transport,Individual,Lucknow,Uttar Pradesh,False,2024-07-10 00:00:00,False,MISSING,,ACTIVE,2726.27,False,1
MCH8409,MCH8409,"Dua, Naidu and Agate",4131,mcc_field,False,Transportation,TRAVEL,Individual,Mumbai,Maharashtra,False,2024-09-05 14:57:07,False,MISSING,,ACTIVE,1474.83,False,1
MCH8410,MCH8410,Kade LLC,5411,mcc_field,False,Grocery,Grocery Stores,Partnership,Lucknow,Uttar Pradesh,False,2024-11-08 00:00:00,False,ACCOUNT_NUMBER,1337,ACTIVE,893.08,False,3
MCH8411,MCH-8411,Chopra Group,5812,inferred_from_category,False,Restaurants,eating place,Private Limited,Jalandhar,Punjab,False,2023-01-01 00:00:00,False,MISSING,,INACTIVE,1067.4,False,1
MCH8412,mch8412,Sachdeva-Mutti,5311,mcc_field,False,Department Stores,Department Store,Private Limited,Bengaluru,Karnataka,False,2023-03-01 00:00:00,False,MISSING,,ACTIVE,2327.41,False,1
MCH8413,mch8413,"Mammen,parmerand Chandra",4814,mcc_field,False,Telecom,Mobile Recharge,Sole Proprietor,Bengaluru,Karnataka,False,2024-03-19 00:00:00,False,MISSING,,ACTIVE,393.94,True,1
MCH8416,MCH8416,"Bal, Kant and Gola",5411,mcc_field,False,Grocery,kirana,Private Limited,Chennai,Tamil Nadu,False,2025-03-31 00:00:00,False,MASKED,9605,ACTIVE,5069.39,False,2
MCH8417,MCH8417,Bhalla-Batta,5311,mcc_field,False,Department Stores,Department Store,Partnership,Bengaluru,Karnataka,False,2025-07-07 16:05:00,False,MISSING,,ACTIVE,544.37,False,1
MCH8418,MCH8418,Jaggi Inc,7011,mcc_field,False,Hotels & Lodging,HOTEL_LODGING,Individual,Pune,Maharashtra,False,2023-12-01 00:00:00,False,ACCOUNT_NUMBER,8100,INACTIVE,1654.02,True,1
MCH8419,MCH 8419,Nigam Inc,4814,mcc_field,False,Telecom,phone service,Sole Proprietor,Amritsar,Punjab,False,2025-01-10 08:52:00,False,VIRTUAL_ACCOUNT,8712,ACTIVE,462.51,False,1
MCH8421,MCH 8421,"Kannan, Nath and Kala",4131,mcc_field,False,Transportation,transprt,Private Limited,Amritsar,Punjab,False,2024-01-31 00:00:00,False,MISSING,,SUSPENDED,612.51,False,2
MCH8422,MCH8422,Kakar-Bera,5699,mcc_field,False,Apparel,garments,Sole Proprietor,Amritsar,Punjab,False,2025-10-03 00:00:00,False,MASKED,1336,ACTIVE,661.76,False,1
MCH8423,mch8423,Balasubramanian and Sons,5411,mcc_field,False,Grocery,GROCERY_STORE,Private Limited,Mumbai,Maharashtra,False,2025-01-26 00:00:00,False,ACCOUNT_NUMBER,9849,ACTIVE,1838.16,False,1
MCH8425,MCH8425,"Bhatnagar,comarand Hans",7011,mcc_field,False,Hotels & Lodging,Hotels,Individual,Jalandhar,Punjab,False,2025-06-12 00:00:00,False,VIRTUAL_ACCOUNT,6872,ACTIVE,637.53,False,1
MCH8427,MCH8427,Lad-Vora,5942,mcc_field,False,Books & Stationery,Stationery,Private Limited,Jalandhar,Punjab,False,2025-03-30 00:00:00,False,VIRTUAL_ACCOUNT,3682,SUSPENDED,815.94,False,4
MCH8428,MCH8428,"Keer, Batra and Kapadia",7011,mcc_field,False,Hotels & Lodging,Hotel,Partnership,Jalandhar,Punjab,False,2024-08-19 14:22:51,False,MISSING,,ACTIVE,2475.47,False,1
MCH8431,MCH8431,Bala Group,4131,mcc_field,False,Transportation,Transportation,Individual,Ludhiana,Punjab,False,2025-05-02 00:00:00,False,MASKED,7030,ACTIVE,964.23,False,3
MCH8432,MCH 8432,Lad Inc,5942,mcc_field,False,Books & Stationery,Book Store,Private Limited,Delhi,Delhi,False,2024-10-07 00:00:00,False,VIRTUAL_ACCOUNT,3387,ACTIVE,394.7,False,1
MCH8433,mch8433,"Gill, Taneja and Bhardwaj",5411,mcc_field,False,Grocery,Grocery,Individual,Lucknow,Uttar Pradesh,False,2023-05-12 00:00:00,False,ACCOUNT_NUMBER,5384,SUSPENDED,5465.01,False,1
MCH8435,MCH8435,Bajwa-Sandhu,5699,mcc_field,False,Apparel,garments,Individual,Jaipur,Rajasthan,False,2024-08-11 00:00:00,False,VIRTUAL_ACCOUNT,2867,ACTIVE,5825.04,True,1
MCH8436,MCH8436,"Seshadri, Minhas and Subramanian",4814,mcc_field,False,Telecom,Mobile Recharge,Individual,Delhi,Delhi,False,2025-12-21 00:00:00,False,MASKED,8739,ACTIVE,1427.93,False,4
MCH8437,8437,Sinha LLC,7011,mcc_field,False,Hotels & Lodging,HOTEL_LODGING,Sole Proprietor,Kolkata,West Bengal,False,2025-12-04 08:30:12,False,MISSING,,INACTIVE,761.27,False,2
MCH8439,MCH8439,Bala and Sons,5912,mcc_field,False,Pharmacy,Pharmacies,Individual,Jalandhar,Punjab,False,2024-09-14 00:00:00,False,MISSING,,ACTIVE,1591.75,False,1
MCH8440,8440,"Chacko, Natarajan and Menon",5999,mcc_field,False,Misc Retail,Other,Individual,Mumbai,Maharashtra,False,2025-01-19 00:00:00,False,MISSING,,ACTIVE,775.41,False,1
MCH8445,MCH8445,Chand Inc,5999,mcc_field,False,Misc Retail,Miscellaneous,Partnership,Jaipur,Rajasthan,False,2025-12-27 10:31:00,False,MISSING,,ACTIVE,2873.41,False,1
MCH8446,MCH8446,Kuruvi11a Group,5999,mcc_field,False,Misc Retail,Miscellaneous,Sole Proprietor,Chennai,Tamil Nadu,False,2025-07-07 00:00:00,False,MISSING,,ACTIVE,979.24,False,2
MCH8448,MCH8448,"Roy, Parekh and Ratti",7011,mcc_field,False,Hotels & Lodging,HOTEL_LODGING,Private Limited,Jaipur,Rajasthan,False,2024-07-25 22:15:50,False,MISSING,,ACTIVE,364.74,False,1
MCH8449,MCH 8449,Mani-Ramachandran,5912,mcc_field,False,Pharmacy,Pharmacies,Partnership,Delhi,Delhi,False,2024-12-27 07:20:47,False,MASKED,6183,ACTIVE,461.73,False,2
MCH8450,MCH8450,Singhal LLC,5999,inferred_from_category,False,Misc Retail,Miscellaneous,Private Limited,Jaipur,Rajasthan,False,2023-07-18 00:00:00,False,VIRTUAL_ACCOUNT,4149,ACTIVE,2472.47,False,2
MCH8451,MCH8451,"Kala, Pradhan and Hayre",5812,mcc_field,False,Restaurants,FOOD_SERVICES,Partnership,Hyderabad,Telangana,False,2024-06-14 00:00:00,False,ACCOUNT_NUMBER,0448,ACTIVE,1874.56,False,2
MCH8453,MCH8453,"Jaggi, Saxena and Ratta",5411,mcc_field,False,Grocery,Grocery,Partnership,Amritsar,Punjab,False,2023-11-19 00:00:00,False,MISSING,,ACTIVE,599.17,False,2
MCH8455,MCH8455,Chauhan-Raju,5311,mcc_field,False,Department Stores,DEPT_STORE,Private Limited,Pune,Maharashtra,False,2023-03-29 00:00:00,False,ACCOUNT_NUMBER,8676,ACTIVE,1832.78,False,1
MCH8456,MCH8456,Srinivasan and Sons,5411,mcc_field,False,Grocery,kirana,Individual,Jalandhar,Punjab,False,2023-03-04 13:45:00,False,MASKED,9275,ACTIVE,3454.0,False,1
MCH8460,MCH8460,Luthra Plc,5311,inferred_from_category,False,Department Stores,DEPT_STORE,Private Limited,Jaipur,Rajasthan,False,2023-03-10 19:52:37,False,MASKED,0930,ACTIVE,2927.81,False,1
MCH8464,MCH-8464,"Kapadia, Sarin and Bhargava",5411,mcc_field,False,Grocery,Grocery,Sole Proprietor,Ludhiana,Punjab,False,2024-07-19 17:44:00,False,MISSING,,ACTIVE,1536.1,False,1
MCH8466,MCH8466,Dani Plc,5999,mcc_field,False,Misc Retail,Retail Other,Sole Proprietor,Lucknow,Uttar Pradesh,False,2024-11-20 00:00:00,False,ACCOUNT_NUMBER,7189,ACTIVE,1946.42,False,1
MCH8467,MCH8467,Gara-Sarkar,5912,mcc_field,False,Pharmacy,MEDICAL_STORE,Individual,Pune,Maharashtra,False,2025-12-03 17:00:00,False,MISSING,,ACTIVE,826.0,False,2
MCH8470,mch8470,Munshi-Reddy,4131,inferred_from_category,False,Transportation,transprt,Sole Proprietor,Pune,Maharashtra,False,2025-12-29 00:00:00,False,MISSING,,ACTIVE,1203.0,False,2
MCH8472,MCH8472,Guha-Sandhu,4814,mcc_field,False,Telecom,phone service,Partnership,Amritsar,Punjab,False,,False,MISSING,,ACTIVE,1828.57,False,1
MCH8473,mch8473,"Tella, Dara and Krish",4814,mcc_field,False,Telecom,phone service,Private Limited,Mumbai,Maharashtra,False,2025-06-21 06:51:14,False,MISSING,,ACTIVE,320.84,False,1
MCH8475,MCH8475,"Karpe, Iyer and Gole",5942,mcc_field,False,Books & Stationery,Stationery,Private Limited,Bengaluru,Karnataka,False,2025-04-20 00:00:00,False,MISSING,,ACTIVE,2426.04,False,1
MCH8480,MCH8480,Doshi-Sarin,4131,mcc_field,False,Transportation,Transportation,Individual,Pune,Maharashtra,False,2023-07-02 00:00:00,False,MISSING,,ACTIVE,1310.85,True,1
MCH8481,MCH8481,"Dixit,geraand Gara",4131,mcc_field,False,Transportation,Bus/Taxi,Sole Proprietor,Jaipur,Rajasthan,False,,False,VIRTUAL_ACCOUNT,7969,ACTIVE,1730.88,False,1
MCH8484,MCH8484,"Grover, Swamy and Johal",5912,mcc_field,False,Pharmacy,MEDICAL_STORE,Private Limited,Kolkata,West Bengal,False,2023-08-17 22:00:16,False,MISSING,,SUSPENDED,1273.08,False,1
MCH8489,MCH8489,Mand and Sons,7011,mcc_field,False,Hotels & Lodging,Hotel,Individual,Pune,Maharashtra,False,2025-08-24 00:00:00,False,MASKED,8251,ACTIVE,2744.11,False,2
MCH8490,MCH8490,Sekhon-Chadha,5699,mcc_field,False,Apparel,garments,Sole Proprietor,Delhi,Delhi,False,2024-06-28 00:00:00,False,MASKED,6195,CLOSED,694.05,True,1
MCH8492,MCH8492,Narayan Group,4814,mcc_field,False,Telecom,TELECOM,Individual,Kolkata,West Bengal,False,,False,MASKED,3928,INACTIVE,,False,1
MCH8493,MCH8493,Buch Inc,5912,mcc_field,False,Pharmacy,MEDICAL_STORE,Individual,Chennai,Tamil Nadu,False,2025-01-17 02:45:11,False,VIRTUAL_ACCOUNT,2495,ACTIVE,2394.24,False,1
MCH8496,MCH8496,Sandhu Plc,5942,mcc_field,False,Books & Stationery,Book Store,Partnership,Hyderabad,Telangana,False,2025-01-10 19:16:00,False,VIRTUAL_ACCOUNT,1870,INACTIVE,,False,1
MCH8497,MCH8497,"Pandey, Dutta and Thakkar",5812,mcc_field,False,Restaurants,eating place,Private Limited,Delhi,Delhi,False,2025-09-18 03:34:00,False,ACCOUNT_NUMBER,5023,ACTIVE,802.0,False,1
MCH8501,MCH8501,Koshy-Mukherjee,7011,mcc_field,False,Hotels & Lodging,Hotels,Partnership,Hyderabad,Telangana,False,2023-08-21 00:00:00,False,MISSING,,ACTIVE,3180.8,False,1
MCH8504,MCH8504,Kohli Plc,5411,mcc_field,False,Grocery,groceries,Sole Proprietor,Chennai,Tamil Nadu,False,2025-05-05 19:30:15,False,ACCOUNT_NUMBER,5769,ACTIVE,977.26,False,2
MCH8505,MCH8505,Kamdar-Ghosh,5942,mcc_field,False,Books & Stationery,Book Store,Private Limited,Jaipur,Rajasthan,False,2023-08-02 00:00:00,False,MASKED,4333,ACTIVE,517.98,False,3
MCH8506,MCH8506,"Handa, Sahni and Sawhney",4814,mcc_field,False,Telecom,Telecom,Partnership,Hyderabad,Telangana,False,2026-01-12 00:00:00,False,MISSING,,ACTIVE,339.0,False,1
MCH8508,MCH8508,"Iyengar,gilland Tella",5999,mcc_field,False,Misc Retail,Other,Private Limited,Chennai,Tamil Nadu,False,2023-12-12 06:59:00,False,MISSING,,ACTIVE,1985.47,False,1
MCH8509,MCH-8509,Merchant-Kalita,5411,mcc_field,False,Grocery,Grocery,Private Limited,Hyderabad,Telangana,False,2025-02-11 00:00:00,False,ACCOUNT_NUMBER,1030,ACTIVE,329.11,False,4
MCH8511,MCH8511,Bhattacharyya LLC,4131,mcc_field,False,Transportation,TRAVEL,Sole Proprietor,Kolkata,West Bengal,False,2025-09-13 17:14:01,False,ACCOUNT_NUMBER,1424,ACTIVE,1377.4,False,2
MCH8512,MCH8512,Luthra-Bhasin,4131,mcc_field,False,Transportation,Transportation,Sole Proprietor,Lucknow,Uttar Pradesh,False,2025-07-22 00:00:00,False,MISSING,,ACTIVE,2579.73,False,1
MCH8517,8517,"Bandi, Bir and Buch",5912,mcc_field,False,Pharmacy,chemist,Individual,Delhi,Delhi,False,2025-05-12 00:00:00,False,MASKED,8958,ACTIVE,2544.34,False,1
MCH8518,MCH8518,Srivastava-Parsa,5699,mcc_field,False,Apparel,Fashion,Individual,Jaipur,Rajasthan,False,2024-09-11 00:00:00,False,MISSING,,ACTIVE,191.84,False,1
MCH8521,MCH-8521,"Sankaran, Mangat and Gaba",5311,mcc_field,False,Department Stores,Department Stores,Sole Proprietor,Delhi,Delhi,False,2024-11-24 00:00:00,False,VIRTUAL_ACCOUNT,8612,ACTIVE,1028.11,False,2
MCH8525,MCH8525,Bahl-Mangat,7011,mcc_field,False,Hotels & Lodging,Hotels,Individual,Mumbai,Maharashtra,False,2025-03-27 07:27:27,False,MISSING,,INACTIVE,444.54,False,1
MCH8527,MCH8527,Tella-Mani,5912,mcc_field,False,Pharmacy,Pharmacy,Partnership,Ludhiana,Punjab,False,2025-11-09 00:00:00,False,MISSING,,ACTIVE,,False,2
MCH8529,MCH8529,Pradhan Plc,5942,mcc_field,False,Books & Stationery,Stationery,Sole Proprietor,Delhi,Delhi,False,2025-07-13 03:13:00,False,MISSING,,ACTIVE,476.91,False,2
MCH8530,MCH8530,Chopra-Khanna,5311,mcc_field,False,Department Stores,Department Stores,Partnership,Hyderabad,Telangana,False,,False,MISSING,,ACTIVE,442.28,False,1
MCH8536,MCH8536,Boase Plc,4814,inferred_from_category,False,Telecom,TELECOM,Partnership,Mumbai,Maharashtra,False,2024-10-23 00:00:00,False,MISSING,,ACTIVE,3149.45,False,2
MCH8537,MCH8537,Sunder LLC,4131,mcc_field,False,Transportation,TRAVEL,Private Limited,Chennai,Tamil Nadu,False,2025-09-16 00:00:00,False,VIRTUAL_ACCOUNT,0694,ACTIVE,1072.34,False,4
MCH8539,MCH8539,Arya-Char,5699,mcc_field,False,Apparel,Apparel,Sole Proprietor,Chennai,Tamil Nadu,False,2025-10-07 09:25:50,False,MASKED,4751,ACTIVE,3012.9,False,1
MCH8540,MCH8540,Tiwari Ltd,5999,mcc_field,False,Misc Retail,Other,Sole Proprietor,Jaipur,Rajasthan,False,2024-06-27 07:54:00,False,MISSING,,ACTIVE,,False,1
MCH8545,MCH8545,Taneja and Sons,5411,mcc_field,False,Grocery,kirana,Private Limited,Jaipur,Rajasthan,False,2025-07-06 00:00:00,False,MISSING,,ACTIVE,1926.0,False,1
MCH8546,MCH8546,Jani Plc,5311,mcc_field,False,Department Stores,Department Store,Partnership,Kolkata,West Bengal,False,2024-09-21 00:00:00,False,MISSING,,ACTIVE,1691.74,False,1
MCH8548,MCH8548,Karpe Ltd,5812,mcc_field,False,Restaurants,Food,Partnership,Delhi,Delhi,False,,False,MISSING,,ACTIVE,699.0,False,1
MCH8549,MCH8549,"Amble, Sangha and Comar",4814,mcc_field,False,Telecom,TELECOM,Individual,Ludhiana,Punjab,False,2026-01-12 00:00:00,False,MASKED,7799,ACTIVE,1130.69,False,2
MCH8550,MCH8550,Nayar Ltd,4814,inferred_from_category,False,Telecom,phone service,Partnership,Jalandhar,Punjab,False,2024-01-09 17:54:25,False,VIRTUAL_ACCOUNT,8067,ACTIVE,1649.78,False,1
MCH8551,MCH8551,Sule-Ganesh,5699,mcc_field,False,Apparel,Clothing,Individual,Kolkata,West Bengal,False,2023-03-15 04:50:00,False,VIRTUAL_ACCOUNT,8206,ACTIVE,1452.12,False,1
MCH8552,8552,"Manne, Manda and Toor",4131,mcc_field,False,Transportation,TRAVEL,Sole Proprietor,Pune,Maharashtra,False,2023-08-19 00:00:00,False,MISSING,,ACTIVE,,False,1
MCH8553,MCH8553,Kumar and Sons,5411,mcc_field,False,Grocery,Grocery Stores,Partnership,Jalandhar,Punjab,False,2025-11-15 00:00:00,False,MISSING,,ACTIVE,1412.27,False,2
MCH8554,MCH8554,Mangat Plc,5999,mcc_field,False,Misc Retail,Miscellaneous,Sole Proprietor,Mumbai,Maharashtra,False,2023-04-03 00:00:00,False,MISSING,,INACTIVE,,False,1
MCH8555,MCH-8555,Gopal LLC,5942,mcc_field,False,Books & Stationery,Book Store,Private Limited,Chennai,Tamil Nadu,False,2025-06-13 00:00:00,False,ACCOUNT_NUMBER,9283,ACTIVE,,False,2
MCH8556,MCH8556,"Rout, Dhillon and Sinha",5942,mcc_field,False,Books & Stationery,Book Store,Sole Proprietor,Jaipur,Rajasthan,False,2023-05-04 17:49:00,False,MISSING,,ACTIVE,,False,1
MCH8558,MCH8558,Dutt-Tailor,5311,mcc_field,False,Department Stores,Retail,Sole Proprietor,Amritsar,Punjab,False,2024-12-29 00:00:00,False,MISSING,,ACTIVE,857.14,False,2
MCH8559,MCH 8559,"Gokhale, Dugal and Pradhan",5812,mcc_field,False,Restaurants,eating place,Private Limited,Pune,Maharashtra,False,2023-07-09 00:00:00,False,MISSING,,SUSPENDED,2171.47,False,1
MCH8561,MCH8561,"Swaminathan, Salvi and Kant",5699,mcc_field,False,Apparel,Clothing,Private Limited,Mumbai,Maharashtra,False,2025-04-19 00:00:00,False,VIRTUAL_ACCOUNT,8856,ACTIVE,4447.81,False,2
MCH8562,8562,Radhakrishnan-Apte,5812,mcc_field,False,Restaurants,Food,Private Limited,Chennai,Tamil Nadu,False,2023-12-04 06:47:00,False,MISSING,,ACTIVE,1647.0,False,1
MCH8563,MCH8563,"Sen, Saxena and Chopra",5411,mcc_field,False,Grocery,GROCERY_STORE,Sole Proprietor,Pune,Maharashtra,False,2025-12-18 00:00:00,False,MASKED,7720,ACTIVE,1384.68,False,2
MCH8565,MCH8565,"Mammen, Modi and Sankar",5812,mcc_field,False,Restaurants,Restaurants,Sole Proprietor,Jaipur,Rajasthan,False,2024-07-27 21:42:00,False,MISSING,,ACTIVE,609.89,False,1
MCH8566,MCH8566,Magar-Kota,4131,mcc_field,False,Transportation,transprt,Partnership,Amritsar,Punjab,False,2026-01-03 12:47:00,False,MISSING,,ACTIVE,1353.18,False,1
MCH8568,MCH 8568,Krishna-Agrawal,4814,mcc_field,False,Telecom,Mobile Recharge,Partnership,Kolkata,West Bengal,False,2024-10-25 03:43:00,False,ACCOUNT_NUMBER,2727,INACTIVE,412.1,False,1
MCH8569,MCH 8569,Tara Ltd,5812,mcc_field,False,Restaurants,Food,Individual,Lucknow,Uttar Pradesh,False,2025-11-18 04:42:59,False,MISSING,,ACTIVE,1022.19,False,1
MCH8570,MCH8570,Reddy Ltd,5942,mcc_field,False,Books & Stationery,BOOKS_STATIONERY,Partnership,Hyderabad,Telangana,False,2023-03-28 00:00:00,False,ACCOUNT_NUMBER,0172,ACTIVE,528.1,False,1
MCH8571,mch8571,"Garde, Toor and Malhotra",4814,mcc_field,False,Telecom,phone service,Partnership,Amritsar,Punjab,False,2023-05-31 00:00:00,False,MISSING,,ACTIVE,266.55,False,2
MCH8572,MCH 8572,"Sheth,sethand Kulkarni",4814,mcc_field,False,Telecom,phone service,Individual,Jaipur,Rajasthan,False,2026-01-15 00:00:00,False,VIRTUAL_ACCOUNT,3405,ACTIVE,4326.0,False,1
MCH8574,MCH8574,Vohra Group,5912,mcc_field,False,Pharmacy,MEDICAL_STORE,Individual,Jaipur,Rajasthan,False,2026-02-04 00:00:00,False,VIRTUAL_ACCOUNT,4640,CLOSED,746.57,True,1
MCH8575,MCH8575,"Doctor, Merchant and Bhatti",4814,mcc_field,False,Telecom,Telecom,Partnership,Kolkata,West Bengal,False,2024-04-18 00:00:00,False,MISSING,,ACTIVE,2693.45,False,1
MCH8578,MCH8578,Bhatt LLC,4131,mcc_field,False,Transportation,transprt,Sole Proprietor,Pune,Maharashtra,False,2023-08-26 23:42:00,False,VIRTUAL_ACCOUNT,0722,INACTIVE,2462.04,False,1
MCH8579,MCH8579,Om LLC,5311,mcc_field,False,Department Stores,Department Stores,Sole Proprietor,Bengaluru,Karnataka,False,2024-05-10 00:00:00,False,VIRTUAL_ACCOUNT,3786,ACTIVE,3034.67,False,1
MCH8581,MCH8581,"Sundaram, Sekhon and Andra",7011,mcc_field,False,Hotels & Lodging,Hotel,Partnership,Jalandhar,Punjab,False,2024-11-14 00:00:00,False,MISSING,,ACTIVE,953.97,False,1
MCH8588,MCH8588,"Kala, Kant and Gola",4131,inferred_from_category,False,Transportation,Bus/Taxi,Individual,Chennai,Tamil Nadu,False,2025-11-24 00:00:00,False,ACCOUNT_NUMBER,4984,ACTIVE,,False,1
MCH8591,MCH8591,Dutta and Sons,5999,mcc_field,False,Misc Retail,Misc Retail,Individual,Kolkata,West Bengal,False,2025-02-02 00:00:00,False,MASKED,4892,ACTIVE,2731.17,False,1
MCH8592,MCH8592,Venkatesh-Brahmbhatt,5942,mcc_field,False,Books & Stationery,Stationery,Private Limited,Bengaluru,Karnataka,False,2023-11-29 06:07:36,False,MASKED,8568,ACTIVE,2914.59,False,3
MCH8597,MCH8597,Hayre-Badami,5812,mcc_field,False,Restaurants,Food,Private Limited,Amritsar,Punjab,False,2023-05-26 00:00:00,False,MASKED,4723,ACTIVE,1847.81,False,1
MCH8598,MCH-8598,"Raghavan, Nadig and Karpe",5812,mcc_field,False,Restaurants,FOOD_SERVICES,Sole Proprietor,Pune,Maharashtra,False,2024-06-16 14:32:56,False,MASKED,2019,ACTIVE,1385.16,False,2
MCH8600,MCH8600,"Kalita, Bains and Gandhi",5812,mcc_field,False,Restaurants,Restaurants,Sole Proprietor,Delhi,Delhi,False,2024-07-06 00:00:00,False,VIRTUAL_ACCOUNT,1997,ACTIVE,855.0,False,2
MCH8601,8601,Chahal-Parekh,5812,mcc_field,False,Restaurants,Food,Private Limited,Amritsar,Punjab,False,2025-02-20 00:00:00,False,VIRTUAL_ACCOUNT,3773,ACTIVE,600.58,True,1
MCH8602,mch8602,Raghavan-Ahluwalia,5411,mcc_field,False,Grocery,groceries,Individual,Chennai,Tamil Nadu,False,2023-01-19 00:00:00,False,MISSING,,ACTIVE,292.78,True,1
MCH8603,mch8603,Mane Ltd,5812,mcc_field,False,Restaurants,restaurant,Sole Proprietor,Ludhiana,Punjab,False,2023-04-01 16:26:07,False,ACCOUNT_NUMBER,9521,ACTIVE,258.46,False,2
MCH8606,MCH8606,Prabhakar Ltd,5942,mcc_field,False,Books & Stationery,Book Store,Partnership,Mumbai,Maharashtra,False,2024-11-25 22:32:00,False,MISSING,,ACTIVE,602.72,False,1
MCH8607,MCH 8607,Sachdeva-Dutta,4814,mcc_field,False,Telecom,Telecom,Partnership,Jalandhar,Punjab,False,2026-02-16 21:14:26,False,VIRTUAL_ACCOUNT,4211,ACTIVE,699.07,False,3
MCH8610,MCH8610,Pandey and Sons,5999,mcc_field,False,Misc Retail,Retail Other,Sole Proprietor,Bengaluru,Karnataka,False,,False,VIRTUAL_ACCOUNT,7090,ACTIVE,1014.0,False,1
MCH8612,MCH-8612,Kurian-Goda,5812,mcc_field,False,Restaurants,eating place,Sole Proprietor,Mumbai,Maharashtra,False,2023-07-18 06:11:37,False,MASKED,5561,ACTIVE,1133.93,False,1
MCH8613,MCH8613,Comar-Tata,5812,mcc_field,False,Restaurants,Restaurant,Individual,Lucknow,Uttar Pradesh,False,2023-09-05 12:31:28,False,MISSING,,SUSPENDED,2485.09,False,1
MCH8614,MCH8614,Basu-Gola,4131,mcc_field,False,Transportation,TRAVEL,Partnership,Pune,Maharashtra,False,2026-01-08 00:00:00,False,MASKED,7777,ACTIVE,1454.86,False,2
MCH8615,MCH8615,Devi-Narasimhan,5942,mcc_field,False,Books & Stationery,Book Store,Sole Proprietor,Kolkata,West Bengal,False,2024-11-18 00:00:00,False,ACCOUNT_NUMBER,6197,ACTIVE,722.58,False,3
MCH8616,MCH 8616,Ratti-Jha,5699,mcc_field,False,Apparel,Apparel,Sole Proprietor,Pune,Maharashtra,False,2025-05-30 00:00:00,False,MISSING,,ACTIVE,,False,1
MCH8619,MCH8619,Salvi-Nazareth,5411,mcc_field,False,Grocery,Grocery,Sole Proprietor,Delhi,Delhi,False,2024-07-25 00:00:00,False,MISSING,,ACTIVE,860.21,False,2
MCH8622,MCH8622,Choudhry-Krishna,7011,mcc_field,False,Hotels & Lodging,HOTEL_LODGING,Partnership,Pune,Maharashtra,False,2025-03-18 00:00:00,False,MISSING,,ACTIVE,196.86,False,1
MCH8624,MCH8624,Kannan-Mital,5912,mcc_field,False,Pharmacy,Pharmacy,Sole Proprietor,Pune,Maharashtra,False,2023-05-20 00:00:00,False,VIRTUAL_ACCOUNT,4371,ACTIVE,1202.33,False,1
MCH8628,MCH8628,"Char, Sastry and Sane",4131,mcc_field,False,Transportation,Bus/Taxi,Individual,Pune,Maharashtra,False,2023-08-18 01:53:50,False,VIRTUAL_ACCOUNT,0498,ACTIVE,1108.74,False,2
MCH8631,MCH-8631,Chaudhari-Chhabra,5699,mcc_field,False,Apparel,Clothing,Sole Proprietor,Lucknow,Uttar Pradesh,False,2024-02-17 00:00:00,False,ACCOUNT_NUMBER,0971,ACTIVE,1011.95,False,1
MCH8632,MCH8632,"Koshy, Suri and Dey",5812,mcc_field,False,Restaurants,Restaurants,Individual,Delhi,Delhi,False,2025-11-14 10:58:44,False,VIRTUAL_ACCOUNT,2442,ACTIVE,3705.21,False,1
MCH8633,MCH8633,Pillai-Lata,5912,mcc_field,False,Pharmacy,Medical,Individual,Amritsar,Punjab,False,2025-04-02 00:00:00,False,ACCOUNT_NUMBER,5672,ACTIVE,1325.55,False,1
MCH8634,MCH8634,Palla-Brar,5912,mcc_field,False,Pharmacy,Medical,Partnership,Jalandhar,Punjab,False,2023-06-13 00:00:00,False,VIRTUAL_ACCOUNT,3042,ACTIVE,843.2,False,1
MCH8636,MCH8636,Ghosh-Dash,5942,mcc_field,False,Books & Stationery,Stationery,Partnership,Amritsar,Punjab,False,2023-09-06 09:12:03,False,ACCOUNT_NUMBER,8665,ACTIVE,3699.41,False,1
MCH8638,MCH8638,Ramanathan-Apte,5942,mcc_field,False,Books & Stationery,Book Store,Partnership,Chennai,Tamil Nadu,False,2025-04-16 00:00:00,False,MASKED,4259,ACTIVE,985.8,False,2
MCH8639,MCH8639,Samra-Behl,7011,mcc_field,False,Hotels & Lodging,Hospitality,Private Limited,Bengaluru,Karnataka,False,2024-06-30 11:58:00,False,MISSING,,INACTIVE,2557.45,False,2
MCH8640,MCH8640,"Vasa, Nanda and Bhat",5311,mcc_field,False,Department Stores,DEPT_STORE,Sole Proprietor,Pune,Maharashtra,False,2025-03-05 00:00:00,False,MISSING,,ACTIVE,347.11,False,1
MCH8641,MCH8641,Rai and Sons,4131,mcc_field,False,Transportation,TRAVEL,Individual,Ludhiana,Punjab,False,2024-01-10 00:00:00,False,MISSING,,ACTIVE,,False,1
MCH8643,MCH8643,"Kota, Aurora and Dugal",5699,mcc_field,False,Apparel,CLOTHS,Sole Proprietor,Delhi,Delhi,False,2024-04-15 14:41:15,False,VIRTUAL_ACCOUNT,3864,ACTIVE,1011.23,False,1
MCH8644,MCH8644,More-Loke,4131,mcc_field,False,Transportation,Transportation,Individual,Ludhiana,Punjab,False,2025-07-20 00:00:00,False,MISSING,,ACTIVE,1294.91,False,1
MCH8645,MCH8645,"Desai, Agarwal and Handa",4814,mcc_field,False,Telecom,Mobile Recharge,Individual,Ludhiana,Punjab,False,2024-03-31 00:00:00,False,MISSING,,ACTIVE,1177.09,False,1
MCH8648,MCH8648,"Kumer, Pradhan and Pai",5912,mcc_field,False,Pharmacy,chemist,Sole Proprietor,Jalandhar,Punjab,False,2023-12-17 00:00:00,False,VIRTUAL_ACCOUNT,7970,ACTIVE,2147.87,False,2
MCH8650,MCH8650,Konda Ltd,5999,mcc_field,False,Misc Retail,Miscellaneous,Sole Proprietor,Ludhiana,Punjab,False,2024-05-27 00:00:00,False,MASKED,1884,ACTIVE,578.35,False,1
MCH8654,MCH8654,Bhavsar-Subramanian,5411,inferred_from_category,False,Grocery,Grocery,Individual,Mumbai,Maharashtra,False,2025-12-15 00:00:00,False,MISSING,,ACTIVE,714.58,False,3
MCH8656,MCH8656,"Sarma, Krish and Ranganathan",5942,mcc_field,False,Books & Stationery,BOOKS_STATIONERY,Sole Proprietor,Kolkata,West Bengal,False,2025-02-04 00:00:00,False,VIRTUAL_ACCOUNT,5740,ACTIVE,,False,2
MCH8659,8659,Sha Ltd,7011,mcc_field,False,Hotels & Lodging,Hotels,Partnership,Mumbai,Maharashtra,False,2024-10-23 00:00:00,False,ACCOUNT_NUMBER,7204,ACTIVE,,False,1
MCH8660,MCH 8660,"Ben, Guha and Sabharwal",5812,mcc_field,False,Restaurants,FOOD_SERVICES,Sole Proprietor,Lucknow,Uttar Pradesh,False,2025-07-22 00:00:00,False,MASKED,9591,ACTIVE,,False,1
MCH8661,MCH8661,Kapoor and Sons,4131,inferred_from_category,False,Transportation,transprt,Partnership,Mumbai,Maharashtra,False,,False,MISSING,,ACTIVE,1762.47,False,1
MCH8663,MCH-8663,Khalsa Group,5942,inferred_from_category,False,Books & Stationery,Book Store,Partnership,Jalandhar,Punjab,False,2023-04-05 00:00:00,False,VIRTUAL_ACCOUNT,4696,INACTIVE,338.0,False,1
MCH8672,mch8672,"Ganguly, Sarin and Merchant",5311,mcc_field,False,Department Stores,Retail,Individual,Jalandhar,Punjab,False,2025-06-09 00:00:00,False,ACCOUNT_NUMBER,0728,INACTIVE,1816.05,False,1
MCH8673,mch8673,Goswami and Sons,5812,mcc_field,False,Restaurants,Restaurants,Private Limited,Delhi,Delhi,False,2026-02-25 00:00:00,False,ACCOUNT_NUMBER,3903,ACTIVE,979.86,False,2
MCH8674,MCH 8674,"Mani, Dutta and Issac",5812,mcc_field,False,Restaurants,Food,Private Limited,Chennai,Tamil Nadu,False,2023-05-05 15:05:33,False,ACCOUNT_NUMBER,3482,ACTIVE,,False,1
MCH8678,MCH8678,Dani-Talwar,7011,mcc_field,False,Hotels & Lodging,HOTEL_LODGING,Partnership,Lucknow,Uttar Pradesh,False,2024-07-07 00:00:00,False,MASKED,8500,INACTIVE,393.54,False,1
MCH8679,MCH8679,Dutt-Goel,4814,mcc_field,False,Telecom,phone service,Private Limited,Kolkata,West Bengal,False,2024-08-14 00:00:00,False,MASKED,4631,ACTIVE,423.15,False,2
MCH8680,8680,Bhatt-Toor,5311,mcc_field,False,Department Stores,dept_store,Private Limited,Jaipur,Rajasthan,False,2025-12-02 00:00:00,False,MISSING,,ACTIVE,1399.6,False,2
MCH8681,MCH-8681,Suri Ltd,5699,mcc_field,False,Apparel,Clothing,Partnership,Jalandhar,Punjab,False,2025-07-19 03:33:54,False,VIRTUAL_ACCOUNT,1510,ACTIVE,1034.26,False,1
MCH8692,MCH8692,Singhal-Mane,5999,mcc_field,False,Misc Retail,Misc Retail,Partnership,Jalandhar,Punjab,False,2025-07-24 00:00:00,False,ACCOUNT_NUMBER,7132,ACTIVE,1884.81,False,2
MCH8693,8693,Mukhopadhyay-Rama,5411,inferred_from_category,False,Grocery,Grocery Stores,Individual,Lucknow,Uttar Pradesh,False,2024-10-07 22:23:22,False,MASKED,9284,ACTIVE,406.79,False,2
MCH8697,MCH8697,Karnik Ltd,5999,mcc_field,False,Misc Retail,Miscellaneous,Sole Proprietor,Hyderabad,Telangana,False,2023-01-19 11:39:00,False,VIRTUAL_ACCOUNT,5700,ACTIVE,353.31,False,1
MCH8698,MCH8698,"Boase, Bal and Mand",5311,mcc_field,False,Department Stores,Department Stores,Private Limited,Kolkata,West Bengal,False,2025-06-13 00:00:00,False,MISSING,,ACTIVE,3054.52,False,1
MCH8703,mch8703,Mody Group,5999,inferred_from_category,False,Misc Retail,Other,Partnership,Hyderabad,Telangana,False,2023-04-09 03:36:19,False,MASKED,1194,SUSPENDED,2908.51,False,1
MCH8705,MCH8705,"Sahota, Kale and Patil",4131,mcc_field,False,Transportation,transprt,Private Limited,Delhi,Delhi,False,2024-11-10 00:00:00,False,MASKED,9019,ACTIVE,1127.21,False,2
MCH8708,MCH8708,"Mukherjee, Sami and Purohit",5999,mcc_field,False,Misc Retail,Retail Other,Sole Proprietor,Hyderabad,Telangana,False,2026-01-28 00:00:00,False,MISSING,,SUSPENDED,2919.92,False,1
MCH8713,MCH8713,"Shere, Loke and Butala",4814,mcc_field,False,Telecom,phone service,Private Limited,Delhi,Delhi,False,,False,MISSING,,INACTIVE,1029.16,True,1
MCH8714,MCH8714,Gupta Group,5912,mcc_field,False,Pharmacy,Pharmacies,Sole Proprietor,Pune,Maharashtra,False,2023-10-08 00:00:00,False,MASKED,2445,INACTIVE,569.38,False,1
MCH8715,MCH-8715,"Raju,lokeand Vora",5999,mcc_field,False,Misc Retail,Retail Other,Partnership,Hyderabad,Telangana,False,2025-09-14 00:00:00,False,MISSING,,ACTIVE,1332.26,False,1
MCH8716,MCH8716,"Naik, Chada and Divan",5999,mcc_field,False,Misc Retail,Other,Private Limited,Ludhiana,Punjab,False,2023-01-11 00:00:00,False,VIRTUAL_ACCOUNT,7487,ACTIVE,225.43,False,1
MCH8718,MCH8718,Chaudhari-Bhalla,5812,mcc_field,False,Restaurants,eating place,Individual,Pune,Maharashtra,False,2024-07-23 04:38:30,False,MISSING,,ACTIVE,,False,1
MCH8719,mch8719,Kala LLC,5311,mcc_field,False,Department Stores,Department Store,Individual,Kolkata,West Bengal,False,2025-10-25 00:00:00,False,MISSING,,ACTIVE,2779.32,False,1
MCH8721,MCH8721,Bera-Chhabra,4131,mcc_field,False,Transportation,TRAVEL,Sole Proprietor,Lucknow,Uttar Pradesh,False,2024-08-09 00:00:00,False,MISSING,,ACTIVE,2543.82,False,1
MCH8724,MCH8724,Sethi-Reddy,5411,mcc_field,False,Grocery,kirana,Private Limited,Hyderabad,Telangana,False,2025-04-09 00:00:00,False,ACCOUNT_NUMBER,1664,CLOSED,425.41,False,3
MCH8725,MCH 8725,Gala Group,7011,mcc_field,False,Hotels & Lodging,Hotels,Private Limited,Jaipur,Rajasthan,False,2024-08-14 22:49:00,False,VIRTUAL_ACCOUNT,8002,ACTIVE,7512.0,False,3
MCH8726,MCH8726,Rastogi-Saini,5999,mcc_field,False,Misc Retail,Misc Retail,Partnership,Ludhiana,Punjab,False,,False,ACCOUNT_NUMBER,1324,ACTIVE,4900.29,False,1
MCH8727,MCH 8727,Vig-Mann,5999,mcc_field,False,Misc Retail,Retail Other,Partnership,Delhi,Delhi,False,,False,VIRTUAL_ACCOUNT,8266,ACTIVE,157.65,False,1
MCH8729,MCH8729,"Chowdhury, Krishnamurthy and Parekh",5942,mcc_field,False,Books & Stationery,Stationery,Private Limited,Kolkata,West Bengal,False,2024-02-07 00:00:00,False,ACCOUNT_NUMBER,0917,ACTIVE,870.42,False,1
MCH8730,MCH8730,"Bhasin, Mall and Sarraf",5999,mcc_field,False,Misc Retail,Misc Retail,Private Limited,Jalandhar,Punjab,False,2025-02-13 00:00:00,False,MASKED,3406,ACTIVE,937.7,False,2
MCH8733,MCH8733,"Dhillon, Goel and Dar",4814,mcc_field,False,Telecom,Telecom,Sole Proprietor,Kolkata,West Bengal,False,2024-03-27 19:48:14,False,MASKED,9551,ACTIVE,2966.16,True,1
MCH8734,MCH-8734,"Ganguly, Hayre and Choudhury",4814,mcc_field,False,Telecom,Telecom,Sole Proprietor,Lucknow,Uttar Pradesh,False,2023-05-05 00:00:00,False,ACCOUNT_NUMBER,9044,ACTIVE,4276.72,False,1
MCH8735,MCH8735,"Chhabra, Kunda and Sem",4814,mcc_field,False,Telecom,phone service,Partnership,Jalandhar,Punjab,False,2025-09-18 00:00:00,False,VIRTUAL_ACCOUNT,2658,ACTIVE,1589.68,False,2
MCH8736,MCH8736,Dora-Sachar,5311,mcc_field,False,Department Stores,Department Stores,Private Limited,Mumbai,Maharashtra,False,2024-10-11 13:06:21,False,MASKED,8019,ACTIVE,2228.33,False,2
MCH8741,MCH8741,Swaminathan-Kakar,4814,mcc_field,False,Telecom,TELECOM,Sole Proprietor,Kolkata,West Bengal,False,2024-08-17 15:49:00,False,ACCOUNT_NUMBER,8273,ACTIVE,8897.16,False,2
MCH8744,MCH 8744,Prashad LLC,5942,mcc_field,False,Books & Stationery,Book Store,Individual,Jalandhar,Punjab,False,2025-03-31 16:57:30,False,VIRTUAL_ACCOUNT,7893,ACTIVE,3282.54,False,1
MCH8746,MCH-8746,Kari Inc,5912,mcc_field,False,Pharmacy,MEDICAL_STORE,Partnership,Pune,Maharashtra,False,2024-10-11 07:16:00,False,MASKED,5648,ACTIVE,,False,1
MCH8749,MCH 8749,"Tara, Parmer and Walla",4131,mcc_field,False,Transportation,TRAVEL,Private Limited,Kolkata,West Bengal,False,2025-06-19 00:00:00,False,VIRTUAL_ACCOUNT,2433,CLOSED,584.1,False,1
MCH8750,MCH8750,"Bawa, Chatterjee and Sathe",7011,mcc_field,False,Hotels & Lodging,HOTEL_LODGING,Individual,Ludhiana,Punjab,False,2025-11-30 21:13:53,False,ACCOUNT_NUMBER,2302,ACTIVE,3120.06,False,2
MCH8753,MCH-8753,"Bhandari, Trivedi and Bora",4131,mcc_field,False,Transportation,TRAVEL,Partnership,Hyderabad,Telangana,False,2024-12-27 13:54:54,False,MISSING,,INACTIVE,718.79,False,1
MCH8755,mch8755,"Biswas, Divan and Sachdeva",7011,mcc_field,False,Hotels & Lodging,HOTEL_LODGING,Private Limited,Chennai,Tamil Nadu,False,2025-07-25 09:26:00,False,ACCOUNT_NUMBER,2136,SUSPENDED,2277.32,False,2
MCH8756,8756,Warrior Inc,5699,mcc_field,False,Apparel,Fashion,Private Limited,Jalandhar,Punjab,False,2023-10-04 00:00:00,False,ACCOUNT_NUMBER,8985,ACTIVE,1476.03,False,2
MCH8761,MCH8761,Chokshi LLC,7011,mcc_field,False,Hotels & Lodging,Hospitality,Individual,Hyderabad,Telangana,False,2025-12-01 06:08:00,False,ACCOUNT_NUMBER,2385,ACTIVE,963.43,False,2
MCH8762,MCH8762,Dani-Saha,4131,mcc_field,False,Transportation,Transport,Partnership,Kolkata,West Bengal,False,,False,MISSING,,ACTIVE,778.15,False,1
MCH8765,MCH8765,"Kamdar, Sehgal and Tata",5411,mcc_field,False,Grocery,Grocery,Partnership,Delhi,Delhi,False,2025-01-06 00:00:00,False,MASKED,8883,ACTIVE,4863.17,False,1
MCH8766,MCH 8766,Shanker Ltd,5912,mcc_field,False,Pharmacy,MEDICAL_STORE,Sole Proprietor,Chennai,Tamil Nadu,False,2025-07-02 00:00:00,False,VIRTUAL_ACCOUNT,2464,ACTIVE,801.0,False,1
MCH8767,mch8767,Golla Group,5699,mcc_field,False,Apparel,garments,Sole Proprietor,Hyderabad,Telangana,False,2023-11-05 00:00:00,False,MISSING,,ACTIVE,397.99,False,1
MCH8768,mch8768,"Rout, Dixit and Malhotra",7011,mcc_field,False,Hotels & Lodging,Hotel,Private Limited,Jalandhar,Punjab,False,2024-06-05 00:00:00,False,MISSING,,INACTIVE,556.74,False,3
MCH8769,MCH8769,Dara-Keer,5912,mcc_field,False,Pharmacy,Pharmacies,Private Limited,Jaipur,Rajasthan,False,2024-12-29 11:46:00,False,MISSING,,ACTIVE,637.83,False,1
MCH8770,MCH8770,Mani-Mutti,5999,mcc_field,False,Misc Retail,Other,Sole Proprietor,Delhi,Delhi,False,2023-04-07 00:00:00,False,MASKED,8061,ACTIVE,379.0,False,1
MCH8775,mch8775,Bakshi-Shah,5699,mcc_field,False,Apparel,Apparel,Partnership,Delhi,Delhi,False,2025-07-09 07:17:12,False,MISSING,,ACTIVE,480.13,False,1
MCH8777,MCH8777,Kibe Plc,7011,mcc_field,False,Hotels & Lodging,Hotel,Partnership,Mumbai,Maharashtra,False,2023-06-16 00:00:00,False,ACCOUNT_NUMBER,6956,INACTIVE,1945.67,False,1
MCH8779,MCH-8779,Tak-Wali,5812,mcc_field,False,Restaurants,Restaurants,Individual,Bengaluru,Karnataka,False,2024-01-24 00:00:00,False,ACCOUNT_NUMBER,6424,ACTIVE,206.0,False,1
MCH8781,MCH8781,Gade Plc,5912,mcc_field,False,Pharmacy,chemist,Private Limited,Mumbai,Maharashtra,False,2023-02-27 16:50:53,False,MISSING,,ACTIVE,714.3,False,1
MCH8782,MCH8782,Swamy-Khurana,5699,mcc_field,False,Apparel,garments,Sole Proprietor,Amritsar,Punjab,False,2025-04-29 00:00:00,False,MISSING,,ACTIVE,1314.55,False,1
MCH8784,MCH8784,"Iyengar, Savant and Sehgal",4131,mcc_field,False,Transportation,transprt,Private Limited,Mumbai,Maharashtra,False,2024-01-12 00:00:00,False,MISSING,,ACTIVE,575.0,False,1
MCH8789,8789,"Pingle,nadigand Narula",5812,mcc_field,False,Restaurants,FOOD_SERVICES,Individual,Ludhiana,Punjab,False,2025-02-07 00:00:00,False,ACCOUNT_NUMBER,4177,ACTIVE,1463.08,True,1
MCH8790,MCH8790,Thaman-Singh,5912,mcc_field,False,Pharmacy,chemist,Individual,Kolkata,West Bengal,False,2024-02-04 00:00:00,False,MISSING,,ACTIVE,,False,1
MCH8792,MCH8792,Nagar LLC,5411,mcc_field,False,Grocery,GROCERY_STORE,Sole Proprietor,Jaipur,Rajasthan,False,2025-01-22 21:40:00,False,ACCOUNT_NUMBER,7012,ACTIVE,,False,2
MCH8794,mch8794,Mani-Zachariah,5411,mcc_field,False,Grocery,Grocery,Partnership,Bengaluru,Karnataka,False,2026-01-04 01:33:25,False,VIRTUAL_ACCOUNT,8493,INACTIVE,6393.53,False,2
MCH8795,MCH-8795,Basak-Bhavsar,5942,mcc_field,False,Books & Stationery,BOOKS_STATIONERY,Sole Proprietor,Jaipur,Rajasthan,False,2024-03-15 00:00:00,False,MASKED,0185,INACTIVE,243.16,False,1
MCH8798,MCH8798,Chowdhury-Sule,5311,mcc_field,False,Department Stores,DEPT_STORE,Individual,Jalandhar,Punjab,False,2024-12-28 02:38:26,False,VIRTUAL_ACCOUNT,7155,ACTIVE,207.92,False,2
MCH8799,mch8799,"Dada, Ramaswamy and Dugal",5942,mcc_field,False,Books & Stationery,Books,Private Limited,Hyderabad,Telangana,False,2023-04-09 00:00:00,False,VIRTUAL_ACCOUNT,9201,SUSPENDED,2080.34,False,2
MCH8801,MCH8801,Bedi Inc,5912,mcc_field,False,Pharmacy,Pharmacy,Sole Proprietor,Lucknow,Uttar Pradesh,False,2024-08-11 00:00:00,False,MASKED,1264,ACTIVE,3479.49,False,1
MCH8805,MCH-8805,Bose Inc,5699,mcc_field,False,Apparel,CLOTHS,Individual,Ludhiana,Punjab,False,2024-07-10 00:00:00,False,MISSING,,ACTIVE,6022.98,False,1
MCH8808,MCH8808,"Kothari, Bansal and Gupta",5942,inferred_from_category,False,Books & Stationery,Stationery,Individual,Bengaluru,Karnataka,False,2025-09-19 01:30:00,False,ACCOUNT_NUMBER,4892,ACTIVE,380.0,False,1
MCH8809,MCH 8809,Narasimhan-Sem,4814,inferred_from_category,False,Telecom,Mobile Recharge,Individual,Jalandhar,Punjab,False,2023-02-05 00:00:00,False,MISSING,,INACTIVE,2118.31,False,2
MCH8811,MCH8811,Bobal LLC,5999,mcc_field,False,Misc Retail,Other,Partnership,Hyderabad,Telangana,False,2023-12-18 00:00:00,False,ACCOUNT_NUMBER,2126,ACTIVE,1645.76,False,1
MCH8813,MCH8813,Dey-Dua,5812,mcc_field,False,Restaurants,Food,Partnership,Hyderabad,Telangana,False,2023-11-10 00:00:00,False,ACCOUNT_NUMBER,2372,ACTIVE,1432.39,False,1
MCH8817,8817,Sawhney Ltd,7011,mcc_field,False,Hotels & Lodging,HOTEL_LODGING,Individual,Pune,Maharashtra,False,,False,MISSING,,INACTIVE,495.07,False,1
MCH8819,MCH8819,Acharya Inc,5912,mcc_field,False,Pharmacy,MEDICAL_STORE,Private Limited,Ludhiana,Punjab,False,2024-02-27 00:00:00,False,MASKED,4379,ACTIVE,2075.22,False,1
MCH8820,MCH8820,Mistry Group,5812,mcc_field,False,Restaurants,Restaurant,Partnership,Kolkata,West Bengal,False,2025-10-19 00:00:00,False,VIRTUAL_ACCOUNT,9973,ACTIVE,1132.45,False,2
MCH8821,MCH8821,Mukhopadhyay-Cherian,5812,mcc_field,False,Restaurants,Restaurants,Sole Proprietor,Jalandhar,Punjab,False,2023-11-26 00:00:00,False,ACCOUNT_NUMBER,4167,ACTIVE,703.03,False,1
MCH8823,MCH 8823,Subramanian Inc,5699,mcc_field,False,Apparel,Clothing,Partnership,Mumbai,Maharashtra,False,2024-01-31 00:00:00,False,MASKED,6614,SUSPENDED,523.43,False,1
MCH8824,MCH8824,Mani Plc,5999,mcc_field,False,Misc Retail,Other,Individual,Hyderabad,Telangana,False,2024-02-22 00:00:00,False,ACCOUNT_NUMBER,3496,ACTIVE,1314.9,False,1
MCH8825,MCH 8825,"Mandal, Chaudhari and Savant",5699,mcc_field,False,Apparel,garments,Individual,Jalandhar,Punjab,False,2025-07-27 00:00:00,False,ACCOUNT_NUMBER,2789,ACTIVE,1817.3,False,1
MCH8826,MCH 8826,Mallick-Dasgupta,5311,mcc_field,False,Department Stores,DEPT_STORE,Private Limited,Jalandhar,Punjab,False,2023-02-09 07:13:10,False,ACCOUNT_NUMBER,8031,ACTIVE,1719.24,False,1
MCH8828,MCH 8828,Ranganathan and Sons,4131,mcc_field,False,Transportation,TRAVEL,Individual,Amritsar,Punjab,False,2026-01-02 04:46:18,False,MISSING,,ACTIVE,,False,1
MCH8832,MCH8832,"Korpal, Dugar and Grover",5411,mcc_field,False,Grocery,kirana,Individual,Ludhiana,Punjab,False,2025-10-27 07:47:00,False,MASKED,3528,ACTIVE,2140.7,False,4
MCH8835,MCH8835,"Natarajan, Hegde and Varughese",5999,mcc_field,False,Misc Retail,Retail Other,Sole Proprietor,Mumbai,Maharashtra,False,2025-04-08 15:21:00,False,VIRTUAL_ACCOUNT,5039,ACTIVE,523.96,False,1
MCH8837,8837,Tata-Rajagopal,5411,mcc_field,False,Grocery,Grocery,Partnership,Ludhiana,Punjab,False,2023-09-03 00:00:00,False,MISSING,,SUSPENDED,2586.19,False,1
MCH8838,MCH8838,"Kala, Sidhu and Kuruvilla",5912,mcc_field,False,Pharmacy,Pharmacy,Partnership,Chennai,Tamil Nadu,False,2023-02-11 00:00:00,False,MISSING,,INACTIVE,593.62,False,1
MCH8840,MCH8840,Chatterjee and Sons,5311,mcc_field,False,Department Stores,Retail,Individual,Pune,Maharashtra,False,2024-09-26 02:57:00,False,MISSING,,ACTIVE,1208.62,False,1
MCH8842,MCH8842,"Bala, Pillai and Kala",5999,mcc_field,False,Misc Retail,Other,Partnership,Amritsar,Punjab,False,2023-04-23 00:00:00,False,MASKED,1658,SUSPENDED,,False,1
MCH8844,MCH8844,"Lad, Walia and Raj",5912,mcc_field,False,Pharmacy,chemist,Individual,Ludhiana,Punjab,False,2025-11-26 00:00:00,False,ACCOUNT_NUMBER,9266,ACTIVE,,False,2
MCH8845,MCH8845,Varkey-Jha,5999,inferred_from_category,False,Misc Retail,other,Partnership,Kolkata,West Bengal,False,2024-03-01 05:26:00,False,MISSING,,ACTIVE,5630.04,False,2
MCH8850,8850,"Sachdev, Nayar and Arora",5411,mcc_field,False,Grocery,Grocery,Partnership,Ludhiana,Punjab,False,2025-04-07 03:43:08,False,MISSING,,SUSPENDED,,False,1
MCH8851,MCH8851,"Kanda, Kohli and Thaman",5812,mcc_field,False,Restaurants,Restaurant,Sole Proprietor,Jalandhar,Punjab,False,,False,MISSING,,BLOCKED,5573.07,False,1
MCH8852,MCH8852,Bali-Hora,5912,inferred_from_category,False,Pharmacy,Pharmacies,Individual,Delhi,Delhi,False,2024-07-09 00:00:00,False,MISSING,,ACTIVE,2821.74,False,1
MCH8854,MCH 8854,Kohli-Aurora,4131,mcc_field,False,Transportation,Bus/Taxi,Private Limited,Chennai,Tamil Nadu,False,2023-12-04 00:00:00,False,MASKED,8113,ACTIVE,429.48,True,2
MCH8855,8855,"Rau, Dua and Nadkarni",5411,mcc_field,False,Grocery,groceries,Private Limited,Ludhiana,Punjab,False,2025-06-06 02:15:00,False,ACCOUNT_NUMBER,4472,ACTIVE,2893.79,False,1
MCH8861,MCH8861,Prashad and Sons,5999,mcc_field,False,Misc Retail,Retail Other,Individual,Chennai,Tamil Nadu,False,,False,MASKED,5366,ACTIVE,,False,1
MCH8863,MCH8863,Sastry Plc,4814,mcc_field,False,Telecom,TELECOM,Individual,Pune,Maharashtra,False,2024-03-08 00:00:00,False,MISSING,,ACTIVE,,False,1
MCH8864,MCH8864,Lala-Ben,5912,mcc_field,False,Pharmacy,Pharmacies,Individual,Ludhiana,Punjab,False,2025-12-28 05:23:00,False,MISSING,,ACTIVE,869.2,False,1
MCH8865,MCH8865,Wali-Yogi,5942,mcc_field,False,Books & Stationery,Book Store,Partnership,Pune,Maharashtra,False,,False,VIRTUAL_ACCOUNT,7565,ACTIVE,1783.0,False,1
MCH8869,mch8869,Tella-Roy,5912,mcc_field,False,Pharmacy,MEDICAL_STORE,Sole Proprietor,Ludhiana,Punjab,False,2025-05-17 00:00:00,False,ACCOUNT_NUMBER,1975,ACTIVE,618.72,False,1
MCH8870,MCH8870,Solanki-Cherian,4131,mcc_field,False,Transportation,Transportation,Partnership,Kolkata,West Bengal,False,2025-07-04 00:00:00,False,VIRTUAL_ACCOUNT,5015,ACTIVE,1597.0,False,2
MCH8873,MCH8873,"Pathak, Bath and Kant",4131,mcc_field,False,Transportation,transprt,Partnership,Pune,Maharashtra,False,2025-06-11 00:00:00,False,MISSING,,ACTIVE,2212.3,False,1
MCH8876,MCH8876,Narayanan and Sons,5942,mcc_field,False,Books & Stationery,Stationery,Individual,Bengaluru,Karnataka,False,2025-12-10 00:00:00,False,MASKED,5207,INACTIVE,2065.28,False,3
MCH8878,MCH8878,Kashyap-Behl,7011,mcc_field,False,Hotels & Lodging,Hotels,Sole Proprietor,Kolkata,West Bengal,False,2023-07-21 00:00:00,False,MISSING,,ACTIVE,228.35,False,1
MCH8879,MCH8879,Raju and Sons,5912,inferred_from_category,False,Pharmacy,MEDICAL_STORE,Sole Proprietor,Lucknow,Uttar Pradesh,False,2023-08-30 05:18:50,False,MISSING,,ACTIVE,906.0,False,1
MCH8880,MCH-8880,Bava Group,7011,inferred_from_category,False,Hotels & Lodging,HOTEL_LODGING,Sole Proprietor,Bengaluru,Karnataka,False,2025-01-12 16:40:00,False,MISSING,,INACTIVE,3216.0,False,2
MCH8884,MCH8884,"Dubey, Srinivasan and Pillai",5942,inferred_from_category,False,Books & Stationery,Stationery,Sole Proprietor,Chennai,Tamil Nadu,False,2023-07-03 00:00:00,False,MISSING,,ACTIVE,,False,1
MCH8885,MCH8885,"Dhawan,devanand Chokshi",5699,mcc_field,False,Apparel,Fashion,Individual,Delhi,Delhi,False,2025-09-12 04:35:13,False,MISSING,,ACTIVE,,False,1
MCH8889,8889,"Mahal, Edwin and Dasgupta",5699,mcc_field,False,Apparel,garments,Sole Proprietor,Pune,Maharashtra,False,2023-03-26 00:00:00,False,MISSING,,SUSPENDED,1329.62,True,1
MCH8890,MCH8890,Halder Inc,7011,mcc_field,False,Hotels & Lodging,Hotels,Private Limited,Lucknow,Uttar Pradesh,False,2026-01-15 00:00:00,False,MASKED,3843,BLOCKED,2352.14,False,3
MCH8891,MCH8891,"Natt,maneand Pau",4814,inferred_from_category,False,Telecom,Telecom,Private Limited,Mumbai,Maharashtra,False,2025-03-13 09:17:17,False,ACCOUNT_NUMBER,7130,ACTIVE,1140.0,False,1
MCH8893,MCH8893,Anand-Dada,5411,mcc_field,False,Grocery,kirana,Private Limited,Delhi,Delhi,False,2023-02-15 00:00:00,False,MISSING,,ACTIVE,598.72,False,1
MCH8895,mch8895,Chakraborty-Apte,7011,mcc_field,False,Hotels & Lodging,Hotels,Sole Proprietor,Jalandhar,Punjab,False,2023-05-04 01:45:30,False,ACCOUNT_NUMBER,4276,ACTIVE,2412.11,False,1
MCH8896,MCH8896,"Luthra, Kata and Bansal",5812,mcc_field,False,Restaurants,FOOD_SERVICES,Private Limited,Jaipur,Rajasthan,False,2025-09-18 00:00:00,False,MISSING,,ACTIVE,,False,3
MCH8899,MCH8899,Bedi and Sons,5699,mcc_field,False,Apparel,garments,Private Limited,Kolkata,West Bengal,False,2025-02-25 00:00:00,False,MASKED,6442,SUSPENDED,,False,1
MCH8900,8900,Nadkarni-Khare,5812,mcc_field,False,Restaurants,Food,Individual,Lucknow,Uttar Pradesh,False,2025-06-11 00:00:00,False,VIRTUAL_ACCOUNT,8698,CLOSED,1349.0,False,2
MCH8901,MCH8901,Narasimhan and Sons,4814,mcc_field,False,Telecom,Mobile Recharge,Private Limited,Amritsar,Punjab,False,2024-01-04 05:23:00,False,ACCOUNT_NUMBER,2904,ACTIVE,772.61,False,2
MCH8902,MCH8902,Sabharwal Ltd,5411,mcc_field,False,Grocery,kirana,Sole Proprietor,Amritsar,Punjab,False,2024-12-27 00:00:00,False,ACCOUNT_NUMBER,6574,ACTIVE,270.57,True,1
MCH8903,MCH8903,Keer-Sagar,5411,mcc_field,False,Grocery,kirana,Partnership,Lucknow,Uttar Pradesh,False,2024-09-16 00:00:00,False,MISSING,,ACTIVE,841.61,False,1
MCH8909,MCH8909,"Palan, Wali and Wagle",5999,mcc_field,False,Misc Retail,Other,Individual,Delhi,Delhi,False,,False,VIRTUAL_ACCOUNT,8931,ACTIVE,1366.3,False,1
MCH8910,MCH8910,Varkey Group,5912,mcc_field,False,Pharmacy,Pharmacies,Individual,Ludhiana,Punjab,False,2025-02-07 02:32:41,False,MASKED,9985,ACTIVE,9929.86,False,3
MCH8911,mch8911,Bava LLC,5942,mcc_field,False,Books & Stationery,Books,Sole Proprietor,Hyderabad,Telangana,False,2025-06-14 08:41:00,False,MISSING,,ACTIVE,3342.77,False,1
MCH8912,MCH8912,Nagar Plc,5942,mcc_field,False,Books & Stationery,Stationery,Private Limited,Mumbai,Maharashtra,False,2024-02-17 00:00:00,False,MISSING,,ACTIVE,196.56,False,3
MCH8915,MCH8915,"Chadha, Patil and Bose",4131,mcc_field,False,Transportation,transprt,Sole Proprietor,Jaipur,Rajasthan,False,2025-10-19 00:00:00,False,MISSING,,ACTIVE,775.66,True,2
MCH8918,MCH8918,Solanki and Sons,5699,inferred_from_category,False,Apparel,garments,Private Limited,Bengaluru,Karnataka,False,2025-05-17 00:00:00,False,VIRTUAL_ACCOUNT,0760,ACTIVE,,False,1
MCH8919,MCH8919,Parmar Ltd,4131,inferred_from_category,False,Transportation,Transport,Private Limited,Bengaluru,Karnataka,False,2023-12-24 00:00:00,False,MISSING,,ACTIVE,2228.63,False,1
MCH8920,MCH8920,"Parekh, Srivastava and Choudhury",5311,mcc_field,False,Department Stores,Department Store,Private Limited,Delhi,Delhi,False,2023-12-15 00:00:00,False,MASKED,5523,ACTIVE,19788.99,False,1
MCH8921,mch8921,"Palla, Kanda and Kohli",5411,mcc_field,False,Grocery,Grocery Stores,Individual,Jaipur,Rajasthan,False,2023-04-01 00:00:00,False,MISSING,,INACTIVE,1560.65,False,1
MCH8923,MCH8923,Choudhury Group,5912,mcc_field,False,Pharmacy,Pharmacy,Individual,Jaipur,Rajasthan,False,2024-06-12 00:00:00,False,VIRTUAL_ACCOUNT,6185,INACTIVE,2880.15,False,2
MCH8926,MCH8926,Ramesh-Mukhopadhyay,5912,mcc_field,False,Pharmacy,Medical,Sole Proprietor,Delhi,Delhi,False,2024-01-16 00:00:00,False,ACCOUNT_NUMBER,8940,ACTIVE,5318.08,False,2
MCH8927,MCH8927,Raj-Kala,5999,mcc_field,False,Misc Retail,Other,Individual,Delhi,Delhi,False,2024-04-22 22:45:00,False,MASKED,1023,ACTIVE,261.67,False,1
MCH8928,MCH8928,Deo Plc,4131,mcc_field,False,Transportation,Transport,Partnership,Chennai,Tamil Nadu,False,2024-10-18 05:30:00,False,MASKED,5889,ACTIVE,1547.93,False,2
MCH8929,MCH8929,Nagi-Bala,5311,mcc_field,False,Department Stores,Department Stores,Sole Proprietor,Kolkata,West Bengal,False,2024-12-17 17:24:00,False,MASKED,2967,ACTIVE,232.0,False,2
MCH8931,MCH8931,Ramaswamy-Bhasin,5812,mcc_field,False,Restaurants,FOOD_SERVICES,Partnership,Hyderabad,Telangana,False,2024-05-23 00:00:00,False,MISSING,,INACTIVE,1406.0,False,2
MCH8932,MCH 8932,"Venkatesh, Nayak and Ravel",5999,inferred_from_category,False,Misc Retail,Other,Private Limited,Lucknow,Uttar Pradesh,False,2023-01-01 00:00:00,False,VIRTUAL_ACCOUNT,0298,ACTIVE,1585.03,False,1
MCH8933,MCH8933,Magar Inc,7011,mcc_field,False,Hotels & Lodging,Hotel,Sole Proprietor,Lucknow,Uttar Pradesh,False,2025-03-08 00:00:00,False,MASKED,1861,ACTIVE,1568.46,False,2
MCH8934,MCH 8934,Dubey and Sons,5411,mcc_field,False,Grocery,groceries,Sole Proprietor,Bengaluru,Karnataka,False,2025-09-12 05:11:51,False,MISSING,,INACTIVE,1359.0,False,2
MCH8935,MCH-8935,Tella-Bawa,4131,mcc_field,False,Transportation,Bus/Taxi,Individual,Jaipur,Rajasthan,False,2024-01-13 15:35:49,False,VIRTUAL_ACCOUNT,5076,ACTIVE,997.56,False,1
MCH8937,MCH8937,"Mand, Bhatt and Pathak",7011,mcc_field,False,Hotels & Lodging,Hotels,Individual,Amritsar,Punjab,False,2023-06-10 00:00:00,False,VIRTUAL_ACCOUNT,2215,ACTIVE,2746.33,False,1
MCH8939,MCH 8939,"Dhawan, Kamdar and Dalal",5812,mcc_field,False,Restaurants,Restaurants,Individual,Bengaluru,Karnataka,False,2023-01-06 17:37:02,False,ACCOUNT_NUMBER,2113,ACTIVE,729.0,False,1
MCH8941,MCH8941,Mutti-Sharaf,7011,mcc_field,False,Hotels & Lodging,Hospitality,Sole Proprietor,Bengaluru,Karnataka,False,2025-01-26 19:23:00,False,MISSING,,ACTIVE,153.27,False,2
MCH8943,MCH8943,Bassi-Dhingra,5942,mcc_field,False,Books & Stationery,Book Store,Private Limited,Chennai,Tamil Nadu,False,2024-09-09 00:49:00,False,MISSING,,ACTIVE,774.62,False,1
MCH8944,MCH8944,"Zachariah, Ratta and Contractor",5311,mcc_field,False,Department Stores,Department Stores,Private Limited,Hyderabad,Telangana,False,2024-07-16 13:53:35,False,ACCOUNT_NUMBER,4901,ACTIVE,2179.0,False,1
MCH8945,MCH 8945,"Sankar, Swamy and Char",5411,mcc_field,False,Grocery,groceries,Sole Proprietor,Kolkata,West Bengal,False,2026-02-26 00:00:00,False,MASKED,4564,ACTIVE,1329.0,False,3
MCH8949,mch8949,"Srinivasan,saxenaand Kant",5942,mcc_field,False,Books & Stationery,Books,Private Limited,Bengaluru,Karnataka,False,,False,MASKED,6857,INACTIVE,1726.82,False,1
MCH8950,MCH8950,Handa Inc,4131,mcc_field,False,Transportation,TRAVEL,Partnership,Mumbai,Maharashtra,False,2024-07-31 11:02:32,False,MASKED,9807,ACTIVE,3860.38,False,1
MCH8951,mch8951,Golla-Venkataraman,4814,mcc_field,False,Telecom,phone service,Individual,Mumbai,Maharashtra,False,2023-09-02 00:00:00,False,ACCOUNT_NUMBER,8004,ACTIVE,436.83,False,1
MCH8952,MCH-8952,"Varghese, Korpal and Dora",5912,mcc_field,False,Pharmacy,Medical,Sole Proprietor,Chennai,Tamil Nadu,False,2024-08-10 00:00:00,False,MISSING,,ACTIVE,987.96,False,1
MCH8953,MCH8953,Narayan-Uppal,5912,mcc_field,False,Pharmacy,Pharmacy,Private Limited,Ludhiana,Punjab,False,2025-06-28 10:02:00,False,VIRTUAL_ACCOUNT,8384,ACTIVE,2726.98,False,3
MCH8955,MCH8955,Sani LLC,7011,mcc_field,False,Hotels & Lodging,Hotel,Private Limited,Chennai,Tamil Nadu,False,2023-09-26 00:00:00,False,VIRTUAL_ACCOUNT,2430,ACTIVE,1833.73,True,2
MCH8957,8957,Madan-Kothari,5699,mcc_field,False,Apparel,Apparel,Sole Proprietor,Ludhiana,Punjab,False,,False,MASKED,2329,ACTIVE,934.34,False,2
MCH8958,MCH8958,Verma-Biswas,5699,mcc_field,False,Apparel,CLOTHS,Partnership,Amritsar,Punjab,False,2023-03-06 14:48:00,False,MISSING,,ACTIVE,7196.61,False,1
MCH8963,MCH8963,"Aggarwal,nagiand Borde",5411,mcc_field,False,Grocery,groceries,Sole Proprietor,Ludhiana,Punjab,False,2024-08-01 17:56:00,False,VIRTUAL_ACCOUNT,8826,ACTIVE,474.91,False,1
MCH8965,MCH8965,Lal and Sons,5942,inferred_from_category,False,Books & Stationery,Books,Sole Proprietor,Chennai,Tamil Nadu,False,2025-09-07 00:00:00,False,MISSING,,ACTIVE,,False,2
MCH8966,MCH8966,Talwar Plc,5999,mcc_field,False,Misc Retail,Retail Other,Sole Proprietor,Chennai,Tamil Nadu,False,2023-07-23 00:00:00,False,VIRTUAL_ACCOUNT,6452,ACTIVE,432.95,False,1
MCH8967,MCH8967,"Kakar, Mandal and Sehgal",4814,mcc_field,False,Telecom,TELECOM,Private Limited,Delhi,Delhi,False,2024-01-26 00:00:00,False,MASKED,8902,ACTIVE,3964.67,True,2
MCH8968,MCH8968,"Majumdar, Setty and Sahni",5812,mcc_field,False,Restaurants,Restaurant,Private Limited,Amritsar,Punjab,False,2026-02-23 13:01:00,False,MISSING,,INACTIVE,477.9,False,3
MCH8972,MCH8972,Vig Inc,5411,mcc_field,False,Grocery,Grocery Stores,Partnership,Kolkata,West Bengal,False,2024-08-17 00:00:00,False,MISSING,,ACTIVE,835.08,False,1
MCH8974,MCH 8974,"Shukla, Gaba and Sani",5912,mcc_field,False,Pharmacy,Pharmacy,Sole Proprietor,Delhi,Delhi,False,2026-02-15 00:00:00,False,VIRTUAL_ACCOUNT,6249,ACTIVE,438.78,False,2
MCH8975,MCH 8975,"Shanker, Kothari and Balasubramanian",4814,mcc_field,False,Telecom,TELECOM,Individual,Mumbai,Maharashtra,False,2025-10-24 08:14:24,False,MISSING,,ACTIVE,1231.77,True,1
MCH8976,MCH8976,Prakash Plc,5699,mcc_field,False,Apparel,garments,Sole Proprietor,Jalandhar,Punjab,False,2023-02-15 00:00:00,False,VIRTUAL_ACCOUNT,7167,SUSPENDED,1358.57,False,1
MCH8978,MCH-8978,Talwarand Sons,5942,mcc_field,False,Books & Stationery,Stationery,Sole Proprietor,Mumbai,Maharashtra,False,2023-05-23 00:00:00,False,MISSING,,ACTIVE,4704.55,False,1
MCH8980,MCH8980,"Peri, Karpe and Saraf",5699,inferred_from_category,False,Apparel,garments,Sole Proprietor,Jalandhar,Punjab,False,2024-10-24 00:00:00,False,MASKED,9158,ACTIVE,277.5,False,2
MCH8981,MCH8981,Tara-Sinha,5999,mcc_field,False,Misc Retail,Retail Other,Individual,Bengaluru,Karnataka,False,2025-10-02 00:00:00,False,ACCOUNT_NUMBER,2903,ACTIVE,3617.0,False,1
MCH8982,MCH8982,Deo-Nath,5812,mcc_field,False,Restaurants,FOOD_SERVICES,Private Limited,Amritsar,Punjab,False,2023-07-18 09:15:26,False,MISSING,,ACTIVE,1840.43,False,1
MCH8984,MCH8984,Sharma Group,5812,mcc_field,False,Restaurants,Food,Private Limited,Ludhiana,Punjab,False,2023-06-21 00:00:00,False,MISSING,,ACTIVE,590.58,False,1
MCH8987,MCH8987,Mander LLC,5942,mcc_field,False,Books & Stationery,Stationery,Private Limited,Pune,Maharashtra,False,2024-02-02 00:00:00,False,ACCOUNT_NUMBER,1556,ACTIVE,881.75,False,1
MCH8988,MCH8988,"Ratti, Rattan and Menon",5942,mcc_field,False,Books & Stationery,Stationery,Private Limited,Chennai,Tamil Nadu,False,2026-02-21 19:46:26,False,MASKED,5339,ACTIVE,1897.88,False,1
MCH8990,MCH8990,Konda-Comar,4131,mcc_field,False,Transportation,Transport,Private Limited,Bengaluru,Karnataka,False,2023-05-12 14:14:04,False,MISSING,,ACTIVE,273.69,False,1
MCH8994,mch8994,Shukla-Manne,4814,inferred_from_category,False,Telecom,Telecom,Partnership,Kolkata,West Bengal,False,2025-11-22 15:26:14,False,VIRTUAL_ACCOUNT,3303,ACTIVE,2951.22,False,1
MCH8995,MCH8995,Mahajan Group,5999,mcc_field,False,Misc Retail,Retail Other,Partnership,Jalandhar,Punjab,False,2023-09-12 00:00:00,False,MASKED,2606,ACTIVE,2967.0,False,1
MCH8996,MCH8996,Bala-Bhalla,5999,inferred_from_category,False,Misc Retail,Other,Private Limited,Lucknow,Uttar Pradesh,False,2025-08-18 00:00:00,False,MISSING,,ACTIVE,1146.92,False,1
MCH8999,MCH-8999,"Borde, Reddy and Mital",4131,mcc_field,False,Transportation,transprt,Sole Proprietor,Jalandhar,Punjab,False,2024-06-30 00:00:00,False,VIRTUAL_ACCOUNT,5712,ACTIVE,561.7,True,3
MCH9001,mch9001,Sangha-Ravi,5912,mcc_field,False,Pharmacy,Pharmacy,Individual,Bengaluru,Karnataka,False,2024-10-17 00:00:00,False,MISSING,,ACTIVE,242.09,False,2
MCH9002,MCH-9002,Manne Ltd,5311,inferred_from_category,False,Department Stores,Department Store,Partnership,Amritsar,Punjab,False,2023-04-11 00:00:00,False,MASKED,2471,ACTIVE,2336.66,False,1
MCH9004,MCH9004,Vaidya-Subramanian,5912,inferred_from_category,False,Pharmacy,chemist,Private Limited,Ludhiana,Punjab,False,2025-03-08 19:05:00,False,VIRTUAL_ACCOUNT,0005,SUSPENDED,1239.93,True,3
MCH9006,MCH9006,Chopra-Sandhu,5699,mcc_field,False,Apparel,garments,Partnership,Lucknow,Uttar Pradesh,False,2024-04-03 00:00:00,False,MASKED,5629,ACTIVE,1365.03,False,1
MCH9008,MCH-9008,"Gour, Amble and Bakshi",5411,mcc_field,False,Grocery,Grocery Stores,Sole Proprietor,Amritsar,Punjab,False,2024-12-18 18:50:53,False,VIRTUAL_ACCOUNT,6873,ACTIVE,1167.35,False,1
MCH9009,MCH 9009,"Singhal, Patil and Brar",5311,mcc_field,False,Department Stores,Retail,Private Limited,Jalandhar,Punjab,False,2026-02-20 19:57:40,False,ACCOUNT_NUMBER,1036,INACTIVE,1016.03,False,2
MCH9012,9012,"Goel, Devan and Grover",5411,mcc_field,False,Grocery,GROCERY_STORE,Sole Proprietor,Amritsar,Punjab,False,2025-09-16 06:09:00,False,ACCOUNT_NUMBER,8417,INACTIVE,603.58,False,3
MCH9014,MCH9014,Konda-Ram,4814,mcc_field,False,Telecom,TELECOM,Sole Proprietor,Ludhiana,Punjab,False,2025-08-15 00:00:00,False,MISSING,,ACTIVE,485.94,False,1
MCH9015,MCH9015,Prashad Inc,5812,mcc_field,False,Restaurants,Restaurants,Sole Proprietor,Chennai,Tamil Nadu,False,2025-08-05 00:00:00,False,VIRTUAL_ACCOUNT,4666,ACTIVE,787.45,False,1
MCH9016,mch9016,Upadhyay-Sethi,4814,mcc_field,False,Telecom,TELECOM,Partnership,Mumbai,Maharashtra,False,2025-07-27 08:59:26,False,MASKED,7823,ACTIVE,764.46,False,1
MCH9018,9018,Zacharia and Sons,5942,mcc_field,False,Books & Stationery,Stationery,Individual,Bengaluru,Karnataka,False,2024-03-06 00:00:00,False,MISSING,,ACTIVE,594.92,False,2
MCH9021,MCH 9021,Dubey Plc,4814,mcc_field,False,Telecom,TELECOM,Private Limited,Jaipur,Rajasthan,False,2023-10-03 00:00:00,False,VIRTUAL_ACCOUNT,4205,INACTIVE,214.99,False,2
MCH9022,MCH-9022,"Kunda,dugarand Kari",5699,mcc_field,False,Apparel,garments,Individual,Amritsar,Punjab,False,2026-01-24 00:00:00,False,MISSING,,ACTIVE,1439.0,False,1
MCH9027,MCH9027,"Dani, Soni and Nagy",7011,mcc_field,False,Hotels & Lodging,Hotels,Partnership,Jalandhar,Punjab,False,2023-10-26 00:00:00,False,MASKED,0115,ACTIVE,905.68,True,1
MCH9029,mch9029,Hayre and Sons,5311,mcc_field,False,Department Stores,Retail,Individual,Amritsar,Punjab,False,2025-11-19 00:00:00,False,MISSING,,ACTIVE,,False,1
MCH9032,MCH 9032,Johal-Vaidya,5311,mcc_field,False,Department Stores,DEPT_STORE,Partnership,Mumbai,Maharashtra,False,2023-06-07 06:53:00,False,MISSING,,ACTIVE,821.89,False,1
MCH9035,MCH9035,Merchant Plc,5411,mcc_field,False,Grocery,Grocery Stores,Private Limited,Jaipur,Rajasthan,False,2023-02-04 00:00:00,False,VIRTUAL_ACCOUNT,9773,ACTIVE,1280.34,True,1
MCH9036,MCH-9036,Banerjee-Shenoy,5912,mcc_field,False,Pharmacy,Pharmacy,Sole Proprietor,Pune,Maharashtra,False,2025-11-19 00:00:00,False,MISSING,,ACTIVE,1613.75,False,2
MCH9037,MCH-9037,Varty-Vaidya,4131,mcc_field,False,Transportation,Transportation,Private Limited,Jalandhar,Punjab,False,2023-04-17 21:34:00,False,MASKED,4749,ACTIVE,2383.02,False,1
MCH9038,MCH9038,Naidu Group,4131,mcc_field,False,Transportation,Transport,Private Limited,Mumbai,Maharashtra,False,2024-12-07 00:00:00,False,MISSING,,ACTIVE,225.16,False,4
MCH9040,MCH9040,Sharma-Dubey,5942,inferred_from_category,False,Books & Stationery,Stationery,Sole Proprietor,Jaipur,Rajasthan,False,2023-06-25 10:52:00,False,MASKED,1697,ACTIVE,573.1,False,1
MCH9041,MCH9041,Kade-Sahota,4131,mcc_field,False,Transportation,transprt,Individual,Pune,Maharashtra,False,,False,ACCOUNT_NUMBER,2107,ACTIVE,2738.21,False,1
MCH9043,MCH9043,Setty and Sons,7011,mcc_field,False,Hotels & Lodging,Hotel,Partnership,Pune,Maharashtra,False,2024-02-10 00:00:00,False,MISSING,,ACTIVE,3323.0,False,1
MCH9045,mch9045,"Kaul, Sethi and Vaidya",4814,mcc_field,False,Telecom,Telecom,Partnership,Bengaluru,Karnataka,False,,False,ACCOUNT_NUMBER,8934,INACTIVE,1488.0,False,1
MCH9048,MCH9048,Kalla Plc,5812,mcc_field,False,Restaurants,Food,Partnership,Jalandhar,Punjab,False,2023-09-18 04:32:57,False,MISSING,,ACTIVE,544.22,False,2
MCH9049,MCH9049,Babu-Bali,5812,mcc_field,False,Restaurants,eating place,Individual,Bengaluru,Karnataka,False,2023-07-02 10:16:00,False,ACCOUNT_NUMBER,7773,ACTIVE,2337.3,False,2
MCH9050,MCH9050,Bali Ltd,4131,mcc_field,False,Transportation,Bus/Taxi,Individual,Jalandhar,Punjab,False,2025-06-01 00:00:00,False,ACCOUNT_NUMBER,4958,SUSPENDED,847.23,False,2
MCH9051,MCH-9051,"Gara, Keer and Padmanabhan",4814,mcc_field,False,Telecom,Telecom,Sole Proprietor,Bengaluru,Karnataka,False,2023-07-16 00:00:00,False,MASKED,6304,ACTIVE,1715.14,False,1
MCH9052,MCH9052,Ramaswamy-Chhabra,5942,inferred_from_category,False,Books & Stationery,BOOKS_STATIONERY,Partnership,Mumbai,Maharashtra,False,2024-11-10 00:00:00,False,MISSING,,ACTIVE,534.11,True,1
MCH9056,MCH9056,"Misra, Kalita and Kapur",5942,mcc_field,False,Books & Stationery,Books,Private Limited,Lucknow,Uttar Pradesh,False,2023-06-17 00:00:00,False,ACCOUNT_NUMBER,2688,ACTIVE,497.59,False,1
MCH9057,MCH-9057,Dayal Ltd,5942,inferred_from_category,False,Books & Stationery,Stationery,Partnership,Jaipur,Rajasthan,False,2024-10-11 00:00:00,False,VIRTUAL_ACCOUNT,4286,ACTIVE,728.46,False,1
MCH9059,MCH9059,Shroff Ltd,5311,mcc_field,False,Department Stores,Department Store,Private Limited,Jalandhar,Punjab,False,2023-07-18 00:00:00,False,MISSING,,ACTIVE,399.71,False,1
MCH9060,MCH9060,"Ramaswamy, Singhal and Deep",5999,mcc_field,False,Misc Retail,Retail Other,Individual,Mumbai,Maharashtra,False,2023-01-01 00:00:00,False,MISSING,,ACTIVE,1011.0,False,1
MCH9063,MCH 9063,"Bhatt, Sabharwal and Devi",5699,mcc_field,False,Apparel,Clothing,Sole Proprietor,Kolkata,West Bengal,False,2023-09-10 00:00:00,False,MASKED,6663,INACTIVE,,False,1
MCH9067,9067,Boase-Sule,5942,mcc_field,False,Books & Stationery,BOOKS_STATIONERY,Individual,Jalandhar,Punjab,False,2025-09-06 00:00:00,False,MISSING,,ACTIVE,1045.82,False,2
MCH9068,mch9068,Halder Plc,5699,mcc_field,False,Apparel,Apparel,Private Limited,Jalandhar,Punjab,False,2023-10-08 00:00:00,False,ACCOUNT_NUMBER,3540,ACTIVE,5193.72,False,2
MCH9070,MCH9070,"Buch, Samra and Tata",5912,mcc_field,False,Pharmacy,Medical,Partnership,Lucknow,Uttar Pradesh,False,2023-11-19 07:02:51,False,ACCOUNT_NUMBER,5311,ACTIVE,5075.53,False,1
MCH9074,MCH9074,Salvi-Tata,7011,mcc_field,False,Hotels & Lodging,Hotels,Partnership,Chennai,Tamil Nadu,False,2025-04-24 00:00:00,False,MASKED,6816,ACTIVE,1227.0,False,2
MCH9075,mch9075,Bhakta Inc,4814,mcc_field,False,Telecom,phone service,Partnership,Delhi,Delhi,False,2023-10-20 00:00:00,False,MISSING,,INACTIVE,1186.46,False,1
MCH9080,MCH9080,Jani and Sons,5699,mcc_field,False,Apparel,Apparel,Partnership,Lucknow,Uttar Pradesh,False,2025-05-13 00:00:00,False,MASKED,8347,SUSPENDED,672.43,False,3
MCH9081,MCH9081,Patil-Hans,4814,mcc_field,False,Telecom,phone service,Individual,Mumbai,Maharashtra,False,2025-06-12 12:49:19,False,ACCOUNT_NUMBER,5116,ACTIVE,,False,1
MCH9082,mch9082,Seshadri Group,5812,mcc_field,False,Restaurants,eating place,Sole Proprietor,Jaipur,Rajasthan,False,2025-11-24 03:08:55,False,MISSING,,ACTIVE,862.0,False,3
MCH9083,MCH9083,"Gera, Varghese and Karpe",5311,mcc_field,False,Department Stores,Department Store,Private Limited,Jaipur,Rajasthan,False,2025-05-19 00:31:00,False,ACCOUNT_NUMBER,5725,ACTIVE,3755.09,False,2
MCH9088,MCH9088,Bhardwaj-Bala,5999,mcc_field,False,Misc Retail,Miscellaneous,Partnership,Chennai,Tamil Nadu,False,2025-06-26 00:00:00,False,VIRTUAL_ACCOUNT,2198,ACTIVE,4130.0,False,2
MCH9091,mch9091,"Dewan, Hayre and Kala",4131,mcc_field,False,Transportation,Transportation,Sole Proprietor,Amritsar,Punjab,False,,False,VIRTUAL_ACCOUNT,6414,CLOSED,4267.28,False,1
MCH9092,MCH9092,Mall-Deshpande,7011,mcc_field,False,Hotels & Lodging,Hospitality,Partnership,Delhi,Delhi,False,2025-12-26 00:00:00,False,VIRTUAL_ACCOUNT,3451,INACTIVE,1485.1,False,2
MCH9094,MCH9094,"Yadav, Zacharia and Dutt",5912,mcc_field,False,Pharmacy,Pharmacy,Sole Proprietor,Ludhiana,Punjab,False,2023-09-24 00:00:00,False,ACCOUNT_NUMBER,0313,SUSPENDED,1081.32,False,1
MCH9095,mch9095,Mital-Reddy,4814,mcc_field,False,Telecom,Mobile Recharge,Partnership,Lucknow,Uttar Pradesh,False,2025-12-07 00:00:00,False,MISSING,,SUSPENDED,1105.17,False,1
MCH9096,MCH9096,"Boase, Swaminathan and Yohannan",5999,mcc_field,False,Misc Retail,Miscellaneous,Individual,Chennai,Tamil Nadu,False,2024-08-04 18:56:27,False,MISSING,,ACTIVE,1547.45,False,2
MCH9098,MCH 9098,Manda and Sons,5812,mcc_field,False,Restaurants,Restaurants,Partnership,Bengaluru,Karnataka,False,2024-03-03 16:14:27,False,MASKED,2826,ACTIVE,870.0,False,2
MCH9100,mch9100,Dey-Bandi,5999,mcc_field,False,Misc Retail,Misc Retail,Sole Proprietor,Mumbai,Maharashtra,False,2023-01-23 11:38:30,False,VIRTUAL_ACCOUNT,4872,ACTIVE,707.08,False,1
MCH9101,MCH-9101,Pal-Ramesh,4131,inferred_from_category,False,Transportation,Transport,Partnership,Pune,Maharashtra,False,2024-05-29 14:48:09,False,MASKED,0762,ACTIVE,1223.0,False,1
MCH9102,mch9102,Sastry-Wali,5942,mcc_field,False,Books & Stationery,BOOKS_STATIONERY,Private Limited,Pune,Maharashtra,False,2025-06-30 04:03:18,False,VIRTUAL_ACCOUNT,5592,ACTIVE,1846.0,False,1
MCH9104,MCH-9104,Goel Plc,5311,mcc_field,False,Department Stores,Department Stores,Private Limited,Bengaluru,Karnataka,False,2025-06-30 21:37:07,False,MISSING,,ACTIVE,2640.29,False,3
MCH9107,mch9107,"Devi, Chhabra and Sharaf",5699,mcc_field,False,Apparel,garments,Sole Proprietor,Pune,Maharashtra,False,2026-02-22 08:24:38,False,ACCOUNT_NUMBER,5997,ACTIVE,637.0,False,2
MCH9109,MCH9109,"Som, Mittal and Wable",5699,mcc_field,False,Apparel,Clothing,Partnership,Amritsar,Punjab,False,2024-11-08 00:00:00,False,MASKED,6670,ACTIVE,553.0,False,1
MCH9110,mch9110,Barad LLC,7011,mcc_field,False,Hotels & Lodging,Hospitality,Individual,Lucknow,Uttar Pradesh,False,2024-08-01 13:01:22,False,MASKED,8331,INACTIVE,1477.89,False,1
MCH9111,MCH9111,"Dhar, Thaker and Madan",5999,mcc_field,False,Misc Retail,Misc Retail,Private Limited,Kolkata,West Bengal,False,2024-08-11 00:00:00,False,VIRTUAL_ACCOUNT,7487,ACTIVE,1785.1,False,1
MCH9112,mch9112,Saini-Sinha,5699,mcc_field,False,Apparel,garments,Private Limited,Pune,Maharashtra,False,2024-08-03 00:00:00,False,MISSING,,ACTIVE,1129.73,False,2
MCH9114,MCH9114,Tiwari-0ak,4814,mcc_field,False,Telecom,TELECOM,Individual,Pune,Maharashtra,False,2026-01-16 00:00:00,False,MISSING,,ACTIVE,7090.63,False,2
MCH9117,MCH9117,"Kale, Kohli and Chhabra",5942,mcc_field,False,Books & Stationery,Book Store,Sole Proprietor,Jalandhar,Punjab,False,,False,MISSING,,SUSPENDED,206.51,False,1
MCH9119,MCH9119,Dyal-Salvi,4814,mcc_field,False,Telecom,TELECOM,Partnership,Chennai,Tamil Nadu,False,2023-04-20 00:00:00,False,MISSING,,ACTIVE,6428.96,False,1
MCH9120,MCH9120,Sood Ltd,7011,mcc_field,False,Hotels & Lodging,Hotel,Sole Proprietor,Mumbai,Maharashtra,False,2025-09-24 21:17:00,False,MISSING,,ACTIVE,680.9,False,1
MCH9121,9121,Divan-Char,5942,mcc_field,False,Books & Stationery,BOOKS_STATIONERY,Partnership,Amritsar,Punjab,False,2025-02-18 00:00:00,False,VIRTUAL_ACCOUNT,7320,INACTIVE,339.98,True,1
MCH9125,MCH9125,Raghavan Plc,5999,inferred_from_category,False,Misc Retail,Miscellaneous,Individual,Jaipur,Rajasthan,False,2024-10-10 00:00:00,False,MISSING,,ACTIVE,1723.08,False,2
MCH9126,MCH9126,Anne-Chahal,5411,mcc_field,False,Grocery,Grocery,Partnership,Hyderabad,Telangana,False,2023-03-05 00:00:00,False,MISSING,,ACTIVE,,False,1
MCH9128,mch9128,"Vig, Menon and Prabhakar",5942,mcc_field,False,Books & Stationery,Stationery,Sole Proprietor,Delhi,Delhi,False,2023-08-30 06:57:00,False,VIRTUAL_ACCOUNT,4425,ACTIVE,594.0,False,1
MCH9129,MCH9129,"Sinha, Chauhan and Sathe",5411,mcc_field,False,Grocery,Grocery,Partnership,Kolkata,West Bengal,False,2025-07-06 00:00:00,False,VIRTUAL_ACCOUNT,8177,ACTIVE,914.12,False,1
MCH9130,MCH9130,Chhabra LLC,5812,mcc_field,False,Restaurants,eating place,Private Limited,Jalandhar,Punjab,False,2024-12-09 00:00:00,False,MISSING,,ACTIVE,1786.29,False,1
MCH9131,MCH9131,"Arya, Narang and Maharaj",7011,mcc_field,False,Hotels & Lodging,HOTEL_LODGING,Individual,Jaipur,Rajasthan,False,2024-04-19 05:10:00,False,MISSING,,ACTIVE,6588.75,False,1
MCH9132,MCH9132,Shankar-Bahl,4814,mcc_field,False,Telecom,Telecom,Individual,Pune,Maharashtra,False,2023-12-04 18:44:00,False,VIRTUAL_ACCOUNT,6153,SUSPENDED,2278.28,False,1
MCH9133,MCH9133,"Rai, Nadig and Karpe",4131,mcc_field,False,Transportation,transprt,Private Limited,Ludhiana,Punjab,False,2025-03-09 00:00:00,False,MISSING,,ACTIVE,268.65,True,1
MCH9134,MCH 9134,Edwin-Viswanathan,5699,mcc_field,False,Apparel,garments,Sole Proprietor,Jalandhar,Punjab,False,,False,MISSING,,ACTIVE,1602.69,False,1
MCH9135,mch9135,"Nath, Samra and Chopra",4814,mcc_field,False,Telecom,Mobile Recharge,Sole Proprietor,Kolkata,West Bengal,False,2026-02-04 01:44:00,False,ACCOUNT_NUMBER,8758,ACTIVE,387.53,False,1
MCH9136,9136,Mody Ltd,5411,mcc_field,False,Grocery,Grocery Stores,Individual,Chennai,Tamil Nadu,False,2024-07-10 00:00:00,False,VIRTUAL_ACCOUNT,0073,ACTIVE,1976.5,False,1
MCH9137,MCH9137,Chakrabarti Plc,4131,mcc_field,False,Transportation,transprt,Private Limited,Jaipur,Rajasthan,False,2023-11-19 00:00:00,False,MASKED,6117,ACTIVE,347.82,False,1
MCH9140,MCH9140,Dugar-Uppal,5411,mcc_field,False,Grocery,Grocery Stores,Partnership,Jaipur,Rajasthan,False,2024-12-06 06:26:10,False,MISSING,,ACTIVE,1470.42,False,2
MCH9143,MCH9143,Kibe and Sons,4814,inferred_from_category,False,Telecom,Mobile Recharge,Individual,Jalandhar,Punjab,False,2025-06-12 00:00:00,False,MISSING,,ACTIVE,924.79,False,2
MCH9145,MCH9145,"Yadav, Bhatti and Atwal",4814,mcc_field,False,Telecom,TELECOM,Partnership,Delhi,Delhi,False,2025-11-24 00:00:00,False,MISSING,,ACTIVE,845.36,False,3
MCH9147,MCH9147,Bedi-Dugar,5912,mcc_field,False,Pharmacy,Pharmacies,Sole Proprietor,Bengaluru,Karnataka,False,2024-05-31 05:15:00,False,MISSING,,ACTIVE,1264.98,False,2
MCH9148,MCH-9148,Venkatesh and Sons,7011,mcc_field,False,Hotels & Lodging,Hospitality,Sole Proprietor,Hyderabad,Telangana,False,2023-07-16 21:32:00,False,MASKED,2774,ACTIVE,503.0,False,1
MCH9149,MCH9149,Varghese Plc,5411,mcc_field,False,Grocery,kirana,Individual,Jaipur,Rajasthan,False,2025-12-26 00:00:00,False,MISSING,,ACTIVE,3708.64,False,2
MCH9151,MCH9151,Ravi Ltd,4131,mcc_field,False,Transportation,Transport,Partnership,Jalandhar,Punjab,False,2025-06-26 08:37:00,False,MISSING,,INACTIVE,779.12,False,1
MCH9152,MCH9152,Kara-Parikh,4814,mcc_field,False,Telecom,Telecom,Sole Proprietor,Lucknow,Uttar Pradesh,False,2024-12-01 00:00:00,False,MISSING,,ACTIVE,5009.29,False,1
MCH9153,9153,Amble and Sons,4131,mcc_field,False,Transportation,Bus/Taxi,Sole Proprietor,Amritsar,Punjab,False,2025-04-11 00:00:00,False,VIRTUAL_ACCOUNT,6825,ACTIVE,,False,1
MCH9154,MCH9154,"Pal, Dara and Yadav",5999,mcc_field,False,Misc Retail,Retail Other,Private Limited,Jaipur,Rajasthan,False,2025-07-12 00:00:00,False,MASKED,2752,ACTIVE,3887.81,False,2
MCH9158,MCH9158,"Sachdeva, Vala and Bedi",5812,mcc_field,False,Restaurants,Restaurants,Sole Proprietor,Lucknow,Uttar Pradesh,False,,False,ACCOUNT_NUMBER,2873,CLOSED,6181.65,False,1
MCH9160,MCH9160,Som Ltd,4814,mcc_field,False,Telecom,Mobile Recharge,Partnership,Ludhiana,Punjab,False,2025-01-29 00:00:00,False,ACCOUNT_NUMBER,9537,ACTIVE,722.22,False,1
MCH9161,MCH 9161,Patla Group,5311,mcc_field,False,Department Stores,Retail,Individual,Pune,Maharashtra,False,2024-10-25 00:00:00,False,MASKED,6366,ACTIVE,1771.36,True,1
MCH9162,MCH9162,Shankar-Shah,5999,mcc_field,False,Misc Retail,Miscellaneous,Private Limited,Bengaluru,Karnataka,False,2023-02-22 00:00:00,False,VIRTUAL_ACCOUNT,1527,ACTIVE,,False,1
MCH9164,MCH9164,Mital and Sons,5699,inferred_from_category,False,Apparel,CLOTHS,Private Limited,Delhi,Delhi,False,2025-08-12 00:00:00,False,MISSING,,ACTIVE,4681.79,False,1
MCH9165,MCH-9165,"Iyengar, Raja and Bhasin",5411,mcc_field,False,Grocery,Grocery,Private Limited,Lucknow,Uttar Pradesh,False,2024-03-01 00:00:00,False,MASKED,0194,ACTIVE,1898.13,False,2
MCH9173,MCH9173,Bumb-Bandi,5999,mcc_field,False,Misc Retail,Miscellaneous,Sole Proprietor,Pune,Maharashtra,False,2023-06-26 02:58:00,False,MISSING,,ACTIVE,450.27,False,1
MCH9174,MCH9174,"Chander, Goswami and Butala",7011,mcc_field,False,Hotels & Lodging,Hospitality,Partnership,Jalandhar,Punjab,False,2024-06-14 12:24:00,False,ACCOUNT_NUMBER,7543,ACTIVE,914.67,False,1
MCH9175,MCH9175,Bhatt Ltd,7011,mcc_field,False,Hotels & Lodging,Hospitality,Sole Proprietor,Bengaluru,Karnataka,False,2025-04-27 18:17:00,False,ACCOUNT_NUMBER,4885,ACTIVE,567.73,False,1
MCH9176,MCH9176,Jayaraman Plc,5311,mcc_field,False,Department Stores,Department Store,Private Limited,Jalandhar,Punjab,False,2025-08-16 00:00:00,False,MISSING,,SUSPENDED,609.42,False,1
MCH9180,9180,Ramaswamy Plc,5699,mcc_field,False,Apparel,CLOTHS,Individual,Pune,Maharashtra,False,2025-08-08 00:00:00,False,MISSING,,ACTIVE,1761.26,True,2
MCH9185,MCH9185,Om Ltd,5812,mcc_field,False,Restaurants,restaurants,Partnership,Kolkata,West Bengal,False,2025-09-22 00:00:00,False,VIRTUAL_ACCOUNT,2377,CLOSED,311.59,False,2
MCH9187,MCH9187,Mane and Sons,5812,mcc_field,False,Restaurants,Restaurants,Individual,Hyderabad,Telangana,False,2025-12-18 00:00:00,False,MISSING,,ACTIVE,508.01,False,1
MCH9188,MCH9188,Randhawa Plc,4814,mcc_field,False,Telecom,Mobile Recharge,Partnership,Jalandhar,Punjab,False,2024-09-11 00:00:00,False,MASKED,7941,ACTIVE,,False,1
MCH9190,MCH-9190,"Dugar, Babu and Bala",5812,mcc_field,False,Restaurants,Restaurant,Individual,Chennai,Tamil Nadu,False,2025-01-24 00:00:00,False,MISSING,,ACTIVE,471.43,False,1
MCH9192,MCH 9192,Gandhi LLC,5912,mcc_field,False,Pharmacy,Pharmacies,Individual,Jaipur,Rajasthan,False,2025-03-01 00:00:00,False,MISSING,,ACTIVE,1758.06,False,1
MCH9193,MCH9193,Ramachandran-Rao,5699,mcc_field,False,Apparel,garments,Individual,Bengaluru,Karnataka,False,2024-04-07 00:00:00,False,MASKED,3147,ACTIVE,1693.53,False,2
MCH9195,MCH9195,"Manne, Parsa and Ratta",5311,mcc_field,False,Department Stores,Department Store,Individual,Kolkata,West Bengal,False,2025-01-08 03:54:16,False,MASKED,4221,ACTIVE,1304.69,False,1
MCH9196,MCH9196,Brahmbhatt Inc,5411,mcc_field,False,Grocery,Grocery Stores,Partnership,Bengaluru,Karnataka,False,2023-03-16 06:41:42,False,MISSING,,ACTIVE,4354.3,True,2
MCH9199,MCH9199,Goda-Patel,4814,mcc_field,False,Telecom,phone service,Partnership,Lucknow,Uttar Pradesh,False,2024-12-23 00:00:00,False,ACCOUNT_NUMBER,5124,ACTIVE,992.24,False,2
MCH9201,MCH9201,Ramachandran Plc,4814,mcc_field,False,Telecom,phone service,Private Limited,Jaipur,Rajasthan,False,2024-10-02 18:21:00,False,MISSING,,ACTIVE,1064.13,False,1
MCH9203,MCH9203,Patel-Bhasin,7011,mcc_field,False,Hotels & Lodging,Hotels,Partnership,Delhi,Delhi,False,2025-04-14 00:00:00,False,MASKED,4448,ACTIVE,1305.76,False,2
MCH9205,MCH9205,Lala Ltd,4131,mcc_field,False,Transportation,Transport,Private Limited,Kolkata,West Bengal,False,2024-11-26 04:12:00,False,MASKED,6473,SUSPENDED,569.25,False,1
MCH9207,MCH9207,"Gola, Prabhu and Sood",5311,mcc_field,False,Department Stores,DEPT_STORE,Private Limited,Kolkata,West Bengal,False,2025-02-14 20:21:36,False,VIRTUAL_ACCOUNT,9079,ACTIVE,1107.16,False,2
MCH9208,MCH9208,Lala-Tiwari,5942,mcc_field,False,Books & Stationery,BOOKS_STATIONERY,Partnership,Amritsar,Punjab,False,2023-05-17 00:00:00,False,MISSING,,INACTIVE,338.09,False,1
MCH9211,MCH9211,Dubey-Kurian,7011,mcc_field,False,Hotels & Lodging,HOTEL_LODGING,Individual,Jalandhar,Punjab,False,2023-08-01 00:00:00,False,MASKED,5476,ACTIVE,2981.74,False,1
MCH9216,MCH9216,Amble-Thaman,5912,inferred_from_category,False,Pharmacy,chemist,Partnership,Ludhiana,Punjab,False,2025-02-10 00:00:00,False,VIRTUAL_ACCOUNT,0188,ACTIVE,2329.15,False,1
MCH9219,MCH9219,Baria Inc,4814,mcc_field,False,Telecom,Telecom,Sole Proprietor,Jaipur,Rajasthan,False,2024-07-29 00:00:00,False,ACCOUNT_NUMBER,1370,ACTIVE,1931.0,False,1
MCH9220,MCH9220,"Agate,boaseand Kurian",4131,mcc_field,False,Transportation,TRAVEL,Sole Proprietor,Delhi,Delhi,False,,False,MASKED,4686,INACTIVE,728.01,True,1
MCH9223,MCH9223,D’alia-Hans,5699,mcc_field,False,Apparel,garments,Partnership,Chennai,Tamil Nadu,False,2024-12-09 02:24:19,False,VIRTUAL_ACCOUNT,4506,ACTIVE,376.0,False,2
MCH9226,MCH9226,"Sandhu, Jha and Randhawa",5699,mcc_field,False,Apparel,Clothing,Individual,Pune,Maharashtra,False,2024-12-03 00:00:00,False,VIRTUAL_ACCOUNT,3955,ACTIVE,5451.11,False,2
MCH9228,MCH9228,Ram Inc,5999,mcc_field,False,Misc Retail,Other,Individual,Hyderabad,Telangana,False,2025-10-19 16:20:00,False,MASKED,4276,ACTIVE,1661.79,False,1
MCH9229,MCH9229,Anne-Parikh,5942,inferred_from_category,False,Books & Stationery,BOOKS_STATIONERY,Private Limited,Jaipur,Rajasthan,False,2025-10-23 00:00:00,False,MISSING,,INACTIVE,173.81,False,1
MCH9231,MCH9231,Kala-Dugar,4131,mcc_field,False,Transportation,transprt,Partnership,Pune,Maharashtra,False,,False,ACCOUNT_NUMBER,1283,ACTIVE,228.82,False,1
MCH9232,MCH9232,Ahuja-Chaudhry,4131,mcc_field,False,Transportation,Transportation,Individual,Hyderabad,Telangana,False,2023-04-20 00:00:00,False,MASKED,7963,ACTIVE,361.11,False,1
MCH9234,MCH9234,"Jhaveri, Chandran and Shukla",7011,mcc_field,False,Hotels & Lodging,Hospitality,Partnership,Lucknow,Uttar Pradesh,False,2024-07-26 00:00:00,False,MASKED,3221,ACTIVE,762.04,False,2
MCH9237,MCH9237,Gokhale Inc,5912,mcc_field,False,Pharmacy,MEDICAL_STORE,Private Limited,Ludhiana,Punjab,False,2025-09-28 00:00:00,False,VIRTUAL_ACCOUNT,1229,ACTIVE,1901.54,False,1
MCH9239,MCH9239,Balakrishnan-Das,5411,mcc_field,False,Grocery,groceries,Partnership,Bengaluru,Karnataka,False,2025-12-11 06:31:01,False,VIRTUAL_ACCOUNT,2607,ACTIVE,,False,1
MCH9242,MCH9242,"Kadakia, Yadav and Seshadri",7011,mcc_field,False,Hotels & Lodging,Hotel,Partnership,Hyderabad,Telangana,False,2023-03-10 00:00:00,False,MASKED,4049,SUSPENDED,1024.36,False,1
MCH9245,MCH9245,Zachariah-Suri,5311,mcc_field,False,Department Stores,Retail,Individual,Jalandhar,Punjab,False,2023-05-03 00:00:00,False,VIRTUAL_ACCOUNT,8506,ACTIVE,328.18,False,1
MCH9246,MCH9246,"Krishna, Wable and Kanda",4814,mcc_field,False,Telecom,Mobile Recharge,Sole Proprietor,Pune,Maharashtra,False,2023-03-01 00:00:00,False,MASKED,5813,ACTIVE,859.77,False,1
MCH9249,MCH9249,"Aggarwal, Agarwal and Naidu",5699,mcc_field,False,Apparel,garments,Partnership,Chennai,Tamil Nadu,False,2025-12-23 00:00:00,False,MASKED,8648,ACTIVE,3533.14,True,1
MCH9251,MCH9251,"Venkatesh, Randhawa and Lal",4131,mcc_field,False,Transportation,transprt,Sole Proprietor,Lucknow,Uttar Pradesh,False,2026-01-02 09:37:10,False,ACCOUNT_NUMBER,5230,ACTIVE,621.25,False,1
MCH9253,9253,Gole LLC,5699,mcc_field,False,Apparel,CLOTHS,Sole Proprietor,Amritsar,Punjab,False,2024-05-09 20:29:36,False,MASKED,9261,ACTIVE,1349.23,False,1
MCH9255,MCH9255,"Hegde, Dass and Sehgal",5699,mcc_field,False,Apparel,garments,Private Limited,Amritsar,Punjab,False,2023-07-19 10:19:06,False,MISSING,,ACTIVE,1054.61,False,1
MCH9257,MCH9257,Deep-Venkataraman,7011,mcc_field,False,Hotels & Lodging,Hotels,Partnership,Amritsar,Punjab,False,2023-12-17 00:00:00,False,VIRTUAL_ACCOUNT,0628,ACTIVE,705.83,False,1
MCH9258,MCH9258,Edwin Inc,5942,mcc_field,False,Books & Stationery,Stationery,Partnership,Lucknow,Uttar Pradesh,False,2024-09-26 00:00:00,False,ACCOUNT_NUMBER,4564,ACTIVE,1647.77,False,1
MCH9261,MCH9261,Gupta-Manne,5812,mcc_field,False,Restaurants,eating place,Individual,Jaipur,Rajasthan,False,2025-07-10 09:04:41,False,MISSING,,ACTIVE,2734.0,False,1
MCH9263,MCH9263,"Chatterjee, Anand and Mani",5999,mcc_field,False,Misc Retail,Retail Other,Partnership,Kolkata,West Bengal,False,2024-05-05 00:44:32,False,MISSING,,ACTIVE,628.47,False,1
MCH9266,9266,"Badami, Pathak and Nanda",5699,mcc_field,False,Apparel,Clothing,Private Limited,Pune,Maharashtra,False,2024-09-10 19:17:00,False,ACCOUNT_NUMBER,4174,ACTIVE,157.82,False,3
MCH9271,MCH9271,"Bera, Contractor and Trivedi",4131,mcc_field,False,Transportation,Bus/Taxi,Sole Proprietor,Delhi,Delhi,False,2025-02-20 00:00:00,False,VIRTUAL_ACCOUNT,7655,ACTIVE,,False,1
MCH9276,MCH9276,Trivedi-Kunda,5699,mcc_field,False,Apparel,CLOTHS,Individual,Delhi,Delhi,False,2025-12-31 04:58:00,False,MASKED,9182,ACTIVE,2310.01,False,3
MCH9277,MCH9277,Pal-Rout,5942,mcc_field,False,Books & Stationery,Stationery,Individual,Amritsar,Punjab,False,2026-02-10 18:58:24,False,MISSING,,ACTIVE,963.33,False,1
MCH9278,MCH9278,Pant Plc,5942,mcc_field,False,Books & Stationery,Stationery,Partnership,Bengaluru,Karnataka,False,2024-06-25 23:31:00,False,VIRTUAL_ACCOUNT,4286,ACTIVE,822.0,False,2
MCH9279,MCH9279,Choudhury LLC,5411,mcc_field,False,Grocery,Grocery Stores,Sole Proprietor,Kolkata,West Bengal,False,2024-11-18 00:00:00,False,ACCOUNT_NUMBER,8759,ACTIVE,644.81,False,1
MCH9287,MCH9287,"Datta, Virk and Arya",5999,mcc_field,False,Misc Retail,Misc Retail,Individual,Amritsar,Punjab,False,2025-09-21 00:00:00,False,MASKED,9129,ACTIVE,636.69,False,2
MCH9289,MCH9289,Lall LLC,7011,mcc_field,False,Hotels & Lodging,HOTEL_LODGING,Private Limited,Kolkata,West Bengal,False,2025-12-08 09:38:21,False,VIRTUAL_ACCOUNT,4196,ACTIVE,3024.28,False,2
MCH9290,MCH9290,"Gole, Viswanathan and Brahmbhatt",7011,mcc_field,False,Hotels & Lodging,Hospitality,Partnership,Ludhiana,Punjab,False,,False,MISSING,,INACTIVE,1704.51,False,1
MCH9291,MCH9291,"Thakkar, Bath and Uppal",5311,inferred_from_category,False,Department Stores,Retail,Sole Proprietor,Lucknow,Uttar Pradesh,False,2024-12-24 06:25:11,False,MASKED,5444,INACTIVE,3529.0,False,2
MCH9296,MCH9296,Ramanathan Ltd,5912,mcc_field,False,Pharmacy,Pharmacies,Individual,Jaipur,Rajasthan,False,2025-01-29 16:04:16,False,MISSING,,ACTIVE,1253.48,False,2
MCH9298,MCH9298,Jain Ltd,5942,mcc_field,False,Books & Stationery,Books,Sole Proprietor,Bengaluru,Karnataka,False,2024-02-03 12:58:21,False,MASKED,4996,ACTIVE,8519.11,False,1
MCH9299,MCH9299,Pathak-Menon,5812,mcc_field,False,Restaurants,FOOD_SERVICES,Sole Proprietor,Ludhiana,Punjab,False,2024-04-28 07:03:55,False,MISSING,,ACTIVE,3015.0,False,1
MCH9302,MCH 9302,Savant-Dave,5311,mcc_field,False,Department Stores,Department Stores,Partnership,Bengaluru,Karnataka,False,2025-08-17 00:00:00,False,MISSING,,ACTIVE,543.56,False,1
MCH9304,mch9304,Char Ltd,4814,mcc_field,False,Telecom,Mobile Recharge,Individual,Bengaluru,Karnataka,False,2024-01-05 00:00:00,False,MISSING,,ACTIVE,531.14,False,1
MCH9306,MCH9306,Zachariah-Anne,5942,mcc_field,False,Books & Stationery,Stationery,Partnership,Mumbai,Maharashtra,False,2026-02-10 00:00:00,False,VIRTUAL_ACCOUNT,8479,ACTIVE,1250.09,False,1
MCH9307,MCH9307,"Bajwa, Dhawan and Guha",5812,inferred_from_category,False,Restaurants,eating place,Sole Proprietor,Jalandhar,Punjab,False,2024-03-07 00:00:00,False,MISSING,,ACTIVE,468.19,False,1
MCH9310,mch9310,Ganguly-Tella,7011,mcc_field,False,Hotels & Lodging,Hospitality,Individual,Pune,Maharashtra,False,2024-03-29 00:00:00,False,MASKED,9831,ACTIVE,482.88,True,1
MCH9311,MCH9311,Sathe Group,5942,mcc_field,False,Books & Stationery,BOOKS_STATIONERY,Private Limited,Ludhiana,Punjab,False,2025-05-31 23:35:00,False,MISSING,,ACTIVE,595.82,False,2
MCH9316,MCH9316,Bandi Ltd,5411,mcc_field,False,Grocery,kirana,Sole Proprietor,Ludhiana,Punjab,False,2025-08-21 00:00:00,False,ACCOUNT_NUMBER,7992,ACTIVE,1198.18,False,1
MCH9319,MCH9319,Lad Inc,5699,mcc_field,False,Apparel,garments,Sole Proprietor,Jalandhar,Punjab,False,2025-07-20 00:00:00,False,MASKED,7774,ACTIVE,839.54,False,3
MCH9320,MCH9320,Char Inc,5411,mcc_field,False,Grocery,kirana,Private Limited,Hyderabad,Telangana,False,2025-11-22 00:00:00,False,VIRTUAL_ACCOUNT,2569,ACTIVE,695.0,False,1
MCH9322,MCH9322,"Khosla, Walia and Deep",5311,mcc_field,False,Department Stores,Department Store,Partnership,Kolkata,West Bengal,False,2024-07-15 00:00:00,False,VIRTUAL_ACCOUNT,6036,ACTIVE,1060.15,False,1
MCH9325,MCH9325,"Patel, Parikh and Kaul",4814,mcc_field,False,Telecom,TELECOM,Private Limited,Lucknow,Uttar Pradesh,False,2023-03-13 00:58:46,False,ACCOUNT_NUMBER,6200,ACTIVE,1538.45,False,1
MCH9332,MCH9332,Gupta Inc,5912,mcc_field,False,Pharmacy,Pharmacy,Private Limited,Pune,Maharashtra,False,2023-09-24 00:00:00,False,MISSING,,ACTIVE,1393.93,False,2
MCH9335,MCH9335,Shenoy Group,5699,mcc_field,False,Apparel,garments,Partnership,Lucknow,Uttar Pradesh,False,2024-07-07 04:29:20,False,MISSING,,ACTIVE,1203.23,False,3
MCH9338,MCH9338,D’alia-Mitter,5942,inferred_from_category,False,Books & Stationery,Books,Partnership,Mumbai,Maharashtra,False,2025-07-01 00:00:00,False,MISSING,,ACTIVE,604.36,False,1
MCH9340,MCH9340,Mallick-Konda,5999,mcc_field,False,Misc Retail,Other,Individual,Bengaluru,Karnataka,False,2025-01-24 13:55:00,False,MISSING,,INACTIVE,1550.33,False,1
MCH9342,MCH9342,Dua-Lala,5999,mcc_field,False,Misc Retail,Misc Retail,Sole Proprietor,Bengaluru,Karnataka,False,2025-04-17 11:33:00,False,VIRTUAL_ACCOUNT,5431,SUSPENDED,1698.37,False,1
MCH9343,mch9343,Sridhar-Sarna,7011,mcc_field,False,Hotels & Lodging,Hospitality,Partnership,Chennai,Tamil Nadu,False,2025-08-16 00:00:00,False,MASKED,5274,ACTIVE,287.96,False,1
MCH9345,MCH9345,Mahal Inc,4814,mcc_field,False,Telecom,TELECOM,Private Limited,Amritsar,Punjab,False,2025-11-30 00:00:00,False,ACCOUNT_NUMBER,3955,ACTIVE,4834.52,False,1
MCH9348,MCH9348,"Toor, Parekh and Agate",5942,mcc_field,False,Books & Stationery,Books,Private Limited,Amritsar,Punjab,False,2025-03-30 00:00:00,False,VIRTUAL_ACCOUNT,2650,ACTIVE,4472.44,False,2
MCH9349,mch9349,"Bhat, Suri and Khalsa",5999,mcc_field,False,Misc Retail,Retail Other,Individual,Hyderabad,Telangana,False,2023-07-15 00:00:00,False,ACCOUNT_NUMBER,5714,ACTIVE,2394.34,False,2
MCH9350,MCH 9350,Singh-Sane,5411,mcc_field,False,Grocery,kirana,Private Limited,Ludhiana,Punjab,False,2023-04-13 00:00:00,False,ACCOUNT_NUMBER,6181,ACTIVE,840.43,False,1
MCH9352,MCH9352,Ramanathan-Lala,4131,mcc_field,False,Transportation,Transport,Partnership,Bengaluru,Karnataka,False,2026-02-09 00:00:00,False,VIRTUAL_ACCOUNT,7472,ACTIVE,1121.19,False,3
MCH9353,MCH9353,"Baral, Raj and Mishra",5411,mcc_field,False,Grocery,kirana,Partnership,Bengaluru,Karnataka,False,2025-03-19 22:49:10,False,ACCOUNT_NUMBER,0452,ACTIVE,,False,2
MCH9354,MCH9354,"Srinivasan, Bhargava and Sathe",7011,mcc_field,False,Hotels & Lodging,Hotel,Private Limited,Pune,Maharashtra,False,2025-12-26 03:14:06,False,VIRTUAL_ACCOUNT,2027,ACTIVE,272.4,False,1
MCH9355,MCH9355,Vig Plc,5912,mcc_field,False,Pharmacy,Pharmacy,Partnership,Jalandhar,Punjab,False,2024-11-01 00:00:00,False,VIRTUAL_ACCOUNT,4435,ACTIVE,1697.72,False,1
MCH9356,MCH9356,Wagle LLC,5411,mcc_field,False,Grocery,groceries,Partnership,Delhi,Delhi,False,2025-09-15 00:00:00,False,MASKED,8552,ACTIVE,862.0,False,1
MCH9358,mch9358,Shroff Ltd,5311,mcc_field,False,Department Stores,Department Store,Sole Proprietor,Kolkata,West Bengal,False,2023-05-21 00:00:00,False,VIRTUAL_ACCOUNT,7468,ACTIVE,1856.54,False,1
MCH9359,MCH9359,"Ramanathan, Parekh and Agrawal",4131,mcc_field,False,Transportation,Transport,Partnership,Ludhiana,Punjab,False,2023-04-08 13:17:52,False,VIRTUAL_ACCOUNT,6652,ACTIVE,3245.01,False,1
MCH9362,MCH9362,"Lala, Oza and Chahal",5912,mcc_field,False,Pharmacy,Pharmacies,Sole Proprietor,Delhi,Delhi,False,2024-04-25 00:00:00,False,MASKED,6427,ACTIVE,1820.41,False,1
MCH9363,MCH9363,Mannan Group,4131,mcc_field,False,Transportation,Transport,Private Limited,Mumbai,Maharashtra,False,2024-07-29 00:00:00,False,MISSING,,ACTIVE,,False,1
MCH9366,MCH9366,"Parsa, Walia and Viswanathan",5699,mcc_field,False,Apparel,Clothing,Individual,Jalandhar,Punjab,False,2024-11-13 00:00:00,False,MASKED,5233,ACTIVE,7891.78,False,1
MCH9367,MCH9367,Luthra and Sons,5942,inferred_from_category,False,Books & Stationery,BOOKS_STATIONERY,Private Limited,Amritsar,Punjab,False,2023-05-31 17:55:00,False,MISSING,,ACTIVE,1752.0,False,1
MCH9369,MCH9369,Kara Group,7011,mcc_field,False,Hotels & Lodging,Hospitality,Sole Proprietor,Kolkata,West Bengal,False,2024-07-06 20:37:37,False,MISSING,,ACTIVE,2036.0,False,1
MCH9370,MCH9370,Mallick-Gola,5999,mcc_field,False,Misc Retail,Misc Retail,Private Limited,Jaipur,Rajasthan,False,2023-02-20 00:00:00,False,VIRTUAL_ACCOUNT,9080,ACTIVE,4284.71,False,1
MCH9371,MCH9371,Mand-Oommen,5411,inferred_from_category,False,Grocery,kirana,Private Limited,Chennai,Tamil Nadu,False,2023-11-11 00:00:00,False,MISSING,,ACTIVE,284.42,False,1
MCH9375,MCH9375,"Bhalla, Koshy and Sule",5942,inferred_from_category,False,Books & Stationery,Books,Individual,Ludhiana,Punjab,False,2023-07-28 23:16:10,False,MASKED,7795,INACTIVE,924.32,False,1
MCH9377,MCH9377,"Badal, Mitter and Mitter",5912,mcc_field,False,Pharmacy,Medical,Sole Proprietor,Lucknow,Uttar Pradesh,False,2024-08-22 00:00:00,False,VIRTUAL_ACCOUNT,4902,ACTIVE,,False,2
MCH9379,MCH 9379,Nazareth and Sons,5999,mcc_field,False,Misc Retail,Misc Retail,Individual,Kolkata,West Bengal,False,,False,MASKED,1135,INACTIVE,242.0,False,1
MCH9380,mch9380,Chakrabarti Group,5812,mcc_field,False,Restaurants,FOOD_SERVICES,Private Limited,Ludhiana,Punjab,False,2023-11-23 00:00:00,False,VIRTUAL_ACCOUNT,0981,ACTIVE,199.0,False,1
MCH9383,MCH9383,"Sekhon,padmanabhanand Rege",5942,mcc_field,False,Books & Stationery,BOOKS_STATIONERY,Individual,Chennai,Tamil Nadu,False,2026-01-24 02:02:00,False,ACCOUNT_NUMBER,3604,SUSPENDED,2841.0,False,2
MCH9385,mch9385,"Ray, Gulati and Gi11",4814,mcc_field,False,Telecom,Telecom,Sole Proprietor,Amritsar,Punjab,False,2024-02-17 00:00:00,False,MISSING,,ACTIVE,1178.44,False,1
MCH9386,MCH9386,Shankar Ltd,4131,mcc_field,False,Transportation,Transport,Individual,Amritsar,Punjab,False,2023-10-23 00:00:00,False,MASKED,6796,ACTIVE,252.98,True,2
MCH9388,MCH9388,"Mahajan, Dixit and Memon",7011,mcc_field,False,Hotels & Lodging,Hospitality,Partnership,Kolkata,West Bengal,False,2024-11-21 00:00:00,False,MISSING,,ACTIVE,1507.31,False,1
MCH9390,MCH9390,"Minhas,pauand Narayanan",4131,mcc_field,False,Transportation,TRAVEL,Individual,Ludhiana,Punjab,False,,False,MISSING,,ACTIVE,2246.12,False,1
MCH9391,MCH9391,Vasa-Mitra,4814,mcc_field,False,Telecom,phone service,Individual,Jalandhar,Punjab,False,2024-10-30 00:00:00,False,MASKED,6623,ACTIVE,1456.23,False,1
MCH9393,MCH9393,"Sehgal, Chawla and Korpal",5812,mcc_field,False,Restaurants,Restaurant,Individual,Amritsar,Punjab,False,2025-09-03 17:19:00,False,MASKED,8440,ACTIVE,896.96,False,5
MCH9394,MCH9394,Pal-Taneja,4814,mcc_field,False,Telecom,Mobile Recharge,Private Limited,Ludhiana,Punjab,False,2024-01-02 00:00:00,False,MISSING,,CLOSED,311.59,False,2
MCH9395,MCH9395,Bhagat-Chana,5699,mcc_field,False,Apparel,Fashion,Private Limited,Jaipur,Rajasthan,False,2024-12-12 00:00:00,False,MISSING,,ACTIVE,2768.73,False,1
MCH9396,MCH9396,Baria-Bhasin,5912,mcc_field,False,Pharmacy,MEDICAL_STORE,Partnership,Pune,Maharashtra,False,2025-01-24 00:00:00,False,VIRTUAL_ACCOUNT,2332,ACTIVE,157.3,True,2
MCH9397,MCH9397,Ramaswamy-Goel,5411,mcc_field,False,Grocery,groceries,Private Limited,Jalandhar,Punjab,False,2025-12-20 01:06:00,False,ACCOUNT_NUMBER,1693,ACTIVE,1519.0,False,1
MCH9398,MCH9398,"Soman, Murthy and Mangat",5411,mcc_field,False,Grocery,Grocery,Partnership,Bengaluru,Karnataka,False,2026-02-21 00:00:00,False,MISSING,,ACTIVE,5429.9,False,2
MCH9400,MCH9400,"Dara, Desai and Sethi",5999,mcc_field,False,Misc Retail,Other,Partnership,Mumbai,Maharashtra,False,2025-08-23 00:00:00,False,MISSING,,ACTIVE,2120.88,False,2
MCH9401,MCH9401,Ravi LLC,7011,mcc_field,False,Hotels & Lodging,Hotels,Sole Proprietor,Pune,Maharashtra,False,2025-11-14 00:00:00,False,ACCOUNT_NUMBER,5647,ACTIVE,1824.72,False,2
MCH9402,MCH 9402,Vyas-Nath,5812,mcc_field,False,Restaurants,Restaurant,Private Limited,Lucknow,Uttar Pradesh,False,2023-09-18 00:00:00,False,MISSING,,ACTIVE,640.89,True,1
MCH9403,mch9403,"Bains,banerjeeand Bansal",7011,mcc_field,False,Hotels & Lodging,Hotels,Partnership,Mumbai,Maharashtra,False,2025-02-22 16:11:00,False,MISSING,,INACTIVE,1838.83,False,1
MCH9404,MCH 9404,Baral and Sons,4131,mcc_field,False,Transportation,TRAVEL,Private Limited,Kolkata,West Bengal,False,2025-02-10 00:00:00,False,MISSING,,ACTIVE,,False,1
MCH9406,MCH9406,Randhawa and Sons,5812,inferred_from_category,False,Restaurants,Restaurants,Individual,Lucknow,Uttar Pradesh,False,2025-08-11 00:00:00,False,MASKED,6795,ACTIVE,2159.94,False,2
MCH9408,MCH9408,Arya-Vig,4131,mcc_field,False,Transportation,Transport,Individual,Bengaluru,Karnataka,False,2023-12-24 00:00:00,False,ACCOUNT_NUMBER,5633,ACTIVE,784.44,True,1
MCH9410,MCH9410,Sagar-Chawla,5699,mcc_field,False,Apparel,Fashion,Individual,Jalandhar,Punjab,False,2026-01-24 00:00:00,False,MASKED,0534,ACTIVE,820.0,False,2
MCH9412,MCH9412,Nayak-Guha,4131,mcc_field,False,Transportation,Transport,Individual,Amritsar,Punjab,False,,False,MASKED,5639,ACTIVE,2887.33,False,1
MCH9413,MCH-9413,Kala-Sarkar,5912,mcc_field,False,Pharmacy,Pharmacies,Sole Proprietor,Hyderabad,Telangana,False,2023-10-25 07:38:39,False,MASKED,4409,ACTIVE,869.76,False,1
MCH9414,MCH9414,Banik-Garde,5812,mcc_field,False,Restaurants,Food,Individual,Jalandhar,Punjab,False,2025-01-16 00:00:00,False,VIRTUAL_ACCOUNT,2149,ACTIVE,942.13,False,1
MCH9415,9415,Krishnamurthy-Warrior,7011,mcc_field,False,Hotels & Lodging,Hotels,Sole Proprietor,Ludhiana,Punjab,False,2023-02-21 00:00:00,False,MISSING,,ACTIVE,438.69,False,1
MCH9416,mch9416,Kulkarni and Sons,5411,mcc_field,False,Grocery,Grocery Stores,Partnership,Mumbai,Maharashtra,False,2024-12-13 22:23:48,False,ACCOUNT_NUMBER,6473,ACTIVE,755.0,False,1
MCH9418,MCH9418,"Bora, Venkatesh and Loke",5411,mcc_field,False,Grocery,groceries,Individual,Bengaluru,Karnataka,False,2024-05-22 00:00:00,False,VIRTUAL_ACCOUNT,4087,SUSPENDED,1520.21,False,2
MCH9423,MCH9423,Apte Group,7011,mcc_field,False,Hotels & Lodging,Hotels,Sole Proprietor,Chennai,Tamil Nadu,False,2025-10-24 00:00:00,False,VIRTUAL_ACCOUNT,7128,ACTIVE,3132.43,False,1
MCH9424,MCH9424,Sur-Bajaj,5311,mcc_field,False,Department Stores,Department Store,Sole Proprietor,Bengaluru,Karnataka,False,2025-04-18 00:00:00,False,MASKED,3219,ACTIVE,1902.79,False,2
MCH9426,9426,Puri-Soman,5699,mcc_field,False,Apparel,garments,Individual,Bengaluru,Karnataka,False,2023-10-28 00:00:00,False,VIRTUAL_ACCOUNT,1701,ACTIVE,333.54,False,2
MCH9428,mch9428,"Dyal, Varma and Sachdeva",5999,mcc_field,False,Misc Retail,Other,Private Limited,Lucknow,Uttar Pradesh,False,,False,MISSING,,ACTIVE,1955.23,False,1
MCH9429,MCH9429,Varghese-Mitter,7011,mcc_field,False,Hotels & Lodging,Hotel,Partnership,Hyderabad,Telangana,False,2024-12-16 00:00:00,False,VIRTUAL_ACCOUNT,2894,ACTIVE,1566.55,False,2
MCH9430,MCH9430,"Shetty, Pau and Chhabra",4814,mcc_field,False,Telecom,phone service,Partnership,Pune,Maharashtra,False,2023-10-31 00:00:00,False,MISSING,,ACTIVE,927.24,False,1
MCH9431,MCH9431,Madan-Kota,4131,mcc_field,False,Transportation,TRAVEL,Private Limited,Bengaluru,Karnataka,False,2023-02-05 00:00:00,False,ACCOUNT_NUMBER,4111,ACTIVE,436.79,False,1
MCH9433,9433,Chhabra-Naik,5912,mcc_field,False,Pharmacy,Medical,Individual,Jalandhar,Punjab,False,2023-12-14 00:00:00,False,VIRTUAL_ACCOUNT,0723,ACTIVE,4629.09,False,1
MCH9434,MCH9434,Srinivasan-Savant,5812,mcc_field,False,Restaurants,Food,Partnership,Chennai,Tamil Nadu,False,2023-05-01 21:28:13,False,MASKED,0171,ACTIVE,,False,1
MCH9439,MCH9439,Jani LLC,5411,mcc_field,False,Grocery,Grocery,Sole Proprietor,Bengaluru,Karnataka,False,2024-02-24 00:00:00,False,ACCOUNT_NUMBER,0929,ACTIVE,275.02,False,2
MCH9440,MCH 9440,Ratti LLC,5311,mcc_field,False,Department Stores,Retail,Individual,Jalandhar,Punjab,False,,False,VIRTUAL_ACCOUNT,2202,ACTIVE,186.6,False,1
MCH9442,9442,Issac-Batra,7011,mcc_field,False,Hotels & Lodging,Hospitality,Partnership,Delhi,Delhi,False,2025-08-12 00:00:00,False,MISSING,,ACTIVE,1049.17,False,1
MCH9443,MCH9443,"Bumb, Sama and Prashad",4131,mcc_field,False,Transportation,Transport,Sole Proprietor,Lucknow,Uttar Pradesh,False,2024-03-28 00:00:00,False,MISSING,,ACTIVE,712.16,False,2
MCH9444,MCH9444,Sachdeva-Khatri,4131,mcc_field,False,Transportation,TRAVEL,Partnership,Jalandhar,Punjab,False,2024-01-13 00:00:00,False,ACCOUNT_NUMBER,0236,ACTIVE,345.26,False,2
MCH9447,MCH-9447,Sundaram LLC,5999,mcc_field,False,Misc Retail,Retail Other,Individual,Hyderabad,Telangana,False,2026-01-30 00:00:00,False,MASKED,5917,ACTIVE,974.62,False,2
MCH9448,MCH-9448,"Sant, Manda and Khurana",5699,inferred_from_category,False,Apparel,garments,Partnership,Jalandhar,Punjab,False,2023-10-08 00:00:00,False,MASKED,3103,INACTIVE,522.0,False,1
MCH9450,MCH9450,"Bahl, Varughese and Char",4814,mcc_field,False,Telecom,Telecom,Partnership,Pune,Maharashtra,False,2023-06-22 16:33:28,False,VIRTUAL_ACCOUNT,7596,ACTIVE,260.0,False,1
MCH9452,MCH9452,Kapoor-Kara,5999,mcc_field,False,Misc Retail,Other,Private Limited,Kolkata,West Bengal,False,,False,VIRTUAL_ACCOUNT,6515,INACTIVE,,False,1
MCH9456,MCH 9456,"Rajagopalan, Luthra and Singh",5999,inferred_from_category,False,Misc Retail,Retail Other,Individual,Delhi,Delhi,False,2025-09-22 04:16:00,False,MASKED,4617,ACTIVE,,False,2
MCH9457,MCH 9457,"Grover, Deep and Subramaniam",4131,mcc_field,False,Transportation,TRAVEL,Partnership,Bengaluru,Karnataka,False,2026-01-19 00:00:00,False,MASKED,7189,ACTIVE,276.66,False,3
MCH9458,MCH9458,Raja Ltd,5311,mcc_field,False,Department Stores,Retail,Partnership,Amritsar,Punjab,False,2025-12-15 00:00:00,False,MASKED,6323,ACTIVE,480.87,False,2
MCH9459,MCH 9459,Batta-Handa,4131,mcc_field,False,Transportation,Transport,Partnership,Hyderabad,Telangana,False,2025-06-03 00:00:00,False,MISSING,,ACTIVE,11281.97,False,2
MCH9460,MCH 9460,"Oza, Balakrishnan and Kapoor",5942,mcc_field,False,Books & Stationery,Stationery,Individual,Chennai,Tamil Nadu,False,,False,MASKED,5842,ACTIVE,481.26,False,1
MCH9463,MCH9463,Boase and Sons,5942,mcc_field,False,Books & Stationery,Books,Private Limited,Amritsar,Punjab,False,2025-06-01 16:04:50,False,ACCOUNT_NUMBER,5299,ACTIVE,835.0,False,1
MCH9467,MCH 9467,"Pall, Lala and Dhar",4131,mcc_field,False,Transportation,Transportation,Individual,Chennai,Tamil Nadu,False,2024-09-03 09:23:16,False,MISSING,,ACTIVE,1206.07,False,1
MCH9471,MCH9471,"Bajaj, Sandal and Barad",5912,mcc_field,False,Pharmacy,Pharmacies,Sole Proprietor,Mumbai,Maharashtra,False,2025-05-23 00:00:00,False,MASKED,5365,ACTIVE,457.15,True,2
MCH9472,mch9472,Sankaran-Om,5699,mcc_field,False,Apparel,Apparel,Private Limited,Delhi,Delhi,False,2023-06-03 00:00:00,False,VIRTUAL_ACCOUNT,0828,INACTIVE,4710.1,False,1
MCH9474,mch9474,"Dutta, Ramesh and Buch",7011,mcc_field,False,Hotels & Lodging,Hospitality,Sole Proprietor,Hyderabad,Telangana,False,2024-10-13 00:00:00,False,MISSING,,BLOCKED,290.21,False,2
MCH9476,mch9476,Sama Plc,5812,mcc_field,False,Restaurants,Restaurants,Private Limited,Hyderabad,Telangana,False,,False,MASKED,6830,ACTIVE,165.93,False,1
MCH9478,MCH9478,"Desai, Borah and Dugar",5999,inferred_from_category,False,Misc Retail,Other,Private Limited,Kolkata,West Bengal,False,,False,MISSING,,BLOCKED,1333.54,False,1
MCH9481,MCH-9481,Kata LLC,4814,mcc_field,False,Telecom,phone service,Partnership,Amritsar,Punjab,False,2025-11-25 00:00:00,False,MISSING,,ACTIVE,1054.88,False,2
MCH9482,MCH 9482,"Vasa, Chada and Iyengar",5411,mcc_field,False,Grocery,Grocery Stores,Partnership,Hyderabad,Telangana,False,,False,MASKED,4559,ACTIVE,600.13,False,1
MCH9483,MCH9483,"Yohannan, Ghose and Pal",5699,mcc_field,False,Apparel,Clothing,Partnership,Hyderabad,Telangana,False,2023-03-21 23:53:34,False,MISSING,,ACTIVE,4425.5,False,1
MCH9484,MCH9484,"Bail, Sen and Bava",5912,inferred_from_category,False,Pharmacy,MEDICAL_STORE,Sole Proprietor,Jalandhar,Punjab,False,2024-11-30 00:00:00,False,MISSING,,ACTIVE,1401.0,False,1
MCH9489,mch9489,Badal-Sankaran,4131,mcc_field,False,Transportation,Transport,Sole Proprietor,Chennai,Tamil Nadu,False,2026-02-03 18:53:00,False,MISSING,,ACTIVE,1437.06,False,1
MCH9492,mch9492,Mitra Group,5912,mcc_field,False,Pharmacy,chemist,Private Limited,Kolkata,West Bengal,False,2024-07-13 00:00:00,False,ACCOUNT_NUMBER,2263,ACTIVE,1049.0,False,2
MCH9494,MCH9494,"Wable, Warrior and Parmer",4814,inferred_from_category,False,Telecom,TELECOM,Individual,Pune,Maharashtra,False,2024-05-27 00:00:00,False,MISSING,,ACTIVE,455.01,False,3
MCH9502,MCH 9502,Vyas-Hayre,5942,mcc_field,False,Books & Stationery,Book Store,Sole Proprietor,Mumbai,Maharashtra,False,2023-03-25 00:00:00,False,MISSING,,ACTIVE,777.19,False,1
MCH9503,MCH9503,Kulkarni LLC,4131,mcc_field,False,Transportation,transprt,Individual,Hyderabad,Telangana,False,2026-01-22 21:02:00,False,VIRTUAL_ACCOUNT,4779,INACTIVE,1312.52,False,2
MCH9506,mch9506,"Savant, Bains and Bali",5912,mcc_field,False,Pharmacy,Medical,Partnership,Pune,Maharashtra,False,2025-01-12 00:00:00,False,MASKED,0299,ACTIVE,353.01,False,1
MCH9510,MCH9510,Warrior-Thakkar,4131,mcc_field,False,Transportation,transprt,Sole Proprietor,Bengaluru,Karnataka,False,2024-09-15 00:00:00,False,MISSING,,ACTIVE,1261.0,False,1
MCH9514,mch9514,Prakash Group,5912,mcc_field,False,Pharmacy,Pharmacies,Partnership,Lucknow,Uttar Pradesh,False,2024-10-06 00:00:00,False,MASKED,7878,INACTIVE,2338.36,False,1
MCH9516,MCH9516,"Sule, Borra and Rattan",5812,inferred_from_category,False,Restaurants,Food,Partnership,Amritsar,Punjab,False,2023-01-19 00:01:38,False,MISSING,,ACTIVE,397.19,True,1
MCH9517,9517,Menon Inc,7011,inferred_from_category,False,Hotels & Lodging,Hospitality,Sole Proprietor,Mumbai,Maharashtra,False,2023-09-23 00:00:00,False,MASKED,3518,ACTIVE,1486.34,True,1
MCH9519,MCH9519,Shere-Banik,5699,mcc_field,False,Apparel,CLOTHS,Sole Proprietor,Lucknow,Uttar Pradesh,False,2025-07-04 00:00:00,False,MISSING,,ACTIVE,889.4,False,1
MCH9521,MCH9521,"Soni, Bal and Thaman",5699,mcc_field,False,Apparel,Clothing,Partnership,Ludhiana,Punjab,False,2023-05-04 07:18:00,False,MISSING,,CLOSED,155.0,False,1
MCH9523,MCH9523,"Tank, Uppal and Malhotra",5912,mcc_field,False,Pharmacy,Pharmacies,Partnership,Pune,Maharashtra,False,2025-10-25 00:00:00,False,MISSING,,ACTIVE,5060.01,False,1
MCH9528,MCH9528,Kibe-Memon,5699,mcc_field,False,Apparel,Apparel,Sole Proprietor,Delhi,Delhi,False,2025-12-07 00:00:00,False,MASKED,9874,ACTIVE,5399.84,False,1
MCH9529,MCH9529,Dubey Inc,4814,mcc_field,False,Telecom,Mobile Recharge,Private Limited,Pune,Maharashtra,False,2024-04-26 00:00:00,False,MASKED,3556,ACTIVE,1801.0,False,1
MCH9530,mch9530,Borah Plc,5812,inferred_from_category,False,Restaurants,FOOD_SERVICES,Individual,Hyderabad,Telangana,False,2023-11-01 00:00:00,False,MISSING,,SUSPENDED,999.86,False,1
MCH9531,MCH 9531,Lad Ltd,5411,mcc_field,False,Grocery,kirana,Private Limited,Ludhiana,Punjab,False,2025-12-02 00:00:00,False,VIRTUAL_ACCOUNT,8566,SUSPENDED,545.56,False,1
MCH9534,MCH-9534,Deshmukh-Yadav,7011,mcc_field,False,Hotels & Lodging,Hospitality,Individual,Hyderabad,Telangana,False,2024-08-13 00:00:00,False,MASKED,7810,ACTIVE,1143.6,False,1
MCH9537,MCH9537,Chakraborty Plc,5942,mcc_field,False,Books & Stationery,BOOKS_STATIONERY,Individual,Amritsar,Punjab,False,2025-01-02 06:24:34,False,MASKED,8422,ACTIVE,1188.48,True,3
MCH9541,mch9541,"Grover, Bhatia and Tandon",5812,inferred_from_category,False,Restaurants,Food,Partnership,Lucknow,Uttar Pradesh,False,2025-07-02 05:37:38,False,MISSING,,ACTIVE,2401.33,False,1
MCH9542,MCH9542,"Singh, Johal and Khalsa",5942,mcc_field,False,Books & Stationery,Book Store,Individual,Hyderabad,Telangana,False,2025-06-18 21:51:23,False,MASKED,3154,ACTIVE,2463.46,False,2
MCH9543,MCH9543,"Gour, Raju and Dara",4131,mcc_field,False,Transportation,TRAVEL,Individual,Amritsar,Punjab,False,2024-02-10 00:00:00,False,MISSING,,ACTIVE,458.0,True,2
MCH9546,9546,"Mohan, Tak and Dhingra",5999,mcc_field,False,Misc Retail,Retail Other,Sole Proprietor,Amritsar,Punjab,False,2024-11-20 10:50:24,False,MASKED,5350,ACTIVE,1645.26,False,2
MCH9547,MCH9547,Anne-Narasimhan,5311,mcc_field,False,Department Stores,DEPT_STORE,Individual,Delhi,Delhi,False,2025-04-11 00:00:00,False,MISSING,,ACTIVE,823.12,False,1
MCH9548,MCH9548,Raja Plc,4131,inferred_from_category,False,Transportation,Transportation,Partnership,Jaipur,Rajasthan,False,2026-02-22 14:03:23,False,MASKED,5841,ACTIVE,1649.0,False,2
MCH9550,MCH9550,Chandra-Sangha,5942,mcc_field,False,Books & Stationery,Book Store,Sole Proprietor,Hyderabad,Telangana,False,2025-12-18 00:00:00,False,MISSING,,ACTIVE,674.9,False,1
MCH9551,MCH9551,Chaudhari-Dugar,5942,mcc_field,False,Books & Stationery,BOOKS_STATIONERY,Individual,Lucknow,Uttar Pradesh,False,2023-08-11 00:00:00,False,MASKED,6470,ACTIVE,2156.36,False,2
MCH9554,mch9554,Kale Ltd,4814,mcc_field,False,Telecom,Telecom,Partnership,Kolkata,West Bengal,False,2025-12-07 00:00:00,False,MISSING,,SUSPENDED,696.0,False,1
MCH9555,MCH9555,"Nadig, Kumer and Nath",5912,mcc_field,False,Pharmacy,MEDICAL_STORE,Partnership,Lucknow,Uttar Pradesh,False,2023-02-01 00:00:00,False,ACCOUNT_NUMBER,7253,ACTIVE,,False,2
MCH9556,MCH9556,"Hari, Dave and Ahluwalia",4131,mcc_field,False,Transportation,transprt,Sole Proprietor,Chennai,Tamil Nadu,False,2025-06-12 00:00:00,False,VIRTUAL_ACCOUNT,9377,ACTIVE,4820.97,False,1
MCH9559,MCH9559,Randhawa-Mody,5699,mcc_field,False,Apparel,Fashion,Sole Proprietor,Amritsar,Punjab,False,2025-06-08 00:00:00,False,MASKED,2517,INACTIVE,543.84,False,1
MCH9560,MCH9560,Puri-Ahluwalia,5999,mcc_field,False,Misc Retail,Misc Retail,Partnership,Ludhiana,Punjab,False,2025-06-21 05:09:56,False,MASKED,3305,ACTIVE,1176.68,False,2
MCH9563,MCH9563,Sharaf-Tella,7011,inferred_from_category,False,Hotels & Lodging,Hotels,Sole Proprietor,Kolkata,West Bengal,False,2025-02-09 00:00:00,False,MISSING,,ACTIVE,1375.95,False,2
MCH9565,MCH9565,"Dhar, Shukla and Chaudhary",5942,mcc_field,False,Books & Stationery,Books,Individual,Chennai,Tamil Nadu,False,2025-08-22 13:59:00,False,ACCOUNT_NUMBER,9014,ACTIVE,2205.09,False,3
MCH9566,MCH9566,Batra-Kaul,5311,mcc_field,False,Department Stores,Department Stores,Private Limited,Delhi,Delhi,False,2025-11-28 00:00:00,False,VIRTUAL_ACCOUNT,2521,ACTIVE,1260.75,False,1
MCH9567,MCH9567,"Dar, Gera and Sane",5812,mcc_field,False,Restaurants,FOOD_SERVICES,Private Limited,Delhi,Delhi,False,2026-01-09 00:00:00,False,MISSING,,ACTIVE,850.48,False,1
MCH9569,MCH 9569,Parekh-Kalita,5311,mcc_field,False,Department Stores,Retail,Individual,Amritsar,Punjab,False,2025-12-07 00:00:00,False,MASKED,5054,ACTIVE,1617.31,False,1
MCH9571,MCH9571,Buch Inc,5812,mcc_field,False,Restaurants,Restaurants,Individual,Hyderabad,Telangana,False,,False,VIRTUAL_ACCOUNT,8428,ACTIVE,1270.83,False,1
MCH9580,MCH9580,"Murthy, Virk and Lad",5311,inferred_from_category,False,Department Stores,DEPT_STORE,Partnership,Ludhiana,Punjab,False,2025-09-20 00:00:00,False,MISSING,,ACTIVE,1520.62,False,1
MCH9582,MCH-9582,"Aggarwal, Morar and Vohra",4814,mcc_field,False,Telecom,TELECOM,Private Limited,Chennai,Tamil Nadu,False,2026-02-02 00:00:00,False,ACCOUNT_NUMBER,2956,ACTIVE,2012.0,False,1
MCH9583,MCH9583,Khurana-Johal,5411,mcc_field,False,Grocery,Grocery,Partnership,Delhi,Delhi,False,2024-04-30 09:32:52,False,ACCOUNT_NUMBER,6597,ACTIVE,5627.6,False,2
MCH9584,mch9584,"Bhat, Shukla and Bajaj",5311,mcc_field,False,Department Stores,Department Stores,Private Limited,Mumbai,Maharashtra,False,2025-02-04 10:04:43,False,MASKED,2185,CLOSED,4140.74,False,2
MCH9586,MCH9586,Ghose Plc,7011,mcc_field,False,Hotels & Lodging,Hotels,Private Limited,Chennai,Tamil Nadu,False,2023-03-30 00:00:00,False,MISSING,,ACTIVE,2522.89,False,1
MCH9587,MCH9587,Krishnamurthy-Contractor,4814,mcc_field,False,Telecom,Mobile Recharge,Sole Proprietor,Kolkata,West Bengal,False,2024-12-09 00:00:00,False,MASKED,7878,ACTIVE,211.86,False,1
MCH9591,MCH9591,Bali Group,5999,mcc_field,False,Misc Retail,Miscellaneous,Sole Proprietor,Ludhiana,Punjab,False,2026-01-14 00:00:00,False,MISSING,,ACTIVE,3007.14,False,1
MCH9593,MCH9593,Dayal Inc,4131,inferred_from_category,False,Transportation,Transportation,Partnership,Kolkata,West Bengal,False,2024-05-06 00:00:00,False,MISSING,,ACTIVE,2414.51,False,3
MCH9594,MCH9594,Ben Group,5311,mcc_field,False,Department Stores,DEPT_STORE,Sole Proprietor,Jaipur,Rajasthan,False,2023-01-10 00:00:00,False,ACCOUNT_NUMBER,1369,ACTIVE,4070.31,False,1
MCH9595,MCH9595,Kapur Inc,5999,mcc_field,False,Misc Retail,Miscellaneous,Private Limited,Chennai,Tamil Nadu,False,2023-10-26 00:00:00,False,VIRTUAL_ACCOUNT,2715,ACTIVE,,False,1
MCH9601,mch9601,Joshi-Chauhan,4131,mcc_field,False,Transportation,Bus/Taxi,Private Limited,Bengaluru,Karnataka,False,2023-10-05 00:00:00,False,VIRTUAL_ACCOUNT,5225,ACTIVE,1949.42,False,2
MCH9604,mch9604,Merchant-Johal,5311,mcc_field,False,Department Stores,Retail,Partnership,Pune,Maharashtra,False,2024-10-11 00:00:00,False,ACCOUNT_NUMBER,6703,ACTIVE,762.2,False,1
MCH9605,MCH9605,Chokshi LLC,5812,mcc_field,False,Restaurants,Restaurants,Sole Proprietor,Bengaluru,Karnataka,False,2026-01-31 00:00:00,False,MISSING,,ACTIVE,2523.0,False,1
MCH9609,MCH9609,Bhatti Inc,5411,mcc_field,False,Grocery,GROCERY_STORE,Individual,Hyderabad,Telangana,False,2026-01-29 00:00:00,False,VIRTUAL_ACCOUNT,4644,SUSPENDED,1792.34,False,4
MCH9613,MCH9613,Tella Group,5912,mcc_field,False,Pharmacy,Pharmacy,Partnership,Hyderabad,Telangana,False,2024-07-29 00:00:00,False,VIRTUAL_ACCOUNT,1161,ACTIVE,,False,1
MCH9617,9617,Ranganathan-Halder,5411,mcc_field,False,Grocery,Grocery Stores,Private Limited,Chennai,Tamil Nadu,False,2024-08-12 00:00:00,False,ACCOUNT_NUMBER,2456,ACTIVE,904.23,False,1
MCH9620,mch9620,Chad Plc,5311,inferred_from_category,False,Department Stores,Retail,Individual,Ludhiana,Punjab,False,2025-04-16 00:00:00,False,VIRTUAL_ACCOUNT,9311,ACTIVE,786.55,False,2
MCH9623,MCH9623,Subramanian LLC,5912,mcc_field,False,Pharmacy,Medical,Individual,Hyderabad,Telangana,False,2025-06-07 00:00:00,False,MASKED,2659,ACTIVE,1226.76,False,2
MCH9624,MCH9624,Brar-Chad,5311,mcc_field,False,Department Stores,DEPT_STORE,Individual,Amritsar,Punjab,False,2025-02-04 00:00:00,False,MASKED,6058,SUSPENDED,2595.66,False,1
MCH9625,MCH9625,Tripathi Plc,4814,mcc_field,False,Telecom,phone service,Private Limited,Amritsar,Punjab,False,2024-09-11 21:48:18,False,MISSING,,ACTIVE,,False,1
MCH9626,mch9626,Gulati-Chhabra,4814,mcc_field,False,Telecom,Telecom,Partnership,Lucknow,Uttar Pradesh,False,2025-02-21 13:12:50,False,MISSING,,ACTIVE,880.0,False,1
MCH9627,MCH9627,Randhawa Group,7011,mcc_field,False,Hotels & Lodging,Hotel,Private Limited,Chennai,Tamil Nadu,False,2023-08-31 05:51:15,False,MISSING,,ACTIVE,714.24,True,1
MCH9632,MCH9632,Kade-Shere,5311,mcc_field,False,Department Stores,Department Stores,Sole Proprietor,Delhi,Delhi,False,2025-11-28 00:00:00,False,MISSING,,ACTIVE,895.55,False,1
MCH9635,MCH 9635,Parekh-Mammen,5411,mcc_field,False,Grocery,Grocery,Private Limited,Pune,Maharashtra,False,2025-05-07 07:22:44,False,MISSING,,ACTIVE,1533.7,False,2
MCH9636,MCH-9636,Kibe-Magar,5699,mcc_field,False,Apparel,CLOTHS,Individual,Bengaluru,Karnataka,False,2023-08-21 09:35:55,False,VIRTUAL_ACCOUNT,6497,ACTIVE,1341.04,True,1
MCH9637,9637,Handa-Basu,5699,mcc_field,False,Apparel,Clothing,Partnership,Pune,Maharashtra,False,2025-09-17 00:00:00,False,MISSING,,ACTIVE,515.71,False,1
MCH9638,MCH9638,"Dara, Badami and Sen",5699,mcc_field,False,Apparel,garments,Sole Proprietor,Lucknow,Uttar Pradesh,False,2026-01-22 00:00:00,False,MISSING,,ACTIVE,3649.35,False,1
MCH9640,MCH 9640,Basu Group,5311,inferred_from_category,False,Department Stores,Department Store,Sole Proprietor,Bengaluru,Karnataka,False,2025-05-21 00:00:00,False,MISSING,,ACTIVE,8379.99,False,3
MCH9641,MCH9641,Andra Ltd,5912,mcc_field,False,Pharmacy,Pharmacies,Private Limited,Kolkata,West Bengal,False,2025-10-15 02:13:04,False,ACCOUNT_NUMBER,2758,ACTIVE,3323.59,False,1
MCH9642,9642,Sarin Group,4814,mcc_field,False,Telecom,TELECOM,Individual,Mumbai,Maharashtra,False,2025-10-09 00:00:00,False,VIRTUAL_ACCOUNT,5624,ACTIVE,11510.93,False,1
MCH9647,MCH9647,"Bhat, Tank and Aurora",7011,mcc_field,False,Hotels & Lodging,HOTEL_LODGING,Individual,Kolkata,West Bengal,False,2024-08-18 00:00:00,False,ACCOUNT_NUMBER,8918,ACTIVE,5590.39,False,1
MCH9649,MCH-9649,Sachdeva-Dey,7011,mcc_field,False,Hotels & Lodging,HOTEL_LODGING,Sole Proprietor,Amritsar,Punjab,False,2025-12-06 07:10:00,False,VIRTUAL_ACCOUNT,7357,ACTIVE,493.43,True,1
MCH9651,MCH9651,Thakkar-Dass,5311,mcc_field,False,Department Stores,Department Stores,Private Limited,Jalandhar,Punjab,False,2023-03-28 04:13:28,False,MISSING,,ACTIVE,2535.0,False,1
MCH9654,mch9654,Saini-Bath,5942,mcc_field,False,Books & Stationery,Books,Private Limited,Ludhiana,Punjab,False,2024-10-11 00:00:00,False,MASKED,5605,ACTIVE,2570.91,False,1
MCH9659,MCH9659,Gokhale-Bassi,4814,mcc_field,False,Telecom,Mobile Recharge,Sole Proprietor,Mumbai,Maharashtra,False,2023-09-11 00:00:00,False,VIRTUAL_ACCOUNT,5275,ACTIVE,269.4,False,1
MCH9661,MCH9661,Ramanathan Group,7011,mcc_field,False,Hotels & Lodging,Hospitality,Individual,Mumbai,Maharashtra,False,2023-11-10 08:09:50,False,MISSING,,ACTIVE,735.62,False,1
MCH9662,9662,Basu-Korpal,4814,mcc_field,False,Telecom,TELECOM,Private Limited,Pune,Maharashtra,False,2023-09-13 15:28:38,False,VIRTUAL_ACCOUNT,8451,ACTIVE,1152.0,False,1
MCH9665,MCH-9665,Baria and Sons,5699,mcc_field,False,Apparel,Fashion,Sole Proprietor,Chennai,Tamil Nadu,False,2023-08-09 00:00:00,False,VIRTUAL_ACCOUNT,2461,SUSPENDED,4561.8,False,1
MCH9672,mch9672,Contractor-Sinha,5311,mcc_field,False,Department Stores,Retail,Individual,Kolkata,West Bengal,False,2024-11-26 00:00:00,False,ACCOUNT_NUMBER,9277,ACTIVE,1371.8,False,1
MCH9675,mch9675,Mand-Varkey,5912,mcc_field,False,Pharmacy,Medical,Individual,Jalandhar,Punjab,False,2025-11-05 00:00:00,False,MISSING,,INACTIVE,843.13,False,1
MCH9679,MCH9679,Raman Ltd,7011,inferred_from_category,False,Hotels & Lodging,HOTEL_LODGING,Sole Proprietor,Delhi,Delhi,False,2024-07-09 00:00:00,False,VIRTUAL_ACCOUNT,1305,INACTIVE,310.73,False,1
MCH9681,MCH9681,Bawa Plc,5699,mcc_field,False,Apparel,Clothing,Private Limited,Pune,Maharashtra,False,2024-01-09 03:45:47,False,MISSING,,ACTIVE,1913.04,False,1
MCH9683,MCH9683,Pillai Inc,5411,mcc_field,False,Grocery,Grocery,Partnership,Bengaluru,Karnataka,False,2024-11-28 00:00:00,False,MISSING,,SUSPENDED,1862.68,False,1
MCH9684,MCH9684,Bhasin Inc,5912,mcc_field,False,Pharmacy,Pharmacies,Private Limited,Delhi,Delhi,False,2025-01-20 00:00:00,False,MASKED,1695,INACTIVE,2227.2,False,1
MCH9688,MCH-9688,Choudhry LLC,5942,mcc_field,False,Books & Stationery,Books,Sole Proprietor,Bengaluru,Karnataka,False,2023-10-18 00:00:00,False,MISSING,,ACTIVE,825.43,False,1
MCH9690,MCH9690,Bail-Sarin,7011,mcc_field,False,Hotels & Lodging,Hotels,Partnership,Amritsar,Punjab,False,2025-04-11 17:06:00,False,MASKED,0228,ACTIVE,3320.22,False,1
MCH9692,9692,Parekh-Kurian,5699,mcc_field,False,Apparel,garments,Individual,Jaipur,Rajasthan,False,2025-10-20 00:00:00,False,MASKED,0036,ACTIVE,,False,2
MCH9693,9693,"Babu, Murty and Rao",5942,mcc_field,False,Books & Stationery,Stationery,Sole Proprietor,Pune,Maharashtra,False,2023-07-25 19:48:00,False,VIRTUAL_ACCOUNT,8024,ACTIVE,1260.07,False,1
MCH9696,MCH 9696,D’alia-Bhardwaj,5999,mcc_field,False,Misc Retail,Misc Retail,Private Limited,Lucknow,Uttar Pradesh,False,2024-02-17 21:42:16,False,MASKED,0392,ACTIVE,3568.12,False,1
MCH9697,MCH 9697,Walla Ltd,4814,inferred_from_category,False,Telecom,telecom,Individual,Bengaluru,Karnataka,False,2025-07-21 00:00:00,False,MISSING,,ACTIVE,1081.86,False,2
MCH9702,MCH9702,Ranganathan-Madan,7011,mcc_field,False,Hotels & Lodging,Hotels,Individual,Hyderabad,Telangana,False,2025-04-10 00:00:00,False,VIRTUAL_ACCOUNT,6187,ACTIVE,1980.13,False,1
MCH9704,MCH9704,"Wason, Upadhyay and Palla",5311,mcc_field,False,Department Stores,Retail,Private Limited,Mumbai,Maharashtra,False,2024-07-11 02:29:00,False,ACCOUNT_NUMBER,4202,ACTIVE,,False,2
MCH9706,MCH-9706,"Mohan, Sahni and Doctor",5699,mcc_field,False,Apparel,garments,Partnership,Lucknow,Uttar Pradesh,False,2023-10-26 00:00:00,False,MISSING,,ACTIVE,,False,1
MCH9710,MCH9710,Trivedi Plc,5411,mcc_field,False,Grocery,kirana,Partnership,Ludhiana,Punjab,False,2025-01-24 00:00:00,False,MISSING,,ACTIVE,718.83,False,2
MCH9713,9713,"Toor, Nayak and Varma",5699,mcc_field,False,Apparel,Fashion,Individual,Jalandhar,Punjab,False,,False,MISSING,,ACTIVE,297.05,True,1
MCH9714,MCH9714,Issac-Pall,5912,mcc_field,False,Pharmacy,Pharmacies,Private Limited,Chennai,Tamil Nadu,False,2024-07-06 12:33:24,False,MISSING,,INACTIVE,925.43,False,1
MCH9715,mch9715,Desai Plc,7011,mcc_field,False,Hotels & Lodging,Hotel,Partnership,Kolkata,West Bengal,False,2023-01-10 00:00:00,False,ACCOUNT_NUMBER,9015,INACTIVE,547.82,False,1
MCH9716,MCH9716,"Kadakia, Mishra and Bali",5812,mcc_field,False,Restaurants,Restaurants,Private Limited,Lucknow,Uttar Pradesh,False,2023-09-09 13:40:00,False,ACCOUNT_NUMBER,4803,ACTIVE,1762.09,True,1
MCH9718,MCH9718,Raval and Sons,5812,mcc_field,False,Restaurants,eating place,Individual,Bengaluru,Karnataka,False,2026-01-04 00:00:00,False,ACCOUNT_NUMBER,0074,ACTIVE,3311.57,False,4
MCH9720,MCH 9720,Hayre Ltd,5942,mcc_field,False,Books & Stationery,Stationery,Sole Proprietor,Pune,Maharashtra,False,2024-04-24 00:00:00,False,MISSING,,ACTIVE,507.94,False,1
MCH9722,MCH9722,"Krishna, Saxena and Aurora",4814,mcc_field,False,Telecom,Mobile Recharge,Individual,Lucknow,Uttar Pradesh,False,,False,MASKED,5150,ACTIVE,,False,1
MCH9725,MCH 9725,Shan LLC,5699,mcc_field,False,Apparel,Clothing,Individual,Lucknow,Uttar Pradesh,False,2024-12-20 00:00:00,False,ACCOUNT_NUMBER,9593,ACTIVE,2250.85,False,1
MCH9728,MCH9728,"Dass, Sengupta and Halder",5411,mcc_field,False,Grocery,groceries,Sole Proprietor,Chennai,Tamil Nadu,False,2024-10-29 12:12:00,False,MISSING,,ACTIVE,6287.55,False,1
MCH9729,MCH9729,Prabhakar Ltd,5812,mcc_field,False,Restaurants,Restaurants,Individual,Bengaluru,Karnataka,False,2025-12-28 11:50:57,False,MISSING,,ACTIVE,1127.0,False,1
MCH9731,MCH-9731,Chaudhry-Pillay,5311,mcc_field,False,Department Stores,DEPT_STORE,Individual,Jaipur,Rajasthan,False,2025-09-19 16:43:34,False,ACCOUNT_NUMBER,2437,ACTIVE,516.39,False,1
MCH9732,MCH9732,"Srinivasan,edwinand Rattan",4131,inferred_from_category,False,Transportation,TRAVEL,Sole Proprietor,Amritsar,Punjab,False,2025-04-19 12:04:14,False,MISSING,,ACTIVE,3076.5,False,2
MCH9733,MCH9733,Sathe-Hari,4131,mcc_field,False,Transportation,Transport,Partnership,Bengaluru,Karnataka,False,2025-09-24 05:50:29,False,MISSING,,ACTIVE,1033.79,False,1
MCH9736,MCH9736,Sant Plc,7011,mcc_field,False,Hotels & Lodging,HOTEL_LODGING,Sole Proprietor,Lucknow,Uttar Pradesh,False,2024-12-07 00:00:00,False,ACCOUNT_NUMBER,1928,ACTIVE,1081.26,False,1
MCH9738,MCH9738,Barman-Rastogi,5411,mcc_field,False,Grocery,Grocery,Partnership,Chennai,Tamil Nadu,False,2024-11-19 00:00:00,False,MASKED,3047,ACTIVE,2419.77,False,1
MCH9739,MCH9739,"Gupta, Bhatia and Dhillon",4131,mcc_field,False,Transportation,transprt,Private Limited,Jaipur,Rajasthan,False,2025-03-20 00:00:00,False,MISSING,,ACTIVE,374.45,True,1
MCH9740,MCH9740,Jain and Sons,5812,mcc_field,False,Restaurants,Restaurants,Individual,Jaipur,Rajasthan,False,2025-01-31 05:45:13,False,VIRTUAL_ACCOUNT,0204,ACTIVE,1510.42,False,1
MCH9743,mch9743,Sahota-Krish,5942,mcc_field,False,Books & Stationery,Stationery,Private Limited,Ludhiana,Punjab,False,2023-05-22 00:00:00,False,MISSING,,ACTIVE,873.78,False,1
MCH9744,MCH9744,Walia Inc,5942,mcc_field,False,Books & Stationery,stationery,Sole Proprietor,Bengaluru,Karnataka,False,2024-06-24 00:00:00,False,MASKED,8765,SUSPENDED,574.28,False,2
MCH9745,MCH9745,Chaudhuri Plc,5699,inferred_from_category,False,Apparel,CLOTHS,Sole Proprietor,Pune,Maharashtra,False,2025-05-26 00:00:00,False,VIRTUAL_ACCOUNT,2333,INACTIVE,475.31,False,3
MCH9749,9749,"Vasa, Jha and Babu",7011,mcc_field,False,Hotels & Lodging,Hospitality,Sole Proprietor,Chennai,Tamil Nadu,False,2025-04-08 00:00:00,False,VIRTUAL_ACCOUNT,1516,ACTIVE,276.87,False,2
MCH9751,MCH9751,Memon-Sinha,5812,mcc_field,False,Restaurants,Restaurant,Sole Proprietor,Ludhiana,Punjab,False,2023-07-16 00:00:00,False,ACCOUNT_NUMBER,8035,ACTIVE,2265.65,False,1
MCH9753,MCH9753,Chowdhury and Sons,4814,mcc_field,False,Telecom,TELECOM,Individual,Mumbai,Maharashtra,False,2023-07-06 13:36:00,False,VIRTUAL_ACCOUNT,6583,ACTIVE,559.33,False,1
MCH9754,MCH9754,Khanna Group,5411,mcc_field,False,Grocery,GROCERY_STORE,Partnership,Ludhiana,Punjab,False,2023-11-20 00:00:00,False,VIRTUAL_ACCOUNT,2084,ACTIVE,3682.51,False,1
MCH9755,MCH-9755,Anand Inc,5311,mcc_field,False,Department Stores,Department Store,Private Limited,Lucknow,Uttar Pradesh,False,2024-10-09 16:48:00,False,VIRTUAL_ACCOUNT,8021,ACTIVE,2048.19,False,2
MCH9756,MCH9756,"Dugal, Virk and Dhaliwal",4131,mcc_field,False,Transportation,Transport,Partnership,Jalandhar,Punjab,False,2023-01-01 08:25:47,False,VIRTUAL_ACCOUNT,9889,ACTIVE,494.0,False,1
MCH9757,MCH9757,Venkataraman-Vig,5311,mcc_field,False,Department Stores,DEPT_STORE,Sole Proprietor,Amritsar,Punjab,False,2025-03-26 02:02:24,False,MISSING,,ACTIVE,1622.73,True,1
MCH9762,MCH9762,Kara LLC,5999,mcc_field,False,Misc Retail,Retail Other,Individual,Delhi,Delhi,False,,False,ACCOUNT_NUMBER,0458,ACTIVE,413.17,False,1
MCH9763,mch9763,Bhatnagar-Ramesh,5699,mcc_field,False,Apparel,CLOTHS,Individual,Bengaluru,Karnataka,False,2023-03-24 10:13:00,False,VIRTUAL_ACCOUNT,4349,ACTIVE,2954.71,False,1
MCH9764,MCH9764,More-Bhavsar,5912,mcc_field,False,Pharmacy,chemist,Sole Proprietor,Pune,Maharashtra,False,2024-09-06 22:28:13,False,MASKED,9274,ACTIVE,3514.68,False,2
MCH9769,MCH 9769,"Kota, Dara and Sarin",4131,inferred_from_category,False,Transportation,TRAVEL,Partnership,Ludhiana,Punjab,False,2025-05-22 00:00:00,False,MASKED,8418,ACTIVE,2120.25,False,3
MCH9770,MCH9770,Jha-Andra,4131,inferred_from_category,False,Transportation,transprt,Sole Proprietor,Chennai,Tamil Nadu,False,2026-01-22 00:00:00,False,VIRTUAL_ACCOUNT,4006,SUSPENDED,1847.23,False,1
MCH9772,MCH9772,Sachdeva LLC,5411,mcc_field,False,Grocery,Grocery Stores,Sole Proprietor,Kolkata,West Bengal,False,2025-10-23 00:00:00,False,VIRTUAL_ACCOUNT,8008,ACTIVE,,False,3
MCH9774,MCH9774,Trivedi Group,5912,mcc_field,False,Pharmacy,Pharmacy,Partnership,Jaipur,Rajasthan,False,2024-08-03 00:00:00,False,ACCOUNT_NUMBER,0478,ACTIVE,1811.0,False,1
MCH9778,MCH 9778,"Chandra, Subramanian and Borde",5942,mcc_field,False,Books & Stationery,Book Store,Private Limited,Bengaluru,Karnataka,False,2025-05-20 15:00:27,False,ACCOUNT_NUMBER,8556,ACTIVE,2313.1,False,1
MCH9779,mch9779,De0-Agate,4814,mcc_field,False,Telecom,Telecom,Individual,Kolkata,West Bengal,False,2024-03-24 00:00:00,False,MISSING,,ACTIVE,2425.1,False,1
MCH9780,MCH9780,"Kibe, Setty and Kaul",5942,mcc_field,False,Books & Stationery,Book Store,Private Limited,Mumbai,Maharashtra,False,2024-07-14 00:00:00,False,VIRTUAL_ACCOUNT,3304,ACTIVE,3251.18,False,1
MCH9782,MCH9782,"Prashad, Sura and Mutti",5311,mcc_field,False,Department Stores,Department Store,Sole Proprietor,Amritsar,Punjab,False,2025-04-17 00:00:00,False,MISSING,,ACTIVE,2734.0,False,2
MCH9784,MCH9784,Lal Ltd,5812,mcc_field,False,Restaurants,eating place,Partnership,Chennai,Tamil Nadu,False,2024-12-28 05:21:00,False,MASKED,3001,ACTIVE,1442.84,False,1
MCH9785,MCH9785,Nagarajan Plc,5699,mcc_field,False,Apparel,CLOTHS,Individual,Mumbai,Maharashtra,False,2025-08-06 00:00:00,False,MISSING,,ACTIVE,2709.78,False,3
MCH9786,MCH9786,"Pai, Thakkar and Krish",5311,mcc_field,False,Department Stores,Department Store,Private Limited,Hyderabad,Telangana,False,,False,MISSING,,ACTIVE,1876.06,False,1
MCH9787,MCH9787,Nigam LLC,7011,mcc_field,False,Hotels & Lodging,Hotels,Private Limited,Jaipur,Rajasthan,False,2023-06-18 00:00:00,False,MISSING,,INACTIVE,717.19,False,2
MCH9790,MCH9790,Kumar-Dua,4814,mcc_field,False,Telecom,Mobile Recharge,Sole Proprietor,Kolkata,West Bengal,False,2024-12-09 00:00:00,False,MASKED,3101,ACTIVE,375.28,False,3
MCH9793,MCH9793,Brar Ltd,5699,inferred_from_category,False,Apparel,Fashion,Private Limited,Bengaluru,Karnataka,False,,False,ACCOUNT_NUMBER,1666,ACTIVE,198.68,False,1
MCH9797,MCH9797,"Basu, Kota and Hora",7011,mcc_field,False,Hotels & Lodging,HOTEL_LODGING,Individual,Jaipur,Rajasthan,False,,False,MISSING,,ACTIVE,3455.43,False,1
MCH9798,mch9798,Mann-Gera,4131,mcc_field,False,Transportation,transprt,Individual,Jalandhar,Punjab,False,2025-07-15 05:53:00,False,VIRTUAL_ACCOUNT,9887,ACTIVE,952.0,False,1
MCH9800,MCH9800,Dasgupta-Sathe,7011,mcc_field,False,Hotels & Lodging,Hotel,Partnership,Ludhiana,Punjab,False,2024-06-13 13:22:14,False,ACCOUNT_NUMBER,4632,ACTIVE,,False,2
MCH9801,MCH 9801,"Manda, Bansal and Devan",5812,mcc_field,False,Restaurants,Restaurant,Partnership,Pune,Maharashtra,False,2025-09-12 00:49:00,False,MASKED,9062,SUSPENDED,1106.68,False,1
MCH9802,MCH9802,Contractor-Keer,5699,mcc_field,False,Apparel,garments,Individual,Delhi,Delhi,False,2024-04-08 00:00:00,False,ACCOUNT_NUMBER,7381,ACTIVE,1430.48,False,2
MCH9803,MCH9803,Rastogi Ltd,5942,inferred_from_category,False,Books & Stationery,BOOKS_STATIONERY,Partnership,Jaipur,Rajasthan,False,2025-01-29 05:08:38,False,MISSING,,ACTIVE,3135.89,False,1
MCH9804,MCH9804,Bhasin-Peri,5311,mcc_field,False,Department Stores,DEPT_STORE,Sole Proprietor,Chennai,Tamil Nadu,False,2023-12-21 00:24:00,False,MISSING,,SUSPENDED,962.52,False,1
MCH9805,MCH9805,Sha-Mitter,5311,mcc_field,False,Department Stores,Retail,Partnership,Jalandhar,Punjab,False,,False,ACCOUNT_NUMBER,2906,ACTIVE,1993.26,False,1
MCH9806,MCH9806,Hari-Kant,5411,mcc_field,False,Grocery,groceries,Individual,Amritsar,Punjab,False,2023-12-26 00:00:00,False,VIRTUAL_ACCOUNT,7555,ACTIVE,1398.42,False,1
MCH9807,mch9807,Pillay-Sule,5912,mcc_field,False,Pharmacy,chemist,Partnership,Ludhiana,Punjab,False,2024-09-17 00:00:00,False,MISSING,,ACTIVE,3555.86,False,1
MCH9811,MCH9811,"Dyal, Ranganathan and Sinha",5812,mcc_field,False,Restaurants,Food,Private Limited,Delhi,Delhi,False,2025-11-04 00:00:00,False,VIRTUAL_ACCOUNT,7878,ACTIVE,972.81,False,2
MCH9813,MCH9813,Menon Group,5999,inferred_from_category,False,Misc Retail,Retail Other,Individual,Delhi,Delhi,False,2026-01-06 00:00:00,False,MASKED,6379,SUSPENDED,12265.27,False,3
MCH9814,mch9814,Sekhon-Luthra,5411,mcc_field,False,Grocery,GROCERY_STORE,Individual,Hyderabad,Telangana,False,2023-06-12 00:00:00,False,MISSING,,ACTIVE,2338.35,False,1
MCH9815,MCH9815,"Narasimhan, Vasa and Goswami",5942,mcc_field,False,Books & Stationery,Book Store,Individual,Delhi,Delhi,False,2025-11-10 04:53:00,False,VIRTUAL_ACCOUNT,2719,ACTIVE,528.91,True,2
MCH9820,MCH9820,"Rai, Saha and Lalla",7011,mcc_field,False,Hotels & Lodging,HOTEL_LODGING,Individual,Amritsar,Punjab,False,2024-10-13 00:00:00,False,MISSING,,ACTIVE,3129.0,False,1
MCH9821,MCH9821,Natt-Kibe,5699,mcc_field,False,Apparel,Fashion,Private Limited,Chennai,Tamil Nadu,False,2025-05-03 00:00:00,False,MASKED,1748,ACTIVE,4072.48,False,1
MCH9822,MCH 9822,Thaman-Parsa,5311,mcc_field,False,Department Stores,Department Store,Private Limited,Bengaluru,Karnataka,False,,False,ACCOUNT_NUMBER,0031,ACTIVE,534.71,False,1
MCH9823,MCH9823,Kunda-Parekh,5812,mcc_field,False,Restaurants,Restaurant,Individual,Mumbai,Maharashtra,False,2023-04-10 00:00:00,False,VIRTUAL_ACCOUNT,9475,ACTIVE,1308.28,False,1
MCH9824,MCH9824,Memon-Mistry,4814,mcc_field,False,Telecom,phone service,Partnership,Ludhiana,Punjab,False,2024-08-16 02:30:46,False,MISSING,,SUSPENDED,837.47,False,1
MCH9826,MCH9826,Rana and Sons,5411,inferred_from_category,False,Grocery,groceries,Private Limited,Bengaluru,Karnataka,False,2023-07-07 16:29:00,False,VIRTUAL_ACCOUNT,1551,ACTIVE,739.28,False,1
MCH9827,MCH9827,Chaudry and Sons,5311,mcc_field,False,Department Stores,Department Stores,Private Limited,Bengaluru,Karnataka,False,2025-04-02 00:00:00,False,VIRTUAL_ACCOUNT,2305,ACTIVE,1686.75,False,1
MCH9831,MCH9831,Deep-Kanda,4814,mcc_field,False,Telecom,phone service,Sole Proprietor,Pune,Maharashtra,False,2025-07-29 00:00:00,False,MASKED,7811,ACTIVE,796.02,False,3
MCH9834,MCH9834,Handa-Chaudhari,5411,mcc_field,False,Grocery,Grocery Stores,Private Limited,Lucknow,Uttar Pradesh,False,2025-04-27 00:00:00,False,MASKED,0961,ACTIVE,3989.9,False,3
MCH9835,MCH-9835,Mahajan-Pingle,7011,mcc_field,False,Hotels & Lodging,HOTEL_LODGING,Private Limited,Jaipur,Rajasthan,False,2025-09-22 00:00:00,False,MISSING,,ACTIVE,2477.71,False,2
MCH9836,mch9836,"Nori, Malhotra and Deep",7011,mcc_field,False,Hotels & Lodging,HOTEL_LODGING,Sole Proprietor,Chennai,Tamil Nadu,False,,False,MASKED,5684,ACTIVE,3007.0,False,1
MCH9837,MCH-9837,Raval-Aurora,5812,mcc_field,False,Restaurants,Restaurants,Sole Proprietor,Kolkata,West Bengal,False,2023-04-26 00:00:00,False,MISSING,,ACTIVE,2990.0,False,1
MCH9839,9839,Natarajan-Keer,5812,mcc_field,False,Restaurants,eating place,Individual,Delhi,Delhi,False,2025-03-03 12:00:05,False,MASKED,6434,ACTIVE,2189.15,False,1
MCH9840,MCH 9840,"Gara, Bedi and Dua",5942,mcc_field,False,Books & Stationery,Stationery,Private Limited,Amritsar,Punjab,False,2025-09-12 00:00:00,False,ACCOUNT_NUMBER,3528,ACTIVE,369.0,False,1
MCH9843,MCH9843,"Banerjee, Singh and Anne",5942,mcc_field,False,Books & Stationery,Stationery,Individual,Chennai,Tamil Nadu,False,2025-04-07 00:00:00,False,MISSING,,ACTIVE,8077.21,False,1
MCH9844,MCH9844,Menon and Sons,4131,mcc_field,False,Transportation,Bus/Taxi,Sole Proprietor,Mumbai,Maharashtra,False,2024-04-14 00:00:00,False,MISSING,,ACTIVE,1083.0,False,1
MCH9845,MCH9845,Misra-Varghese,5912,mcc_field,False,Pharmacy,Pharmacies,Sole Proprietor,Ludhiana,Punjab,False,2025-12-30 00:00:00,False,MISSING,,ACTIVE,186.59,False,1
MCH9846,MCH9846,Mukherjee Ltd,5812,mcc_field,False,Restaurants,Restaurant,Sole Proprietor,Chennai,Tamil Nadu,False,2024-09-15 00:00:00,False,MASKED,2201,ACTIVE,1799.62,False,2
MCH9847,MCH-9847,"Krish, Rau and Parsa",5999,mcc_field,False,Misc Retail,Retail Other,Private Limited,Kolkata,West Bengal,False,2024-12-26 00:00:00,False,MISSING,,ACTIVE,1027.86,False,2
MCH9848,mch9848,Borde Inc,5311,inferred_from_category,False,Department Stores,Retail,Private Limited,Hyderabad,Telangana,False,2024-02-03 00:00:00,False,ACCOUNT_NUMBER,6800,ACTIVE,1173.29,False,1
MCH9849,MCH9849,Jayaraman Inc,5942,mcc_field,False,Books & Stationery,BOOKS_STATIONERY,Individual,Kolkata,West Bengal,False,2026-02-11 02:12:30,False,ACCOUNT_NUMBER,8402,ACTIVE,1659.94,False,1
MCH9853,MCH9853,Dhar-Raval,5912,mcc_field,False,Pharmacy,Pharmacies,Sole Proprietor,Kolkata,West Bengal,False,,False,MISSING,,ACTIVE,795.17,False,1
MCH9855,MCH9855,Samra-Manda,4814,mcc_field,False,Telecom,Mobile Recharge,Private Limited,Chennai,Tamil Nadu,False,2025-02-01 00:00:00,False,VIRTUAL_ACCOUNT,7965,ACTIVE,1167.22,False,1
MCH9856,MCH9856,"Gala, Nadig and Borra",5411,mcc_field,False,Grocery,Grocery,Partnership,Lucknow,Uttar Pradesh,False,2025-10-13 23:24:00,False,VIRTUAL_ACCOUNT,3540,ACTIVE,1744.37,False,1
MCH9857,MCH-9857,Mitra-Bala,5311,mcc_field,False,Department Stores,Department Store,Partnership,Bengaluru,Karnataka,False,2024-01-15 00:21:39,False,ACCOUNT_NUMBER,6024,ACTIVE,507.74,False,1
MCH9858,MCH-9858,"Memon, Mohanty and Ghosh",4131,mcc_field,False,Transportation,Transport,Sole Proprietor,Mumbai,Maharashtra,False,2025-12-11 20:43:32,False,VIRTUAL_ACCOUNT,2372,ACTIVE,911.0,False,4
MCH9859,MCH9859,Mukherjee-Agate,5999,mcc_field,False,Misc Retail,Other,Sole Proprietor,Jalandhar,Punjab,False,,False,MISSING,,ACTIVE,158.0,False,1
MCH9861,MCH 9861,"Mukherjee, Murthy and Jani",4131,mcc_field,False,Transportation,Transport,Private Limited,Ludhiana,Punjab,False,2025-06-22 00:00:00,False,MISSING,,ACTIVE,719.77,False,1
MCH9865,MCH9865,Minhas Plc,5942,mcc_field,False,Books & Stationery,Books,Private Limited,Delhi,Delhi,False,2025-11-29 00:00:00,False,MISSING,,ACTIVE,334.0,False,1
MCH9866,MCH9866,Sane-Dar,4814,mcc_field,False,Telecom,phone service,Partnership,Lucknow,Uttar Pradesh,False,2024-04-11 00:00:00,False,MISSING,,ACTIVE,910.27,False,2
MCH9867,MCH9867,Tripathi Ltd,5942,mcc_field,False,Books & Stationery,BOOKS_STATIONERY,Individual,Hyderabad,Telangana,False,2024-11-01 00:43:00,False,MISSING,,ACTIVE,936.0,False,2
MCH9868,MCH9868,"Narain, Dada and Panchal",4814,mcc_field,False,Telecom,Telecom,Sole Proprietor,Pune,Maharashtra,False,2026-02-28 00:00:00,False,ACCOUNT_NUMBER,7397,INACTIVE,236.45,True,2
MCH9877,MCH9877,"Garde, Sabharwal and Prashad",5942,mcc_field,False,Books & Stationery,Stationery,Private Limited,Hyderabad,Telangana,False,2024-03-02 00:00:00,False,ACCOUNT_NUMBER,0532,ACTIVE,1246.91,False,2
MCH9879,9879,Venkataraman-Tata,4814,mcc_field,False,Telecom,Mobile Recharge,Individual,Ludhiana,Punjab,False,2024-01-04 00:00:00,False,ACCOUNT_NUMBER,0897,INACTIVE,2839.66,False,1
MCH9881,MCH9881,Kalla-Tara,5411,mcc_field,False,Grocery,Grocery,Private Limited,Delhi,Delhi,False,2025-04-10 00:00:00,False,MISSING,,ACTIVE,1174.86,False,1
MCH9882,mch9882,Joshi Plc,4814,mcc_field,False,Telecom,Mobile Recharge,Sole Proprietor,Jaipur,Rajasthan,False,,False,MISSING,,ACTIVE,320.23,False,1
MCH9883,MCH9883,"Korpal, Bera and Sachdeva",4814,mcc_field,False,Telecom,phone service,Partnership,Bengaluru,Karnataka,False,2025-07-08 00:00:00,False,MISSING,,ACTIVE,1595.57,False,2
MCH9884,MCH9884,Sidhu Group,7011,mcc_field,False,Hotels & Lodging,HOTEL_LODGING,Partnership,Chennai,Tamil Nadu,False,2023-10-27 00:00:00,False,VIRTUAL_ACCOUNT,1060,ACTIVE,1570.58,False,1
MCH9888,MCH9888,"Contractor, Mohanty and Devi",5912,mcc_field,False,Pharmacy,Pharmacy,Sole Proprietor,Chennai,Tamil Nadu,False,2025-09-23 23:00:00,False,MASKED,3253,ACTIVE,1367.96,False,4
MCH9896,MCH9896,Dave-Vasa,5311,mcc_field,False,Department Stores,Retail,Partnership,Pune,Maharashtra,False,2023-09-30 00:00:00,False,MASKED,8599,ACTIVE,3148.67,False,2
MCH9897,MCH9897,Modi Plc,5699,mcc_field,False,Apparel,Fashion,Individual,Delhi,Delhi,False,2023-06-01 00:00:00,False,MISSING,,ACTIVE,1453.4,True,1
MCH9901,9901,Oommen Ltd,7011,mcc_field,False,Hotels & Lodging,Hotel,Sole Proprietor,Hyderabad,Telangana,False,2025-10-01 18:50:10,False,MASKED,3340,CLOSED,538.3,False,1
MCH9905,MCH 9905,Patel-S00d,7011,mcc_field,False,Hotels & Lodging,HOTEL_LODGING,Sole Proprietor,Jaipur,Rajasthan,False,2025-11-21 00:00:00,False,VIRTUAL_ACCOUNT,3100,ACTIVE,,False,1
MCH9906,MCH9906,"Raj, Goda and Rastogi",5912,mcc_field,False,Pharmacy,Pharmacy,Private Limited,Pune,Maharashtra,False,2025-01-31 00:00:00,False,ACCOUNT_NUMBER,2011,ACTIVE,543.33,False,2
MCH9909,MCH9909,"Gade, Tiwari and Solanki",5699,mcc_field,False,Apparel,CLOTHS,Individual,Pune,Maharashtra,False,2024-08-23 00:00:00,False,MASKED,1254,ACTIVE,2922.02,False,2
MCH9910,MCH9910,"Karan, Ram and Sengupta",5311,mcc_field,False,Department Stores,DEPT_STORE,Individual,Delhi,Delhi,False,2025-10-14 00:00:00,False,VIRTUAL_ACCOUNT,9661,ACTIVE,191.17,False,1
MCH9911,MCH9911,"Pal, Dash and Nagi",4131,mcc_field,False,Transportation,Transport,Individual,Mumbai,Maharashtra,False,2024-11-28 00:00:00,False,MASKED,9114,ACTIVE,1474.73,False,1
MCH9912,9912,"Gade, Bajaj and Zachariah",7011,mcc_field,False,Hotels & Lodging,Hotels,Sole Proprietor,Ludhiana,Punjab,False,2023-02-22 18:06:00,False,MISSING,,ACTIVE,564.0,False,1
MCH9913,MCH9913,Das Ltd,4814,mcc_field,False,Telecom,phone service,Partnership,Lucknow,Uttar Pradesh,False,2024-08-10 00:00:00,False,MISSING,,ACTIVE,442.64,False,1
MCH9914,MCH9914,"Parmar, Sekhon and Kakar",4131,mcc_field,False,Transportation,Bus/Taxi,Private Limited,Amritsar,Punjab,False,2025-12-15 03:30:38,False,ACCOUNT_NUMBER,2607,ACTIVE,1356.48,False,2
MCH9916,MCH9916,"Sur, Palla and Goyal",4814,mcc_field,False,Telecom,Telecom,Private Limited,Pune,Maharashtra,False,2023-09-04 08:24:31,False,ACCOUNT_NUMBER,2814,ACTIVE,282.0,False,1
MCH9918,MCH9918,"Jha, Kumer and Srivastava",5699,mcc_field,False,Apparel,CLOTHS,Sole Proprietor,Bengaluru,Karnataka,False,2024-01-16 02:34:09,False,VIRTUAL_ACCOUNT,0709,INACTIVE,902.09,False,2
MCH9919,MCH9919,"Ramaswamy,palland Bahri",5912,mcc_field,False,Pharmacy,Pharmacy,Private Limited,Mumbai,Maharashtra,False,2026-02-09 00:00:00,False,MISSING,,ACTIVE,1346.24,False,1
MCH9920,MCH 9920,Oommen-Mitra,5411,mcc_field,False,Grocery,kirana,Private Limited,Jaipur,Rajasthan,False,2024-01-17 00:00:00,False,ACCOUNT_NUMBER,9085,ACTIVE,767.57,False,1
MCH9921,MCH9921,"Datta, Chatterjee and Khalsa",4131,mcc_field,False,Transportation,Transport,Private Limited,Bengaluru,Karnataka,False,2024-02-22 00:00:00,False,MASKED,9256,ACTIVE,2964.42,False,1
MCH9922,MCH9922,Chand-Jain,5411,mcc_field,False,Grocery,GROCERY_STORE,Partnership,Chennai,Tamil Nadu,False,2023-09-10 00:00:00,False,MASKED,1121,ACTIVE,1800.0,False,1
MCH9927,MCH 9927,"Lall, Bali and Varughese",5812,mcc_field,False,Restaurants,Food,Sole Proprietor,Lucknow,Uttar Pradesh,False,2025-12-09 00:00:00,False,VIRTUAL_ACCOUNT,3313,ACTIVE,1410.0,False,1
MCH9928,MCH9928,Krishnan Inc,7011,inferred_from_category,False,Hotels & Lodging,Hospitality,Private Limited,Jaipur,Rajasthan,False,2025-05-06 06:23:57,False,ACCOUNT_NUMBER,1927,ACTIVE,477.53,False,2
MCH9930,mch9930,Kale LLC,5699,mcc_field,False,Apparel,CLOTHS,Sole Proprietor,Jaipur,Rajasthan,False,,False,MISSING,,ACTIVE,1917.92,False,1
MCH9931,MCH9931,"Wadhwa, Loyal and Bhat",4814,mcc_field,False,Telecom,Telecom,Partnership,Lucknow,Uttar Pradesh,False,2024-05-03 20:57:24,False,MISSING,,SUSPENDED,1226.34,True,2
MCH9933,MCH9933,Bali-Zachariah,5411,mcc_field,False,Grocery,Grocery Stores,Sole Proprietor,Jaipur,Rajasthan,False,2023-06-07 00:00:00,False,VIRTUAL_ACCOUNT,3410,ACTIVE,1549.0,False,1
MCH9935,MCH9935,Sahni-Barad,5999,mcc_field,False,Misc Retail,Miscellaneous,Partnership,Delhi,Delhi,False,2023-06-12 00:00:00,False,MISSING,,ACTIVE,1444.0,False,1
MCH9937,MCH9937,"Sant, Dada and Biswas",4814,mcc_field,False,Telecom,phone service,Partnership,Hyderabad,Telangana,False,2023-08-09 00:00:00,False,MISSING,,INACTIVE,663.0,False,1
MCH9940,MCH9940,Mutti-Chakraborty,5812,inferred_from_category,False,Restaurants,Restaurants,Private Limited,Jaipur,Rajasthan,False,2024-05-03 00:00:00,False,MISSING,,INACTIVE,1326.53,False,2
MCH9941,MCH9941,Bava and Sons,5999,mcc_field,False,Misc Retail,Other,Private Limited,Hyderabad,Telangana,False,2024-12-02 03:24:00,False,ACCOUNT_NUMBER,5432,ACTIVE,2534.64,True,2
MCH9942,MCH9942,"Sarma, Butala and Ganguly",5912,mcc_field,False,Pharmacy,MEDICAL_STORE,Sole Proprietor,Lucknow,Uttar Pradesh,False,2025-10-16 02:21:10,False,MISSING,,ACTIVE,,False,4
MCH9943,MCH9943,Mukhopadhyay-Kale,5699,mcc_field,False,Apparel,Fashion,Private Limited,Amritsar,Punjab,False,2025-11-30 15:51:23,False,VIRTUAL_ACCOUNT,2419,ACTIVE,2114.46,False,1
MCH9944,MCH 9944,"Parikh, Mutti and Saha",4131,mcc_field,False,Transportation,Transportation,Partnership,Jalandhar,Punjab,False,2025-08-03 12:22:46,False,VIRTUAL_ACCOUNT,1410,ACTIVE,1826.64,False,1
MCH9945,MCH9945,"Pant, Hayre and Pathak",4814,mcc_field,False,Telecom,Telecom,Private Limited,Jalandhar,Punjab,False,2025-07-14 00:56:49,False,MASKED,5088,ACTIVE,789.57,False,1
MCH9946,MCH9946,Jain LLC,5912,mcc_field,False,Pharmacy,Medical,Partnership,Pune,Maharashtra,False,2024-12-10 16:23:14,False,VIRTUAL_ACCOUNT,3595,ACTIVE,1421.0,False,2
MCH9947,MCH9947,Sarkar Ltd,5311,mcc_field,False,Department Stores,Department Stores,Individual,Ludhiana,Punjab,False,2023-06-25 00:00:00,False,VIRTUAL_ACCOUNT,2610,ACTIVE,,False,1
MCH9949,MCH9949,Lanka Ltd,4131,mcc_field,False,Transportation,TRAVEL,Sole Proprietor,Ludhiana,Punjab,False,2024-10-08 00:24:00,False,MISSING,,ACTIVE,4386.14,False,2
MCH9951,mch9951,Natt Group,5912,mcc_field,False,Pharmacy,Pharmacies,Partnership,Chennai,Tamil Nadu,False,2024-02-05 00:00:00,False,VIRTUAL_ACCOUNT,9043,ACTIVE,1765.37,False,1
MCH9952,mch9952,Vig-Doctor,4131,inferred_from_category,False,Transportation,TRAVEL,Private Limited,Lucknow,Uttar Pradesh,False,2024-10-27 00:00:00,False,MASKED,8487,ACTIVE,856.86,False,1
MCH9954,MCH 9954,"Dutta, Johal and Char",5699,mcc_field,False,Apparel,Apparel,Sole Proprietor,Delhi,Delhi,False,2025-12-23 00:00:00,False,VIRTUAL_ACCOUNT,1428,ACTIVE,3148.72,False,2
MCH9955,MCH9955,Nori-Nazareth,5699,mcc_field,False,Apparel,Fashion,Sole Proprietor,Delhi,Delhi,False,2024-05-22 02:32:54,False,MISSING,,SUSPENDED,673.27,False,2
MCH9956,MCH9956,"Sanghvi, Ghose and Din",5311,mcc_field,False,Department Stores,Department Stores,Private Limited,Delhi,Delhi,False,2025-11-29 16:15:00,False,MISSING,,ACTIVE,2309.81,False,2
MCH9957,MCH9957,"Chatterjee, Goda and Saraf",4814,mcc_field,False,Telecom,TELECOM,Sole Proprietor,Ludhiana,Punjab,False,2025-05-10 05:24:35,False,MASKED,6546,ACTIVE,533.81,False,2
MCH9963,MCH-9963,Mahajan and Sons,5942,mcc_field,False,Books & Stationery,Book Store,Partnership,Jaipur,Rajasthan,False,2025-01-19 07:33:36,False,ACCOUNT_NUMBER,6758,ACTIVE,7342.46,False,1
MCH9964,MCH-9964,Dua Inc,4131,mcc_field,False,Transportation,Transportation,Sole Proprietor,Mumbai,Maharashtra,False,2023-02-06 00:00:00,False,MISSING,,INACTIVE,794.67,False,1
MCH9966,MCH9966,Toor Group,5999,inferred_from_category,False,Misc Retail,Retail Other,Partnership,Kolkata,West Bengal,False,2024-03-11 00:00:00,False,ACCOUNT_NUMBER,5380,ACTIVE,681.04,False,2
MCH9967,MCH-9967,Kaul LLC,5812,mcc_field,False,Restaurants,eating place,Individual,Lucknow,Uttar Pradesh,False,2023-12-23 00:00:00,False,VIRTUAL_ACCOUNT,0442,ACTIVE,4200.0,False,1
MCH9968,MCH9968,Kata-Bawa,5311,mcc_field,False,Department Stores,Department Stores,Private Limited,Lucknow,Uttar Pradesh,False,2025-09-01 12:08:34,False,MISSING,,ACTIVE,2070.31,False,2
MCH9969,MCH 9969,Tiwari and Sons,5942,mcc_field,False,Books & Stationery,BOOKS_STATIONERY,Private Limited,Ludhiana,Punjab,False,2023-01-15 00:00:00,False,ACCOUNT_NUMBER,1860,INACTIVE,1542.28,False,1
MCH9972,MCH9972,"Bakshi, Tata and Parmer",5311,mcc_field,False,Department Stores,Department Stores,Sole Proprietor,Hyderabad,Telangana,False,2024-08-14 00:00:00,False,VIRTUAL_ACCOUNT,4296,ACTIVE,1398.48,False,1
MCH9973,MCH-9973,"Parsa, Loyal and Pai",4814,mcc_field,False,Telecom,phone service,Partnership,Lucknow,Uttar Pradesh,False,2024-04-19 00:00:00,False,VIRTUAL_ACCOUNT,4016,ACTIVE,1836.29,False,1
MCH9975,MCH 9975,Nadkarni-Sane,5999,mcc_field,False,Misc Retail,Misc Retail,Sole Proprietor,Delhi,Delhi,False,2025-08-02 00:00:00,False,MASKED,7415,ACTIVE,4465.19,False,2
MCH9977,MCH9977,Mohanty-Desai,4814,mcc_field,False,Telecom,Telecom,Sole Proprietor,Mumbai,Maharashtra,False,2023-02-13 00:00:00,False,ACCOUNT_NUMBER,4001,ACTIVE,845.52,False,1
MCH9979,MCH9979,"Bandi, Gupta and Sarma",4131,mcc_field,False,Transportation,Transportation,Private Limited,Ludhiana,Punjab,False,2023-04-13 00:00:00,False,MISSING,,BLOCKED,979.52,True,1
MCH9983,MCH9983,Bhagat Group,5411,mcc_field,False,Grocery,GROCERY_STORE,Individual,Pune,Maharashtra,False,2025-11-27 00:00:00,False,MASKED,2568,ACTIVE,3669.57,False,1
MCH9984,MCH9984,"Dash, Radhakrishnan and Singh",4131,mcc_field,False,Transportation,Transport,Sole Proprietor,Amritsar,Punjab,False,2025-11-01 00:00:00,False,ACCOUNT_NUMBER,5597,ACTIVE,956.87,False,2
MCH9986,MCH9986,Tak Ltd,4131,mcc_field,False,Transportation,transprt,Partnership,Delhi,Delhi,False,2025-01-21 00:00:00,False,VIRTUAL_ACCOUNT,9722,ACTIVE,1750.99,True,1
MCH9988,MCH-9988,"Johal, Padmanabhan and Sagar",5912,inferred_from_category,False,Pharmacy,Medical,Individual,Delhi,Delhi,False,2026-02-02 00:00:00,False,MISSING,,ACTIVE,1620.14,False,1
MCH9990,MCH9990,Mishra Inc,5912,mcc_field,False,Pharmacy,MEDICAL_STORE,Private Limited,Mumbai,Maharashtra,False,2023-02-18 00:00:00,False,MASKED,3137,ACTIVE,970.05,False,1
MCH9992,MCH9992,Rajagopalan Plc,7011,mcc_field,False,Hotels & Lodging,HOTEL_LODGING,Sole Proprietor,Bengaluru,Karnataka,False,2024-02-07 00:00:00,False,ACCOUNT_NUMBER,3993,ACTIVE,577.93,False,2
MCH9993,MCH 9993,Chadha-Tailor,5942,mcc_field,False,Books & Stationery,Book Store,Private Limited,Ludhiana,Punjab,False,2026-01-05 00:00:00,False,MISSING,,INACTIVE,2368.65,False,1
MCH9994,MCH9994,"Barad, Lall and Shetty",5942,mcc_field,False,Books & Stationery,Stationery,Partnership,Delhi,Delhi,False,2026-01-13 00:00:00,False,ACCOUNT_NUMBER,2579,ACTIVE,1588.48,False,1
MCH9995,MCH9995,Ben-Krish,5311,inferred_from_category,False,Department Stores,Retail,Sole Proprietor,Pune,Maharashtra,False,2025-09-11 20:22:00,False,VIRTUAL_ACCOUNT,5281,ACTIVE,2919.94,False,1
MCH9996,MCH 9996,Kala-Nadkarni,5699,mcc_field,False,Apparel,Apparel,Private Limited,Delhi,Delhi,False,2023-01-03 00:00:00,False,MASKED,7769,ACTIVE,628.11,False,1
MCH9997,MCH 9997,"Kalita, Dass and Balay",5999,mcc_field,False,Misc Retail,misc retail,Individual,Ludhiana,Punjab,False,2023-07-12 00:00:00,False,MASKED,2557,ACTIVE,2233.91,False,2
MCH9999,9999,"Konda, Subramanian and Rau",5999,mcc_field,False,Misc Retail,Retail Other,Individual,Mumbai,Maharashtra,False,2024-01-16 20:59:00,False,MISSING,,ACTIVE,510.0,False,1
